return_id,order_id,return_reason,return_date
R0000001,O00000020,Quality issue,2025-11-21
R0000002,O00000053,Size issue,2024-09-09
R0000003,O00000056,Damaged item,2025-03-11
R0000004,O00000145,Quality issue,2023-12-17
R0000005,O00000224,Wrong item,2024-09-12
R0000006,O00000249,Changed mind,2024-10-18
R0000007,O00000264,Size issue,2026-01-08
R0000008,O00000277,Quality issue,2025-10-22
R0000009,O00000278,Late delivery,2025-11-10
R0000010,O00000287,Late delivery,2024-07-02
R0000011,O00000343,Size issue,2026-01-09
R0000012,O00000344,Quality issue,2024-06-28
R0000013,O00000348,Damaged item,2023-12-27
R0000014,O00000374,Quality issue,2024-01-09
R0000015,O00000379,Late delivery,2024-05-23
R0000016,O00000383,Late delivery,2025-01-09
R0000017,O00000536,Quality issue,2024-11-05
R0000018,O00000544,Wrong item,2025-08-07
R0000019,O00000546,Wrong item,2025-11-30
R0000020,O00000550,Changed mind,2025-02-04
R0000021,O00000587,Size issue,2023-11-21
R0000022,O00000657,Quality issue,2025-09-07
R0000023,O00000679,Quality issue,2025-07-23
R0000024,O00000690,Wrong item,2025-04-06
R0000025,O00000713,Quality issue,2025-12-24
R0000026,O00000715,Damaged item,2024-11-01
R0000027,O00000738,Wrong item,2025-02-06
R0000028,O00000762,Damaged item,2025-08-02
R0000029,O00000772,Wrong item,2025-10-04
R0000030,O00000787,Quality issue,2024-11-25
R0000031,O00000789,Late delivery,2025-02-15
R0000032,O00000796,Size issue,2025-06-01
R0000033,O00000804,Late delivery,2025-12-30
R0000034,O00000834,Wrong item,2025-06-20
R0000035,O00000876,Changed mind,2024-12-01
R0000036,O00000892,Damaged item,2025-10-10
R0000037,O00000958,Late delivery,2025-06-17
R0000038,O00000981,Damaged item,2025-03-08
R0000039,O00000998,Damaged item,2025-12-21
R0000040,O00001022,Late delivery,2025-11-15
R0000041,O00001045,Damaged item,2025-12-29
R0000042,O00001060,Changed mind,2025-12-01
R0000043,O00001098,Damaged item,2025-11-28
R0000044,O00001120,Quality issue,2025-11-29
R0000045,O00001134,Changed mind,2024-05-31
R0000046,O00001182,Changed mind,2025-08-10
R0000047,O00001204,Changed mind,2025-11-05
R0000048,O00001222,Wrong item,2025-07-20
R0000049,O00001254,Quality issue,2024-03-16
R0000050,O00001257,Changed mind,2023-11-07
R0000051,O00001271,Changed mind,2023-04-16
R0000052,O00001277,Changed mind,2024-01-13
R0000053,O00001283,Quality issue,2024-10-31
R0000054,O00001288,Late delivery,2025-07-09
R0000055,O00001290,Late delivery,2025-08-02
R0000056,O00001303,Wrong item,2024-10-22
R0000057,O00001349,Damaged item,2026-01-08
R0000058,O00001386,Quality issue,2024-10-19
R0000059,O00001410,Wrong item,2024-02-20
R0000060,O00001414,Wrong item,2025-07-30
R0000061,O00001418,Wrong item,2023-09-19
R0000062,O00001447,Late delivery,2024-03-16
R0000063,O00001514,Quality issue,2025-12-16
R0000064,O00001526,Quality issue,2024-01-02
R0000065,O00001551,Quality issue,2025-04-04
R0000066,O00001586,Late delivery,2024-10-13
R0000067,O00001601,Damaged item,2025-08-21
R0000068,O00001609,Quality issue,2024-08-27
R0000069,O00001634,Size issue,2025-11-27
R0000070,O00001637,Quality issue,2025-12-03
R0000071,O00001665,Damaged item,2024-12-22
R0000072,O00001684,Quality issue,2024-03-18
R0000073,O00001689,Size issue,2024-10-11
R0000074,O00001696,Wrong item,2023-12-31
R0000075,O00001697,Damaged item,2024-08-24
R0000076,O00001727,Late delivery,2025-12-28
R0000077,O00001731,Late delivery,2023-10-21
R0000078,O00001754,Late delivery,2024-12-26
R0000079,O00001774,Damaged item,2025-06-29
R0000080,O00001782,Size issue,2025-11-28
R0000081,O00001795,Damaged item,2025-08-09
R0000082,O00001797,Quality issue,2025-12-08
R0000083,O00001807,Damaged item,2025-11-20
R0000084,O00001847,Quality issue,2024-10-04
R0000085,O00001855,Changed mind,2025-03-10
R0000086,O00001873,Late delivery,2025-09-30
R0000087,O00001892,Damaged item,2024-12-31
R0000088,O00001901,Damaged item,2024-05-20
R0000089,O00001925,Changed mind,2025-03-23
R0000090,O00001929,Size issue,2025-08-12
R0000091,O00001961,Late delivery,2025-11-24
R0000092,O00001978,Late delivery,2025-07-04
R0000093,O00001994,Late delivery,2026-01-14
R0000094,O00002004,Wrong item,2025-11-19
R0000095,O00002006,Changed mind,2025-02-12
R0000096,O00002008,Wrong item,2025-10-21
R0000097,O00002027,Changed mind,2024-12-23
R0000098,O00002039,Damaged item,2025-04-15
R0000099,O00002042,Quality issue,2025-12-12
R0000100,O00002082,Wrong item,2024-03-21
R0000101,O00002088,Damaged item,2024-09-04
R0000102,O00002105,Size issue,2025-12-19
R0000103,O00002141,Changed mind,2025-07-31
R0000104,O00002170,Quality issue,2025-12-10
R0000105,O00002175,Wrong item,2023-10-13
R0000106,O00002183,Quality issue,2026-01-08
R0000107,O00002226,Late delivery,2024-06-11
R0000108,O00002256,Damaged item,2025-10-25
R0000109,O00002276,Late delivery,2025-11-06
R0000110,O00002278,Damaged item,2023-09-25
R0000111,O00002281,Size issue,2023-12-10
R0000112,O00002290,Quality issue,2025-12-15
R0000113,O00002309,Size issue,2024-03-28
R0000114,O00002315,Damaged item,2025-07-17
R0000115,O00002321,Damaged item,2025-06-14
R0000116,O00002338,Changed mind,2023-05-06
R0000117,O00002359,Quality issue,2024-11-27
R0000118,O00002369,Changed mind,2025-04-03
R0000119,O00002378,Size issue,2025-11-03
R0000120,O00002385,Quality issue,2025-12-16
R0000121,O00002417,Quality issue,2024-09-21
R0000122,O00002418,Quality issue,2025-01-17
R0000123,O00002428,Wrong item,2024-04-09
R0000124,O00002442,Quality issue,2024-12-31
R0000125,O00002448,Changed mind,2025-11-27
R0000126,O00002499,Quality issue,2025-11-11
R0000127,O00002531,Quality issue,2025-12-08
R0000128,O00002555,Size issue,2024-03-02
R0000129,O00002556,Late delivery,2025-08-07
R0000130,O00002568,Size issue,2025-05-28
R0000131,O00002580,Quality issue,2024-12-07
R0000132,O00002593,Damaged item,2025-04-20
R0000133,O00002620,Quality issue,2025-12-15
R0000134,O00002640,Damaged item,2025-11-13
R0000135,O00002659,Size issue,2025-01-21
R0000136,O00002737,Quality issue,2024-09-20
R0000137,O00002756,Late delivery,2025-10-11
R0000138,O00002758,Changed mind,2025-12-23
R0000139,O00002770,Size issue,2025-08-21
R0000140,O00002801,Quality issue,2023-04-08
R0000141,O00002807,Size issue,2025-05-02
R0000142,O00002814,Damaged item,2025-11-23
R0000143,O00002820,Wrong item,2025-08-12
R0000144,O00002844,Changed mind,2024-06-02
R0000145,O00002851,Size issue,2025-03-19
R0000146,O00002892,Late delivery,2025-11-17
R0000147,O00002910,Size issue,2025-11-06
R0000148,O00002929,Changed mind,2024-10-24
R0000149,O00002999,Quality issue,2025-08-26
R0000150,O00003018,Damaged item,2025-12-17
R0000151,O00003040,Late delivery,2024-09-16
R0000152,O00003095,Changed mind,2025-04-25
R0000153,O00003134,Size issue,2025-08-24
R0000154,O00003195,Late delivery,2025-12-21
R0000155,O00003214,Quality issue,2025-07-08
R0000156,O00003241,Size issue,2025-07-16
R0000157,O00003252,Quality issue,2025-07-09
R0000158,O00003299,Wrong item,2024-12-19
R0000159,O00003305,Size issue,2026-01-02
R0000160,O00003348,Quality issue,2024-11-29
R0000161,O00003352,Late delivery,2023-12-29
R0000162,O00003358,Changed mind,2024-12-13
R0000163,O00003394,Changed mind,2025-10-12
R0000164,O00003427,Wrong item,2024-07-21
R0000165,O00003431,Wrong item,2025-07-25
R0000166,O00003440,Quality issue,2024-04-15
R0000167,O00003473,Quality issue,2024-09-05
R0000168,O00003484,Size issue,2025-12-30
R0000169,O00003486,Changed mind,2026-01-17
R0000170,O00003503,Changed mind,2025-07-15
R0000171,O00003541,Quality issue,2024-11-06
R0000172,O00003644,Changed mind,2025-10-01
R0000173,O00003686,Late delivery,2025-03-29
R0000174,O00003703,Changed mind,2025-04-16
R0000175,O00003751,Damaged item,2024-08-05
R0000176,O00003762,Wrong item,2025-12-23
R0000177,O00003846,Wrong item,2025-03-28
R0000178,O00003855,Quality issue,2024-08-08
R0000179,O00003863,Size issue,2024-02-19
R0000180,O00003868,Late delivery,2026-01-06
R0000181,O00003893,Late delivery,2025-08-22
R0000182,O00003901,Quality issue,2025-08-31
R0000183,O00003923,Damaged item,2025-12-14
R0000184,O00003971,Wrong item,2025-10-04
R0000185,O00003976,Late delivery,2025-01-01
R0000186,O00004029,Size issue,2024-05-03
R0000187,O00004048,Late delivery,2025-03-14
R0000188,O00004086,Size issue,2026-01-26
R0000189,O00004092,Wrong item,2025-10-18
R0000190,O00004104,Size issue,2025-05-13
R0000191,O00004107,Late delivery,2026-01-24
R0000192,O00004160,Late delivery,2024-10-04
R0000193,O00004172,Damaged item,2025-02-11
R0000194,O00004173,Damaged item,2026-02-01
R0000195,O00004180,Quality issue,2025-06-25
R0000196,O00004186,Late delivery,2024-09-10
R0000197,O00004202,Quality issue,2025-11-13
R0000198,O00004206,Late delivery,2025-01-27
R0000199,O00004210,Damaged item,2023-08-10
R0000200,O00004219,Damaged item,2025-08-28
R0000201,O00004241,Damaged item,2023-05-01
R0000202,O00004274,Late delivery,2023-09-12
R0000203,O00004283,Quality issue,2025-12-28
R0000204,O00004290,Quality issue,2025-12-24
R0000205,O00004318,Damaged item,2025-12-17
R0000206,O00004320,Size issue,2026-01-10
R0000207,O00004338,Changed mind,2024-10-18
R0000208,O00004344,Late delivery,2025-01-29
R0000209,O00004359,Late delivery,2025-01-16
R0000210,O00004390,Wrong item,2024-08-20
R0000211,O00004399,Quality issue,2025-12-15
R0000212,O00004425,Changed mind,2025-10-09
R0000213,O00004463,Wrong item,2026-01-22
R0000214,O00004476,Wrong item,2025-01-06
R0000215,O00004478,Late delivery,2025-07-13
R0000216,O00004493,Size issue,2025-09-18
R0000217,O00004494,Damaged item,2025-10-16
R0000218,O00004512,Quality issue,2025-12-14
R0000219,O00004558,Wrong item,2025-03-07
R0000220,O00004569,Changed mind,2026-01-14
R0000221,O00004580,Late delivery,2025-10-14
R0000222,O00004620,Late delivery,2025-10-27
R0000223,O00004636,Changed mind,2025-06-15
R0000224,O00004648,Quality issue,2025-01-07
R0000225,O00004663,Quality issue,2025-02-03
R0000226,O00004679,Late delivery,2024-10-08
R0000227,O00004725,Damaged item,2025-10-03
R0000228,O00004731,Damaged item,2024-04-28
R0000229,O00004743,Damaged item,2025-10-16
R0000230,O00004768,Damaged item,2025-09-12
R0000231,O00004778,Damaged item,2025-12-24
R0000232,O00004779,Damaged item,2025-09-22
R0000233,O00004800,Changed mind,2025-03-08
R0000234,O00004811,Damaged item,2023-12-03
R0000235,O00004815,Damaged item,2024-08-17
R0000236,O00004818,Quality issue,2025-10-14
R0000237,O00004819,Late delivery,2025-10-23
R0000238,O00004834,Late delivery,2025-05-20
R0000239,O00004847,Late delivery,2023-10-23
R0000240,O00004868,Wrong item,2025-04-28
R0000241,O00004869,Wrong item,2025-08-25
R0000242,O00004912,Late delivery,2025-08-04
R0000243,O00004935,Quality issue,2025-10-26
R0000244,O00004940,Changed mind,2025-04-29
R0000245,O00004961,Quality issue,2025-01-15
R0000246,O00004978,Size issue,2025-08-12
R0000247,O00004989,Damaged item,2026-01-17
R0000248,O00004998,Damaged item,2024-12-18
R0000249,O00005017,Late delivery,2025-08-21
R0000250,O00005029,Damaged item,2024-12-28
R0000251,O00005032,Damaged item,2026-01-04
R0000252,O00005036,Damaged item,2025-08-25
R0000253,O00005081,Late delivery,2024-12-17
R0000254,O00005090,Damaged item,2025-05-30
R0000255,O00005131,Size issue,2024-10-24
R0000256,O00005133,Late delivery,2024-12-28
R0000257,O00005178,Size issue,2025-10-08
R0000258,O00005182,Changed mind,2026-01-04
R0000259,O00005228,Damaged item,2025-10-18
R0000260,O00005239,Late delivery,2025-11-23
R0000261,O00005254,Late delivery,2025-11-29
R0000262,O00005315,Damaged item,2024-12-24
R0000263,O00005318,Wrong item,2025-01-31
R0000264,O00005324,Quality issue,2025-05-23
R0000265,O00005326,Quality issue,2025-06-29
R0000266,O00005331,Damaged item,2025-12-15
R0000267,O00005336,Quality issue,2026-01-23
R0000268,O00005361,Quality issue,2024-09-04
R0000269,O00005394,Changed mind,2025-09-03
R0000270,O00005404,Size issue,2024-04-03
R0000271,O00005419,Changed mind,2025-12-22
R0000272,O00005452,Damaged item,2025-12-27
R0000273,O00005457,Wrong item,2025-07-03
R0000274,O00005461,Wrong item,2024-01-01
R0000275,O00005473,Wrong item,2024-12-20
R0000276,O00005482,Quality issue,2024-06-24
R0000277,O00005519,Late delivery,2025-11-08
R0000278,O00005538,Damaged item,2025-01-09
R0000279,O00005546,Quality issue,2025-07-13
R0000280,O00005575,Damaged item,2024-12-06
R0000281,O00005601,Damaged item,2024-11-03
R0000282,O00005610,Changed mind,2025-07-31
R0000283,O00005622,Late delivery,2025-05-14
R0000284,O00005634,Changed mind,2026-01-11
R0000285,O00005655,Changed mind,2025-11-09
R0000286,O00005662,Damaged item,2024-05-20
R0000287,O00005667,Damaged item,2025-07-10
R0000288,O00005668,Damaged item,2025-07-31
R0000289,O00005819,Damaged item,2025-11-07
R0000290,O00005822,Changed mind,2024-11-29
R0000291,O00005828,Changed mind,2025-11-22
R0000292,O00005833,Late delivery,2025-10-11
R0000293,O00005838,Damaged item,2025-12-23
R0000294,O00005849,Wrong item,2024-10-02
R0000295,O00005871,Changed mind,2025-07-03
R0000296,O00005880,Damaged item,2024-12-15
R0000297,O00005912,Quality issue,2024-02-04
R0000298,O00005919,Quality issue,2024-02-17
R0000299,O00005924,Changed mind,2025-07-11
R0000300,O00005942,Quality issue,2024-02-02
R0000301,O00005971,Late delivery,2023-07-22
R0000302,O00005982,Wrong item,2024-09-07
R0000303,O00005991,Quality issue,2025-12-17
R0000304,O00006014,Damaged item,2025-08-17
R0000305,O00006056,Size issue,2026-01-09
R0000306,O00006087,Late delivery,2025-12-07
R0000307,O00006097,Wrong item,2025-08-24
R0000308,O00006106,Damaged item,2025-12-16
R0000309,O00006113,Quality issue,2025-04-24
R0000310,O00006133,Damaged item,2025-11-24
R0000311,O00006155,Quality issue,2023-08-24
R0000312,O00006169,Late delivery,2026-01-12
R0000313,O00006203,Changed mind,2025-10-24
R0000314,O00006228,Quality issue,2024-07-18
R0000315,O00006245,Size issue,2023-11-03
R0000316,O00006250,Size issue,2024-02-17
R0000317,O00006263,Size issue,2025-12-13
R0000318,O00006274,Quality issue,2023-12-11
R0000319,O00006284,Quality issue,2025-01-03
R0000320,O00006287,Quality issue,2025-05-31
R0000321,O00006311,Changed mind,2024-12-28
R0000322,O00006323,Wrong item,2025-11-27
R0000323,O00006356,Quality issue,2025-11-27
R0000324,O00006365,Late delivery,2025-12-29
R0000325,O00006395,Size issue,2025-03-18
R0000326,O00006397,Damaged item,2025-08-18
R0000327,O00006407,Quality issue,2024-08-19
R0000328,O00006418,Wrong item,2025-07-17
R0000329,O00006445,Quality issue,2025-10-13
R0000330,O00006451,Late delivery,2025-05-28
R0000331,O00006470,Changed mind,2025-11-20
R0000332,O00006474,Quality issue,2025-12-19
R0000333,O00006518,Damaged item,2025-01-17
R0000334,O00006551,Changed mind,2024-09-07
R0000335,O00006554,Changed mind,2023-09-26
R0000336,O00006556,Damaged item,2023-10-09
R0000337,O00006574,Late delivery,2023-04-27
R0000338,O00006599,Wrong item,2025-11-04
R0000339,O00006625,Damaged item,2024-04-05
R0000340,O00006647,Size issue,2024-09-04
R0000341,O00006680,Size issue,2024-01-27
R0000342,O00006691,Changed mind,2024-11-05
R0000343,O00006716,Late delivery,2025-12-07
R0000344,O00006726,Quality issue,2024-06-04
R0000345,O00006737,Size issue,2023-05-15
R0000346,O00006738,Size issue,2023-08-21
R0000347,O00006748,Late delivery,2025-01-17
R0000348,O00006778,Damaged item,2025-03-25
R0000349,O00006789,Damaged item,2025-04-02
R0000350,O00006801,Wrong item,2025-08-03
R0000351,O00006836,Changed mind,2023-05-05
R0000352,O00006838,Size issue,2023-08-01
R0000353,O00006842,Size issue,2024-03-02
R0000354,O00006892,Quality issue,2025-09-10
R0000355,O00006924,Size issue,2024-05-02
R0000356,O00006940,Wrong item,2025-11-19
R0000357,O00006941,Damaged item,2025-12-02
R0000358,O00006951,Size issue,2025-07-25
R0000359,O00006958,Quality issue,2025-07-21
R0000360,O00006972,Damaged item,2024-11-01
R0000361,O00006976,Changed mind,2025-05-26
R0000362,O00007000,Quality issue,2025-09-18
R0000363,O00007010,Damaged item,2024-07-26
R0000364,O00007015,Size issue,2024-01-05
R0000365,O00007037,Wrong item,2026-01-15
R0000366,O00007099,Quality issue,2023-07-15
R0000367,O00007119,Wrong item,2025-07-27
R0000368,O00007120,Late delivery,2023-05-24
R0000369,O00007150,Quality issue,2024-07-22
R0000370,O00007177,Changed mind,2025-08-23
R0000371,O00007183,Size issue,2025-11-26
R0000372,O00007204,Wrong item,2025-12-22
R0000373,O00007207,Damaged item,2023-12-28
R0000374,O00007241,Changed mind,2024-11-05
R0000375,O00007281,Quality issue,2025-04-22
R0000376,O00007303,Size issue,2025-12-28
R0000377,O00007307,Wrong item,2023-04-30
R0000378,O00007313,Quality issue,2025-05-27
R0000379,O00007328,Wrong item,2024-10-05
R0000380,O00007341,Late delivery,2025-09-24
R0000381,O00007364,Late delivery,2025-08-16
R0000382,O00007370,Damaged item,2025-03-11
R0000383,O00007380,Damaged item,2026-01-23
R0000384,O00007423,Changed mind,2025-04-29
R0000385,O00007438,Size issue,2023-10-31
R0000386,O00007517,Size issue,2024-09-21
R0000387,O00007521,Wrong item,2025-03-05
R0000388,O00007536,Damaged item,2023-01-31
R0000389,O00007631,Damaged item,2025-08-22
R0000390,O00007641,Quality issue,2025-06-06
R0000391,O00007642,Damaged item,2025-01-12
R0000392,O00007645,Wrong item,2025-11-28
R0000393,O00007670,Quality issue,2024-08-27
R0000394,O00007721,Size issue,2024-01-11
R0000395,O00007743,Late delivery,2023-11-28
R0000396,O00007767,Quality issue,2023-10-21
R0000397,O00007788,Quality issue,2025-08-22
R0000398,O00007795,Quality issue,2025-11-30
R0000399,O00007817,Late delivery,2025-11-18
R0000400,O00007821,Quality issue,2025-11-08
R0000401,O00007868,Wrong item,2025-08-09
R0000402,O00007881,Size issue,2025-04-24
R0000403,O00007950,Changed mind,2024-03-28
R0000404,O00007959,Late delivery,2024-06-22
R0000405,O00007962,Quality issue,2025-07-11
R0000406,O00007970,Late delivery,2025-10-27
R0000407,O00007989,Late delivery,2025-08-23
R0000408,O00008003,Size issue,2025-09-10
R0000409,O00008009,Quality issue,2026-01-02
R0000410,O00008010,Size issue,2025-05-28
R0000411,O00008015,Quality issue,2025-12-26
R0000412,O00008054,Wrong item,2025-12-03
R0000413,O00008072,Quality issue,2025-12-11
R0000414,O00008081,Wrong item,2025-10-24
R0000415,O00008111,Size issue,2024-05-15
R0000416,O00008142,Wrong item,2025-06-21
R0000417,O00008157,Late delivery,2025-04-01
R0000418,O00008171,Changed mind,2024-07-18
R0000419,O00008183,Late delivery,2025-12-30
R0000420,O00008231,Wrong item,2026-01-04
R0000421,O00008306,Size issue,2025-07-15
R0000422,O00008332,Size issue,2025-05-09
R0000423,O00008352,Late delivery,2025-06-15
R0000424,O00008364,Late delivery,2025-10-30
R0000425,O00008371,Late delivery,2025-12-22
R0000426,O00008385,Quality issue,2025-12-05
R0000427,O00008388,Damaged item,2025-12-24
R0000428,O00008429,Late delivery,2024-09-11
R0000429,O00008431,Wrong item,2025-01-13
R0000430,O00008438,Late delivery,2025-11-21
R0000431,O00008538,Wrong item,2023-02-09
R0000432,O00008540,Damaged item,2025-08-09
R0000433,O00008548,Late delivery,2025-09-05
R0000434,O00008552,Size issue,2025-10-31
R0000435,O00008581,Wrong item,2025-10-04
R0000436,O00008582,Late delivery,2025-10-11
R0000437,O00008601,Quality issue,2025-03-03
R0000438,O00008641,Changed mind,2025-05-24
R0000439,O00008655,Late delivery,2025-08-16
R0000440,O00008658,Size issue,2025-10-19
R0000441,O00008662,Late delivery,2026-01-04
R0000442,O00008667,Quality issue,2023-12-24
R0000443,O00008689,Late delivery,2025-11-16
R0000444,O00008751,Changed mind,2025-02-15
R0000445,O00008774,Size issue,2025-07-19
R0000446,O00008784,Late delivery,2024-01-10
R0000447,O00008802,Size issue,2025-04-15
R0000448,O00008834,Late delivery,2023-12-12
R0000449,O00008840,Wrong item,2024-10-14
R0000450,O00008862,Late delivery,2025-07-09
R0000451,O00008872,Damaged item,2024-12-31
R0000452,O00008891,Late delivery,2025-09-21
R0000453,O00008902,Late delivery,2023-07-10
R0000454,O00008906,Quality issue,2025-07-28
R0000455,O00008937,Damaged item,2024-12-11
R0000456,O00008941,Damaged item,2025-11-26
R0000457,O00008958,Late delivery,2025-08-16
R0000458,O00009006,Damaged item,2025-08-13
R0000459,O00009012,Changed mind,2025-05-05
R0000460,O00009048,Damaged item,2025-11-17
R0000461,O00009060,Wrong item,2024-10-23
R0000462,O00009077,Changed mind,2023-04-03
R0000463,O00009079,Wrong item,2023-08-12
R0000464,O00009105,Quality issue,2025-07-08
R0000465,O00009108,Wrong item,2025-09-24
R0000466,O00009136,Late delivery,2025-04-25
R0000467,O00009137,Wrong item,2025-05-19
R0000468,O00009162,Quality issue,2025-02-22
R0000469,O00009171,Quality issue,2023-11-10
R0000470,O00009173,Late delivery,2024-02-16
R0000471,O00009180,Late delivery,2025-01-01
R0000472,O00009208,Quality issue,2025-01-10
R0000473,O00009209,Quality issue,2025-02-09
R0000474,O00009228,Quality issue,2025-03-02
R0000475,O00009234,Damaged item,2025-11-20
R0000476,O00009250,Size issue,2026-01-25
R0000477,O00009252,Changed mind,2025-04-25
R0000478,O00009253,Wrong item,2025-04-22
R0000479,O00009258,Wrong item,2025-03-24
R0000480,O00009294,Late delivery,2024-06-07
R0000481,O00009311,Damaged item,2025-07-25
R0000482,O00009338,Quality issue,2024-12-19
R0000483,O00009371,Size issue,2025-10-11
R0000484,O00009403,Wrong item,2026-01-20
R0000485,O00009419,Late delivery,2025-06-21
R0000486,O00009435,Damaged item,2024-06-21
R0000487,O00009437,Changed mind,2024-07-29
R0000488,O00009445,Damaged item,2025-12-03
R0000489,O00009463,Quality issue,2025-05-27
R0000490,O00009496,Changed mind,2025-12-26
R0000491,O00009528,Damaged item,2025-11-09
R0000492,O00009543,Late delivery,2023-09-16
R0000493,O00009547,Wrong item,2024-10-21
R0000494,O00009568,Size issue,2025-10-01
R0000495,O00009574,Late delivery,2024-12-20
R0000496,O00009605,Size issue,2024-10-15
R0000497,O00009616,Wrong item,2025-11-11
R0000498,O00009618,Late delivery,2025-12-30
R0000499,O00009670,Wrong item,2025-12-31
R0000500,O00009674,Late delivery,2025-07-08
R0000501,O00009676,Wrong item,2025-10-24
R0000502,O00009678,Late delivery,2025-10-30
R0000503,O00009686,Late delivery,2025-11-10
R0000504,O00009695,Quality issue,2024-02-15
R0000505,O00009707,Late delivery,2024-09-12
R0000506,O00009734,Wrong item,2026-01-27
R0000507,O00009742,Quality issue,2025-09-10
R0000508,O00009753,Wrong item,2025-01-03
R0000509,O00009767,Wrong item,2026-01-15
R0000510,O00009783,Size issue,2024-07-23
R0000511,O00009791,Wrong item,2025-10-18
R0000512,O00009793,Size issue,2025-11-29
R0000513,O00009812,Changed mind,2025-10-22
R0000514,O00009838,Changed mind,2026-01-07
R0000515,O00009900,Changed mind,2025-11-07
R0000516,O00009909,Changed mind,2024-11-13
R0000517,O00009946,Changed mind,2025-01-18
R0000518,O00009960,Changed mind,2024-06-13
R0000519,O00009991,Damaged item,2025-07-10
R0000520,O00010024,Quality issue,2025-01-24
R0000521,O00010031,Late delivery,2026-01-02
R0000522,O00010036,Quality issue,2024-12-03
R0000523,O00010050,Changed mind,2025-09-27
R0000524,O00010067,Quality issue,2025-07-07
R0000525,O00010082,Wrong item,2025-07-01
R0000526,O00010097,Wrong item,2025-06-10
R0000527,O00010098,Late delivery,2024-09-09
R0000528,O00010100,Damaged item,2025-12-28
R0000529,O00010102,Late delivery,2023-03-22
R0000530,O00010119,Size issue,2024-12-21
R0000531,O00010121,Size issue,2025-02-28
R0000532,O00010134,Damaged item,2024-11-26
R0000533,O00010184,Damaged item,2025-10-27
R0000534,O00010197,Wrong item,2025-09-21
R0000535,O00010225,Quality issue,2024-08-23
R0000536,O00010266,Size issue,2025-11-07
R0000537,O00010279,Damaged item,2024-04-05
R0000538,O00010344,Quality issue,2025-01-21
R0000539,O00010357,Late delivery,2026-01-05
R0000540,O00010376,Damaged item,2025-12-31
R0000541,O00010377,Late delivery,2025-12-18
R0000542,O00010395,Late delivery,2025-06-19
R0000543,O00010412,Changed mind,2025-09-12
R0000544,O00010432,Changed mind,2024-12-13
R0000545,O00010441,Quality issue,2025-11-24
R0000546,O00010448,Changed mind,2024-02-25
R0000547,O00010463,Late delivery,2025-09-11
R0000548,O00010529,Changed mind,2026-01-03
R0000549,O00010547,Wrong item,2025-04-22
R0000550,O00010567,Size issue,2023-11-29
R0000551,O00010581,Late delivery,2025-09-14
R0000552,O00010600,Damaged item,2025-06-12
R0000553,O00010601,Size issue,2025-11-17
R0000554,O00010608,Damaged item,2025-08-03
R0000555,O00010619,Quality issue,2025-04-29
R0000556,O00010628,Wrong item,2025-09-27
R0000557,O00010631,Late delivery,2024-12-08
R0000558,O00010636,Quality issue,2024-06-11
R0000559,O00010653,Changed mind,2024-12-29
R0000560,O00010738,Changed mind,2025-08-20
R0000561,O00010746,Quality issue,2025-05-21
R0000562,O00010773,Wrong item,2026-01-21
R0000563,O00010806,Wrong item,2025-05-05
R0000564,O00010838,Late delivery,2024-10-13
R0000565,O00010881,Size issue,2025-04-11
R0000566,O00010885,Late delivery,2025-06-05
R0000567,O00010927,Late delivery,2023-09-29
R0000568,O00010951,Changed mind,2025-08-24
R0000569,O00010960,Quality issue,2023-11-23
R0000570,O00010981,Quality issue,2025-01-10
R0000571,O00010997,Size issue,2024-12-24
R0000572,O00011020,Damaged item,2024-05-09
R0000573,O00011028,Damaged item,2023-02-24
R0000574,O00011041,Quality issue,2023-08-09
R0000575,O00011054,Quality issue,2023-10-27
R0000576,O00011058,Wrong item,2025-02-15
R0000577,O00011077,Size issue,2025-04-12
R0000578,O00011105,Damaged item,2025-05-15
R0000579,O00011118,Late delivery,2025-12-10
R0000580,O00011119,Changed mind,2025-12-20
R0000581,O00011176,Changed mind,2025-09-09
R0000582,O00011206,Damaged item,2025-11-29
R0000583,O00011227,Quality issue,2025-10-31
R0000584,O00011302,Changed mind,2025-10-27
R0000585,O00011341,Changed mind,2025-03-29
R0000586,O00011349,Quality issue,2025-12-09
R0000587,O00011383,Late delivery,2023-05-27
R0000588,O00011385,Late delivery,2023-10-05
R0000589,O00011396,Changed mind,2025-01-20
R0000590,O00011419,Damaged item,2024-12-28
R0000591,O00011447,Damaged item,2024-10-21
R0000592,O00011449,Size issue,2025-01-14
R0000593,O00011460,Damaged item,2024-09-27
R0000594,O00011483,Damaged item,2025-05-23
R0000595,O00011489,Late delivery,2024-07-17
R0000596,O00011535,Late delivery,2024-06-10
R0000597,O00011547,Changed mind,2023-10-08
R0000598,O00011630,Quality issue,2023-07-20
R0000599,O00011661,Damaged item,2025-12-14
R0000600,O00011680,Damaged item,2025-11-06
R0000601,O00011701,Damaged item,2025-01-19
R0000602,O00011702,Quality issue,2025-01-08
R0000603,O00011706,Late delivery,2025-05-21
R0000604,O00011755,Changed mind,2025-02-23
R0000605,O00011783,Wrong item,2025-12-22
R0000606,O00011786,Changed mind,2025-12-28
R0000607,O00011797,Quality issue,2025-10-07
R0000608,O00011804,Late delivery,2026-01-18
R0000609,O00011810,Damaged item,2025-08-06
R0000610,O00011811,Late delivery,2025-12-17
R0000611,O00011827,Wrong item,2025-07-30
R0000612,O00011835,Damaged item,2024-07-03
R0000613,O00011872,Late delivery,2025-05-24
R0000614,O00011878,Changed mind,2025-10-14
R0000615,O00011901,Late delivery,2024-08-10
R0000616,O00011938,Quality issue,2025-11-22
R0000617,O00011958,Late delivery,2025-07-11
R0000618,O00012011,Size issue,2025-08-27
R0000619,O00012016,Quality issue,2025-09-13
R0000620,O00012027,Quality issue,2024-06-14
R0000621,O00012030,Changed mind,2023-02-23
R0000622,O00012039,Changed mind,2023-08-25
R0000623,O00012097,Quality issue,2025-06-10
R0000624,O00012191,Size issue,2026-01-06
R0000625,O00012201,Size issue,2025-06-21
R0000626,O00012217,Quality issue,2025-09-17
R0000627,O00012233,Size issue,2024-11-28
R0000628,O00012252,Size issue,2024-07-13
R0000629,O00012276,Damaged item,2023-06-04
R0000630,O00012289,Wrong item,2025-08-08
R0000631,O00012290,Quality issue,2025-10-13
R0000632,O00012328,Damaged item,2023-11-29
R0000633,O00012359,Wrong item,2025-09-17
R0000634,O00012382,Damaged item,2025-01-08
R0000635,O00012451,Size issue,2023-12-26
R0000636,O00012472,Quality issue,2025-10-29
R0000637,O00012477,Size issue,2025-12-15
R0000638,O00012516,Changed mind,2025-01-08
R0000639,O00012557,Size issue,2025-08-12
R0000640,O00012574,Wrong item,2025-03-30
R0000641,O00012588,Damaged item,2024-12-26
R0000642,O00012599,Late delivery,2025-05-20
R0000643,O00012607,Quality issue,2025-07-02
R0000644,O00012613,Damaged item,2025-09-19
R0000645,O00012640,Wrong item,2025-11-01
R0000646,O00012642,Quality issue,2026-01-02
R0000647,O00012665,Wrong item,2025-11-19
R0000648,O00012674,Damaged item,2024-12-30
R0000649,O00012711,Quality issue,2025-07-23
R0000650,O00012714,Size issue,2025-11-16
R0000651,O00012733,Wrong item,2026-01-12
R0000652,O00012740,Quality issue,2024-06-08
R0000653,O00012748,Changed mind,2024-11-13
R0000654,O00012751,Late delivery,2025-05-12
R0000655,O00012778,Late delivery,2025-07-19
R0000656,O00012788,Quality issue,2025-04-27
R0000657,O00012798,Quality issue,2025-09-15
R0000658,O00012823,Quality issue,2026-01-12
R0000659,O00012835,Quality issue,2025-09-15
R0000660,O00012851,Quality issue,2025-05-22
R0000661,O00012877,Quality issue,2025-06-06
R0000662,O00012882,Quality issue,2025-11-08
R0000663,O00012894,Changed mind,2023-02-19
R0000664,O00012925,Size issue,2024-09-10
R0000665,O00012944,Damaged item,2025-02-10
R0000666,O00012952,Size issue,2025-12-19
R0000667,O00012961,Damaged item,2025-03-10
R0000668,O00012963,Wrong item,2025-08-05
R0000669,O00012973,Quality issue,2025-08-15
R0000670,O00012982,Size issue,2026-01-18
R0000671,O00013037,Wrong item,2024-12-27
R0000672,O00013041,Damaged item,2025-07-08
R0000673,O00013055,Wrong item,2024-04-17
R0000674,O00013073,Quality issue,2025-11-01
R0000675,O00013100,Damaged item,2024-12-22
R0000676,O00013126,Size issue,2024-08-29
R0000677,O00013133,Wrong item,2025-08-19
R0000678,O00013147,Late delivery,2023-08-12
R0000679,O00013150,Quality issue,2024-01-07
R0000680,O00013170,Late delivery,2024-10-15
R0000681,O00013204,Damaged item,2023-08-26
R0000682,O00013210,Damaged item,2025-10-10
R0000683,O00013223,Changed mind,2025-12-12
R0000684,O00013237,Size issue,2024-12-08
R0000685,O00013241,Changed mind,2025-12-19
R0000686,O00013245,Quality issue,2025-02-20
R0000687,O00013262,Late delivery,2024-10-23
R0000688,O00013272,Damaged item,2025-02-28
R0000689,O00013283,Changed mind,2025-04-20
R0000690,O00013355,Late delivery,2026-01-01
R0000691,O00013357,Quality issue,2023-09-20
R0000692,O00013374,Changed mind,2025-05-18
R0000693,O00013452,Damaged item,2026-01-02
R0000694,O00013453,Damaged item,2024-04-07
R0000695,O00013461,Damaged item,2025-12-04
R0000696,O00013494,Size issue,2024-03-20
R0000697,O00013535,Quality issue,2025-01-04
R0000698,O00013570,Size issue,2024-02-01
R0000699,O00013571,Quality issue,2024-02-18
R0000700,O00013579,Damaged item,2024-10-26
R0000701,O00013596,Quality issue,2026-01-03
R0000702,O00013619,Size issue,2025-12-18
R0000703,O00013620,Late delivery,2026-01-15
R0000704,O00013629,Wrong item,2024-12-08
R0000705,O00013650,Size issue,2024-06-28
R0000706,O00013688,Late delivery,2025-05-29
R0000707,O00013709,Quality issue,2025-12-01
R0000708,O00013715,Damaged item,2025-12-19
R0000709,O00013718,Damaged item,2026-01-21
R0000710,O00013723,Quality issue,2026-01-17
R0000711,O00013731,Changed mind,2024-03-04
R0000712,O00013759,Size issue,2025-10-22
R0000713,O00013761,Size issue,2026-01-09
R0000714,O00013769,Quality issue,2024-11-20
R0000715,O00013777,Wrong item,2025-01-06
R0000716,O00013779,Damaged item,2025-02-13
R0000717,O00013781,Late delivery,2025-07-25
R0000718,O00013795,Changed mind,2025-12-05
R0000719,O00013810,Quality issue,2025-09-15
R0000720,O00013820,Quality issue,2025-11-30
R0000721,O00013851,Late delivery,2025-02-15
R0000722,O00013882,Late delivery,2024-07-11
R0000723,O00013890,Damaged item,2025-08-14
R0000724,O00013892,Size issue,2025-11-15
R0000725,O00013901,Wrong item,2023-10-12
R0000726,O00013913,Damaged item,2024-12-20
R0000727,O00013932,Size issue,2026-01-15
R0000728,O00013940,Quality issue,2025-06-22
R0000729,O00013953,Quality issue,2025-12-16
R0000730,O00013955,Changed mind,2026-01-08
R0000731,O00013968,Changed mind,2025-01-05
R0000732,O00014007,Changed mind,2024-07-01
R0000733,O00014021,Size issue,2025-03-21
R0000734,O00014037,Late delivery,2025-09-30
R0000735,O00014065,Changed mind,2025-11-18
R0000736,O00014096,Wrong item,2025-07-14
R0000737,O00014102,Damaged item,2025-11-25
R0000738,O00014103,Wrong item,2026-01-01
R0000739,O00014138,Late delivery,2025-09-17
R0000740,O00014185,Damaged item,2024-07-14
R0000741,O00014189,Damaged item,2025-08-21
R0000742,O00014191,Late delivery,2025-10-18
R0000743,O00014195,Size issue,2023-06-23
R0000744,O00014228,Late delivery,2025-05-20
R0000745,O00014240,Wrong item,2024-01-06
R0000746,O00014299,Quality issue,2025-06-22
R0000747,O00014308,Damaged item,2024-05-31
R0000748,O00014322,Late delivery,2025-12-11
R0000749,O00014327,Size issue,2025-04-23
R0000750,O00014350,Wrong item,2025-07-25
R0000751,O00014397,Changed mind,2026-01-09
R0000752,O00014412,Changed mind,2025-09-28
R0000753,O00014421,Quality issue,2023-03-15
R0000754,O00014422,Damaged item,2025-04-15
R0000755,O00014449,Damaged item,2025-12-02
R0000756,O00014454,Wrong item,2025-04-22
R0000757,O00014455,Changed mind,2025-04-26
R0000758,O00014458,Changed mind,2025-09-27
R0000759,O00014465,Size issue,2025-01-27
R0000760,O00014479,Damaged item,2024-03-30
R0000761,O00014500,Wrong item,2024-09-17
R0000762,O00014527,Size issue,2026-01-02
R0000763,O00014578,Damaged item,2025-12-15
R0000764,O00014595,Damaged item,2025-11-01
R0000765,O00014607,Damaged item,2025-12-13
R0000766,O00014617,Quality issue,2024-12-15
R0000767,O00014630,Wrong item,2025-12-31
R0000768,O00014631,Damaged item,2024-09-14
R0000769,O00014641,Quality issue,2026-01-21
R0000770,O00014645,Quality issue,2024-03-21
R0000771,O00014660,Quality issue,2025-06-08
R0000772,O00014695,Size issue,2025-06-07
R0000773,O00014696,Wrong item,2025-05-26
R0000774,O00014709,Quality issue,2024-01-02
R0000775,O00014713,Size issue,2026-01-24
R0000776,O00014716,Damaged item,2025-11-02
R0000777,O00014761,Quality issue,2025-01-19
R0000778,O00014782,Changed mind,2025-07-29
R0000779,O00014785,Late delivery,2023-07-03
R0000780,O00014819,Quality issue,2026-01-11
R0000781,O00014898,Late delivery,2025-10-11
R0000782,O00014910,Changed mind,2025-01-21
R0000783,O00014920,Size issue,2026-01-02
R0000784,O00014922,Damaged item,2025-12-08
R0000785,O00014934,Wrong item,2024-02-22
R0000786,O00014938,Damaged item,2024-07-11
R0000787,O00014943,Damaged item,2024-11-16
R0000788,O00014949,Wrong item,2025-06-23
R0000789,O00014987,Late delivery,2025-10-02
R0000790,O00015018,Damaged item,2025-11-19
R0000791,O00015051,Size issue,2025-04-26
R0000792,O00015062,Quality issue,2025-11-14
R0000793,O00015082,Late delivery,2025-06-18
R0000794,O00015095,Late delivery,2024-05-24
R0000795,O00015131,Damaged item,2026-01-06
R0000796,O00015136,Changed mind,2024-10-30
R0000797,O00015146,Quality issue,2025-06-02
R0000798,O00015186,Size issue,2025-11-07
R0000799,O00015206,Size issue,2024-04-21
R0000800,O00015229,Late delivery,2025-05-31
R0000801,O00015233,Size issue,2024-05-27
R0000802,O00015235,Size issue,2025-10-14
R0000803,O00015245,Late delivery,2026-01-05
R0000804,O00015246,Late delivery,2025-11-30
R0000805,O00015255,Late delivery,2024-09-18
R0000806,O00015283,Late delivery,2025-04-04
R0000807,O00015289,Damaged item,2026-01-25
R0000808,O00015295,Changed mind,2025-07-21
R0000809,O00015320,Changed mind,2025-12-16
R0000810,O00015336,Late delivery,2025-06-15
R0000811,O00015352,Late delivery,2025-12-06
R0000812,O00015362,Damaged item,2026-01-06
R0000813,O00015372,Late delivery,2025-08-10
R0000814,O00015375,Quality issue,2025-10-16
R0000815,O00015389,Late delivery,2025-07-15
R0000816,O00015469,Changed mind,2026-01-06
R0000817,O00015477,Quality issue,2025-04-26
R0000818,O00015514,Damaged item,2025-08-31
R0000819,O00015529,Size issue,2025-10-20
R0000820,O00015545,Late delivery,2025-05-08
R0000821,O00015566,Changed mind,2024-12-26
R0000822,O00015611,Damaged item,2025-01-05
R0000823,O00015637,Wrong item,2025-10-21
R0000824,O00015660,Size issue,2025-12-14
R0000825,O00015661,Late delivery,2026-01-01
R0000826,O00015690,Damaged item,2025-04-14
R0000827,O00015700,Wrong item,2024-05-31
R0000828,O00015708,Size issue,2025-10-04
R0000829,O00015720,Quality issue,2025-11-29
R0000830,O00015742,Damaged item,2024-02-25
R0000831,O00015743,Damaged item,2024-06-24
R0000832,O00015763,Quality issue,2024-12-15
R0000833,O00015773,Late delivery,2025-09-22
R0000834,O00015788,Damaged item,2025-01-06
R0000835,O00015815,Quality issue,2024-03-20
R0000836,O00015850,Changed mind,2025-10-03
R0000837,O00015856,Size issue,2023-09-03
R0000838,O00015893,Late delivery,2026-01-01
R0000839,O00015908,Damaged item,2025-01-18
R0000840,O00015942,Wrong item,2023-12-19
R0000841,O00015969,Size issue,2025-09-12
R0000842,O00015998,Damaged item,2026-01-14
R0000843,O00016009,Quality issue,2025-03-27
R0000844,O00016012,Quality issue,2025-06-14
R0000845,O00016027,Quality issue,2026-01-07
R0000846,O00016037,Quality issue,2025-09-08
R0000847,O00016057,Quality issue,2024-12-03
R0000848,O00016064,Size issue,2025-07-28
R0000849,O00016067,Size issue,2025-07-28
R0000850,O00016096,Quality issue,2026-01-17
R0000851,O00016119,Wrong item,2024-07-29
R0000852,O00016165,Late delivery,2024-11-28
R0000853,O00016201,Size issue,2025-10-06
R0000854,O00016209,Late delivery,2026-01-19
R0000855,O00016242,Size issue,2024-01-10
R0000856,O00016293,Quality issue,2024-08-08
R0000857,O00016296,Changed mind,2024-07-14
R0000858,O00016298,Size issue,2025-06-05
R0000859,O00016302,Size issue,2024-12-25
R0000860,O00016320,Wrong item,2025-12-15
R0000861,O00016346,Late delivery,2025-08-13
R0000862,O00016364,Late delivery,2024-03-03
R0000863,O00016415,Damaged item,2025-08-06
R0000864,O00016421,Changed mind,2023-08-10
R0000865,O00016450,Quality issue,2025-09-07
R0000866,O00016456,Quality issue,2025-01-30
R0000867,O00016482,Quality issue,2025-10-17
R0000868,O00016496,Late delivery,2025-04-26
R0000869,O00016500,Size issue,2025-05-29
R0000870,O00016525,Wrong item,2026-01-06
R0000871,O00016534,Changed mind,2025-07-26
R0000872,O00016535,Quality issue,2025-11-10
R0000873,O00016540,Quality issue,2024-05-09
R0000874,O00016551,Quality issue,2025-11-03
R0000875,O00016584,Damaged item,2024-09-07
R0000876,O00016638,Wrong item,2025-11-13
R0000877,O00016649,Damaged item,2025-10-03
R0000878,O00016658,Size issue,2023-11-14
R0000879,O00016666,Quality issue,2025-10-23
R0000880,O00016673,Changed mind,2024-05-02
R0000881,O00016678,Damaged item,2025-08-20
R0000882,O00016685,Damaged item,2025-12-04
R0000883,O00016713,Damaged item,2025-09-27
R0000884,O00016723,Late delivery,2024-07-22
R0000885,O00016777,Quality issue,2025-09-17
R0000886,O00016806,Late delivery,2025-11-09
R0000887,O00016807,Damaged item,2023-12-30
R0000888,O00016822,Size issue,2024-04-22
R0000889,O00016827,Damaged item,2024-08-26
R0000890,O00016849,Damaged item,2026-01-16
R0000891,O00016885,Quality issue,2025-12-23
R0000892,O00016888,Changed mind,2026-01-02
R0000893,O00016919,Late delivery,2025-11-18
R0000894,O00016939,Changed mind,2025-08-27
R0000895,O00016940,Changed mind,2025-09-03
R0000896,O00016953,Changed mind,2024-01-23
R0000897,O00016954,Late delivery,2024-01-08
R0000898,O00016971,Quality issue,2025-08-22
R0000899,O00016997,Damaged item,2025-12-03
R0000900,O00017031,Quality issue,2025-06-02
R0000901,O00017058,Size issue,2025-09-07
R0000902,O00017069,Late delivery,2024-12-24
R0000903,O00017074,Wrong item,2025-08-20
R0000904,O00017093,Late delivery,2025-11-16
R0000905,O00017096,Size issue,2025-12-05
R0000906,O00017114,Quality issue,2025-08-23
R0000907,O00017140,Damaged item,2025-05-30
R0000908,O00017147,Quality issue,2025-11-10
R0000909,O00017154,Damaged item,2023-07-23
R0000910,O00017177,Changed mind,2024-09-04
R0000911,O00017179,Damaged item,2024-09-18
R0000912,O00017180,Late delivery,2025-01-19
R0000913,O00017198,Changed mind,2024-04-03
R0000914,O00017231,Size issue,2024-07-29
R0000915,O00017246,Quality issue,2024-01-10
R0000916,O00017269,Quality issue,2025-09-19
R0000917,O00017324,Damaged item,2025-11-30
R0000918,O00017345,Quality issue,2026-01-03
R0000919,O00017356,Changed mind,2025-12-23
R0000920,O00017363,Late delivery,2024-01-12
R0000921,O00017391,Damaged item,2025-08-21
R0000922,O00017432,Quality issue,2024-09-09
R0000923,O00017439,Late delivery,2025-04-22
R0000924,O00017441,Late delivery,2025-06-14
R0000925,O00017473,Changed mind,2025-02-11
R0000926,O00017496,Quality issue,2025-09-28
R0000927,O00017498,Late delivery,2025-10-29
R0000928,O00017503,Size issue,2025-11-22
R0000929,O00017534,Wrong item,2024-01-09
R0000930,O00017543,Late delivery,2025-12-30
R0000931,O00017547,Wrong item,2024-12-18
R0000932,O00017560,Size issue,2025-09-18
R0000933,O00017564,Changed mind,2025-10-23
R0000934,O00017566,Wrong item,2025-10-08
R0000935,O00017574,Damaged item,2025-12-06
R0000936,O00017582,Changed mind,2025-11-10
R0000937,O00017597,Wrong item,2025-07-13
R0000938,O00017626,Quality issue,2024-12-07
R0000939,O00017645,Damaged item,2024-08-30
R0000940,O00017673,Changed mind,2025-06-01
R0000941,O00017688,Quality issue,2025-09-06
R0000942,O00017703,Damaged item,2025-12-26
R0000943,O00017713,Wrong item,2025-02-03
R0000944,O00017717,Quality issue,2025-05-15
R0000945,O00017740,Size issue,2025-09-02
R0000946,O00017741,Late delivery,2025-10-17
R0000947,O00017776,Quality issue,2025-07-15
R0000948,O00017817,Wrong item,2025-08-24
R0000949,O00017840,Wrong item,2025-06-22
R0000950,O00017905,Quality issue,2024-12-20
R0000951,O00017925,Size issue,2025-01-26
R0000952,O00017930,Damaged item,2025-09-18
R0000953,O00017933,Late delivery,2025-12-07
R0000954,O00017964,Quality issue,2024-06-15
R0000955,O00017971,Quality issue,2025-09-13
R0000956,O00017981,Wrong item,2024-08-28
R0000957,O00017996,Wrong item,2025-04-04
R0000958,O00018008,Late delivery,2024-09-05
R0000959,O00018017,Quality issue,2026-01-27
R0000960,O00018072,Wrong item,2025-12-16
R0000961,O00018078,Quality issue,2025-12-03
R0000962,O00018100,Changed mind,2023-02-26
R0000963,O00018111,Damaged item,2024-09-11
R0000964,O00018115,Damaged item,2025-04-04
R0000965,O00018132,Damaged item,2025-11-19
R0000966,O00018138,Quality issue,2026-01-17
R0000967,O00018154,Damaged item,2025-12-07
R0000968,O00018165,Size issue,2025-06-11
R0000969,O00018183,Changed mind,2025-08-01
R0000970,O00018242,Size issue,2025-06-27
R0000971,O00018244,Quality issue,2025-11-14
R0000972,O00018247,Changed mind,2024-12-14
R0000973,O00018252,Size issue,2025-10-29
R0000974,O00018309,Damaged item,2025-10-25
R0000975,O00018311,Changed mind,2023-09-14
R0000976,O00018312,Changed mind,2023-11-05
R0000977,O00018352,Quality issue,2025-12-07
R0000978,O00018380,Wrong item,2025-06-06
R0000979,O00018383,Wrong item,2025-08-08
R0000980,O00018469,Changed mind,2025-10-30
R0000981,O00018471,Size issue,2024-07-09
R0000982,O00018494,Late delivery,2025-09-29
R0000983,O00018513,Quality issue,2025-09-23
R0000984,O00018519,Wrong item,2025-05-10
R0000985,O00018577,Quality issue,2024-07-26
R0000986,O00018585,Size issue,2025-02-23
R0000987,O00018586,Quality issue,2025-07-15
R0000988,O00018630,Quality issue,2025-01-16
R0000989,O00018643,Damaged item,2025-07-29
R0000990,O00018657,Size issue,2024-08-23
R0000991,O00018660,Wrong item,2024-11-13
R0000992,O00018677,Quality issue,2025-05-04
R0000993,O00018698,Changed mind,2024-11-25
R0000994,O00018702,Late delivery,2025-10-19
R0000995,O00018708,Quality issue,2025-09-18
R0000996,O00018714,Changed mind,2025-10-28
R0000997,O00018715,Size issue,2025-09-27
R0000998,O00018731,Damaged item,2024-10-13
R0000999,O00018764,Damaged item,2025-01-16
R0001000,O00018765,Changed mind,2025-01-09
R0001001,O00018783,Size issue,2024-01-16
R0001002,O00018789,Wrong item,2024-08-13
R0001003,O00018792,Wrong item,2025-02-05
R0001004,O00018802,Size issue,2023-09-13
R0001005,O00018803,Wrong item,2023-10-25
R0001006,O00018811,Size issue,2025-12-06
R0001007,O00018817,Damaged item,2025-01-06
R0001008,O00018822,Wrong item,2025-05-24
R0001009,O00018831,Changed mind,2023-03-26
R0001010,O00018865,Changed mind,2025-06-27
R0001011,O00018899,Changed mind,2026-01-04
R0001012,O00018918,Late delivery,2025-10-07
R0001013,O00018947,Late delivery,2025-10-04
R0001014,O00018970,Late delivery,2025-10-18
R0001015,O00018971,Wrong item,2025-11-27
R0001016,O00018983,Damaged item,2025-12-17
R0001017,O00018988,Wrong item,2025-08-29
R0001018,O00019048,Wrong item,2025-12-12
R0001019,O00019075,Quality issue,2025-12-12
R0001020,O00019096,Quality issue,2024-08-09
R0001021,O00019098,Quality issue,2025-01-21
R0001022,O00019116,Damaged item,2023-10-01
R0001023,O00019155,Damaged item,2025-03-15
R0001024,O00019192,Size issue,2026-01-06
R0001025,O00019197,Quality issue,2024-10-28
R0001026,O00019238,Damaged item,2024-07-17
R0001027,O00019243,Size issue,2025-03-23
R0001028,O00019244,Damaged item,2025-03-24
R0001029,O00019266,Size issue,2025-09-27
R0001030,O00019316,Wrong item,2024-07-28
R0001031,O00019358,Damaged item,2024-12-20
R0001032,O00019375,Changed mind,2025-10-31
R0001033,O00019379,Size issue,2025-11-03
R0001034,O00019395,Quality issue,2024-11-12
R0001035,O00019403,Late delivery,2024-05-28
R0001036,O00019408,Changed mind,2025-01-15
R0001037,O00019434,Wrong item,2025-11-19
R0001038,O00019468,Wrong item,2025-03-15
R0001039,O00019504,Changed mind,2024-04-19
R0001040,O00019507,Changed mind,2025-06-18
R0001041,O00019508,Damaged item,2025-10-09
R0001042,O00019515,Changed mind,2024-01-18
R0001043,O00019535,Damaged item,2025-12-27
R0001044,O00019537,Wrong item,2024-01-07
R0001045,O00019566,Quality issue,2023-08-31
R0001046,O00019568,Damaged item,2025-11-30
R0001047,O00019579,Late delivery,2024-01-13
R0001048,O00019595,Damaged item,2025-09-23
R0001049,O00019661,Damaged item,2025-02-18
R0001050,O00019706,Changed mind,2024-05-10
R0001051,O00019743,Quality issue,2025-09-28
R0001052,O00019787,Wrong item,2025-07-17
R0001053,O00019788,Wrong item,2025-09-16
R0001054,O00019804,Changed mind,2025-08-17
R0001055,O00019818,Quality issue,2025-01-22
R0001056,O00019836,Size issue,2025-10-05
R0001057,O00019857,Quality issue,2025-06-10
R0001058,O00019861,Size issue,2025-07-07
R0001059,O00019863,Late delivery,2026-01-20
R0001060,O00019874,Quality issue,2024-03-13
R0001061,O00019881,Quality issue,2024-09-03
R0001062,O00019882,Damaged item,2024-12-10
R0001063,O00019885,Damaged item,2025-05-01
R0001064,O00019900,Damaged item,2024-12-14
R0001065,O00019920,Damaged item,2024-01-01
R0001066,O00019922,Wrong item,2025-10-26
R0001067,O00019953,Damaged item,2025-12-19
R0001068,O00019958,Quality issue,2025-05-17
R0001069,O00019959,Late delivery,2025-10-07
R0001070,O00020055,Damaged item,2025-08-24
R0001071,O00020056,Quality issue,2025-10-25
R0001072,O00020080,Damaged item,2024-10-23
R0001073,O00020098,Quality issue,2026-01-05
R0001074,O00020104,Size issue,2025-08-01
R0001075,O00020133,Damaged item,2025-10-08
R0001076,O00020144,Late delivery,2025-01-30
R0001077,O00020148,Late delivery,2025-04-26
R0001078,O00020151,Changed mind,2025-09-17
R0001079,O00020155,Late delivery,2025-12-14
R0001080,O00020207,Wrong item,2025-12-01
R0001081,O00020231,Quality issue,2025-04-28
R0001082,O00020292,Size issue,2025-10-25
R0001083,O00020298,Size issue,2023-09-17
R0001084,O00020300,Changed mind,2024-12-01
R0001085,O00020417,Wrong item,2025-06-19
R0001086,O00020421,Size issue,2024-12-24
R0001087,O00020424,Size issue,2023-06-03
R0001088,O00020439,Wrong item,2025-12-20
R0001089,O00020450,Size issue,2025-11-06
R0001090,O00020470,Wrong item,2025-12-30
R0001091,O00020488,Size issue,2025-04-29
R0001092,O00020526,Damaged item,2025-09-22
R0001093,O00020548,Size issue,2023-11-24
R0001094,O00020592,Damaged item,2026-01-13
R0001095,O00020609,Changed mind,2025-09-24
R0001096,O00020615,Quality issue,2024-08-31
R0001097,O00020634,Quality issue,2023-07-11
R0001098,O00020661,Size issue,2024-07-21
R0001099,O00020666,Wrong item,2025-11-30
R0001100,O00020668,Late delivery,2025-07-18
R0001101,O00020713,Damaged item,2025-02-10
R0001102,O00020772,Damaged item,2023-08-30
R0001103,O00020773,Damaged item,2024-06-28
R0001104,O00020784,Damaged item,2025-10-07
R0001105,O00020813,Wrong item,2025-09-09
R0001106,O00020846,Quality issue,2025-08-12
R0001107,O00020848,Wrong item,2025-09-06
R0001108,O00020861,Damaged item,2023-10-20
R0001109,O00020869,Wrong item,2025-10-13
R0001110,O00020895,Damaged item,2024-08-22
R0001111,O00020898,Damaged item,2025-05-17
R0001112,O00020910,Size issue,2024-10-26
R0001113,O00020911,Late delivery,2025-03-25
R0001114,O00020938,Wrong item,2025-05-26
R0001115,O00020950,Damaged item,2025-10-26
R0001116,O00020972,Damaged item,2024-10-30
R0001117,O00021042,Damaged item,2025-03-23
R0001118,O00021044,Changed mind,2025-06-22
R0001119,O00021046,Late delivery,2026-01-12
R0001120,O00021097,Quality issue,2023-12-31
R0001121,O00021119,Wrong item,2025-11-30
R0001122,O00021124,Wrong item,2024-06-09
R0001123,O00021148,Late delivery,2025-12-22
R0001124,O00021152,Damaged item,2025-09-09
R0001125,O00021191,Late delivery,2025-11-24
R0001126,O00021197,Wrong item,2025-11-22
R0001127,O00021205,Quality issue,2025-03-31
R0001128,O00021240,Changed mind,2025-12-30
R0001129,O00021288,Damaged item,2023-10-03
R0001130,O00021294,Size issue,2025-12-15
R0001131,O00021315,Damaged item,2025-06-19
R0001132,O00021339,Wrong item,2024-03-08
R0001133,O00021368,Late delivery,2025-06-04
R0001134,O00021374,Damaged item,2024-08-09
R0001135,O00021384,Wrong item,2025-07-25
R0001136,O00021386,Wrong item,2025-10-21
R0001137,O00021401,Size issue,2024-12-18
R0001138,O00021409,Damaged item,2026-01-05
R0001139,O00021411,Size issue,2025-12-24
R0001140,O00021435,Changed mind,2024-04-13
R0001141,O00021436,Damaged item,2023-10-27
R0001142,O00021443,Quality issue,2025-01-11
R0001143,O00021449,Size issue,2023-12-03
R0001144,O00021451,Wrong item,2025-01-28
R0001145,O00021489,Damaged item,2024-09-07
R0001146,O00021499,Size issue,2025-10-04
R0001147,O00021512,Late delivery,2024-07-22
R0001148,O00021517,Size issue,2025-08-06
R0001149,O00021527,Late delivery,2025-06-14
R0001150,O00021547,Size issue,2025-09-19
R0001151,O00021569,Changed mind,2024-08-01
R0001152,O00021584,Damaged item,2024-03-29
R0001153,O00021615,Size issue,2025-05-16
R0001154,O00021624,Damaged item,2025-06-22
R0001155,O00021630,Quality issue,2026-01-05
R0001156,O00021645,Late delivery,2025-11-21
R0001157,O00021692,Quality issue,2025-12-15
R0001158,O00021708,Quality issue,2023-05-17
R0001159,O00021714,Late delivery,2024-03-20
R0001160,O00021733,Damaged item,2025-06-06
R0001161,O00021790,Size issue,2025-11-23
R0001162,O00021795,Wrong item,2026-01-12
R0001163,O00021818,Quality issue,2025-06-06
R0001164,O00021828,Size issue,2026-01-14
R0001165,O00021830,Size issue,2026-01-15
R0001166,O00021834,Wrong item,2024-03-23
R0001167,O00021836,Damaged item,2024-05-13
R0001168,O00021837,Quality issue,2024-10-31
R0001169,O00021874,Damaged item,2024-09-17
R0001170,O00021892,Quality issue,2025-12-25
R0001171,O00021899,Wrong item,2023-04-07
R0001172,O00021908,Changed mind,2025-10-27
R0001173,O00021912,Changed mind,2025-06-04
R0001174,O00021949,Changed mind,2024-08-11
R0001175,O00021954,Quality issue,2024-12-15
R0001176,O00021964,Damaged item,2025-10-01
R0001177,O00021971,Damaged item,2025-12-03
R0001178,O00022007,Quality issue,2025-12-23
R0001179,O00022019,Late delivery,2025-10-10
R0001180,O00022025,Quality issue,2025-11-25
R0001181,O00022057,Size issue,2024-06-29
R0001182,O00022091,Damaged item,2025-12-16
R0001183,O00022094,Size issue,2025-08-22
R0001184,O00022097,Size issue,2025-10-31
R0001185,O00022118,Quality issue,2024-09-16
R0001186,O00022141,Late delivery,2023-06-27
R0001187,O00022149,Changed mind,2025-09-05
R0001188,O00022157,Wrong item,2025-01-17
R0001189,O00022164,Quality issue,2026-01-01
R0001190,O00022183,Quality issue,2025-12-19
R0001191,O00022207,Late delivery,2024-04-25
R0001192,O00022257,Size issue,2025-02-20
R0001193,O00022262,Wrong item,2024-11-21
R0001194,O00022263,Size issue,2025-01-11
R0001195,O00022278,Damaged item,2024-05-10
R0001196,O00022293,Wrong item,2023-07-25
R0001197,O00022322,Changed mind,2026-01-22
R0001198,O00022335,Quality issue,2025-10-10
R0001199,O00022338,Size issue,2025-12-13
R0001200,O00022372,Changed mind,2024-05-25
R0001201,O00022377,Size issue,2025-12-23
R0001202,O00022384,Damaged item,2025-12-24
R0001203,O00022388,Quality issue,2024-07-19
R0001204,O00022391,Damaged item,2023-10-28
R0001205,O00022410,Wrong item,2024-11-11
R0001206,O00022433,Quality issue,2025-11-27
R0001207,O00022474,Changed mind,2025-10-13
R0001208,O00022486,Changed mind,2025-11-12
R0001209,O00022509,Size issue,2024-03-26
R0001210,O00022537,Damaged item,2025-11-19
R0001211,O00022547,Wrong item,2024-06-16
R0001212,O00022555,Late delivery,2025-11-22
R0001213,O00022601,Size issue,2025-10-08
R0001214,O00022609,Changed mind,2025-06-05
R0001215,O00022622,Quality issue,2025-09-30
R0001216,O00022732,Damaged item,2025-06-02
R0001217,O00022738,Changed mind,2025-10-28
R0001218,O00022750,Wrong item,2025-08-29
R0001219,O00022768,Size issue,2025-12-22
R0001220,O00022833,Quality issue,2025-11-21
R0001221,O00022834,Changed mind,2025-11-28
R0001222,O00022839,Size issue,2025-12-17
R0001223,O00022847,Damaged item,2026-01-19
R0001224,O00022859,Late delivery,2024-06-13
R0001225,O00022876,Late delivery,2025-12-31
R0001226,O00022891,Late delivery,2026-01-13
R0001227,O00022892,Late delivery,2026-01-26
R0001228,O00022916,Quality issue,2026-01-07
R0001229,O00022917,Wrong item,2026-01-07
R0001230,O00022961,Quality issue,2025-05-10
R0001231,O00023005,Late delivery,2025-12-20
R0001232,O00023007,Late delivery,2024-01-01
R0001233,O00023008,Wrong item,2025-02-08
R0001234,O00023017,Size issue,2026-01-14
R0001235,O00023040,Quality issue,2025-01-22
R0001236,O00023058,Quality issue,2026-01-13
R0001237,O00023059,Changed mind,2026-01-08
R0001238,O00023064,Wrong item,2025-10-18
R0001239,O00023065,Wrong item,2025-11-24
R0001240,O00023068,Late delivery,2023-12-20
R0001241,O00023073,Wrong item,2024-12-13
R0001242,O00023087,Quality issue,2025-11-10
R0001243,O00023122,Quality issue,2025-11-03
R0001244,O00023128,Quality issue,2026-01-02
R0001245,O00023188,Size issue,2025-01-05
R0001246,O00023198,Quality issue,2025-12-07
R0001247,O00023205,Size issue,2024-07-05
R0001248,O00023243,Quality issue,2025-10-23
R0001249,O00023286,Quality issue,2023-08-02
R0001250,O00023342,Quality issue,2024-10-22
R0001251,O00023374,Changed mind,2025-12-09
R0001252,O00023379,Damaged item,2025-12-18
R0001253,O00023394,Size issue,2025-01-31
R0001254,O00023429,Changed mind,2023-03-23
R0001255,O00023463,Quality issue,2026-01-13
R0001256,O00023489,Changed mind,2023-06-02
R0001257,O00023513,Wrong item,2025-11-16
R0001258,O00023542,Quality issue,2025-04-03
R0001259,O00023544,Damaged item,2025-11-27
R0001260,O00023556,Damaged item,2023-06-03
R0001261,O00023580,Damaged item,2024-11-24
R0001262,O00023598,Damaged item,2025-08-07
R0001263,O00023615,Wrong item,2024-06-04
R0001264,O00023623,Damaged item,2025-03-28
R0001265,O00023655,Size issue,2025-10-31
R0001266,O00023669,Wrong item,2024-06-27
R0001267,O00023706,Late delivery,2025-05-05
R0001268,O00023713,Quality issue,2024-07-16
R0001269,O00023723,Late delivery,2026-01-16
R0001270,O00023736,Late delivery,2025-11-07
R0001271,O00023746,Size issue,2026-01-08
R0001272,O00023749,Quality issue,2025-12-26
R0001273,O00023768,Changed mind,2025-07-18
R0001274,O00023776,Quality issue,2025-12-18
R0001275,O00023778,Damaged item,2026-01-03
R0001276,O00023806,Quality issue,2025-02-14
R0001277,O00023820,Quality issue,2023-06-17
R0001278,O00023861,Late delivery,2026-01-07
R0001279,O00023874,Size issue,2025-08-18
R0001280,O00023895,Late delivery,2024-12-20
R0001281,O00023898,Quality issue,2025-09-17
R0001282,O00023903,Size issue,2026-01-01
R0001283,O00023915,Wrong item,2024-04-14
R0001284,O00023949,Size issue,2025-10-08
R0001285,O00023987,Wrong item,2025-12-23
R0001286,O00024011,Damaged item,2024-08-26
R0001287,O00024014,Changed mind,2024-11-16
R0001288,O00024065,Quality issue,2025-01-11
R0001289,O00024068,Changed mind,2025-10-23
R0001290,O00024083,Wrong item,2023-08-27
R0001291,O00024090,Wrong item,2024-12-02
R0001292,O00024118,Changed mind,2025-04-10
R0001293,O00024127,Late delivery,2025-07-23
R0001294,O00024131,Damaged item,2025-01-14
R0001295,O00024161,Damaged item,2025-06-23
R0001296,O00024179,Late delivery,2026-01-13
R0001297,O00024198,Wrong item,2023-10-02
R0001298,O00024203,Changed mind,2025-07-02
R0001299,O00024208,Damaged item,2025-07-16
R0001300,O00024235,Size issue,2023-05-30
R0001301,O00024263,Size issue,2025-11-14
R0001302,O00024272,Changed mind,2025-06-22
R0001303,O00024279,Late delivery,2024-01-28
R0001304,O00024283,Changed mind,2025-05-28
R0001305,O00024331,Changed mind,2024-07-31
R0001306,O00024359,Damaged item,2025-01-13
R0001307,O00024378,Size issue,2024-05-02
R0001308,O00024411,Quality issue,2025-06-09
R0001309,O00024435,Size issue,2024-07-24
R0001310,O00024461,Late delivery,2024-09-29
R0001311,O00024473,Wrong item,2024-06-21
R0001312,O00024486,Size issue,2025-08-25
R0001313,O00024526,Late delivery,2025-12-10
R0001314,O00024529,Wrong item,2025-09-19
R0001315,O00024548,Damaged item,2025-06-25
R0001316,O00024565,Quality issue,2024-09-19
R0001317,O00024583,Changed mind,2024-04-26
R0001318,O00024641,Quality issue,2025-11-04
R0001319,O00024653,Quality issue,2025-01-18
R0001320,O00024664,Late delivery,2025-06-27
R0001321,O00024670,Quality issue,2025-11-08
R0001322,O00024673,Quality issue,2025-12-16
R0001323,O00024687,Wrong item,2025-08-03
R0001324,O00024692,Changed mind,2025-09-11
R0001325,O00024734,Late delivery,2025-12-27
R0001326,O00024781,Late delivery,2025-10-25
R0001327,O00024813,Late delivery,2026-01-16
R0001328,O00024825,Changed mind,2024-08-29
R0001329,O00024831,Damaged item,2025-03-18
R0001330,O00024856,Quality issue,2025-04-17
R0001331,O00024866,Quality issue,2025-09-13
R0001332,O00024870,Changed mind,2025-12-11
R0001333,O00024906,Late delivery,2023-10-06
R0001334,O00024909,Damaged item,2025-12-19
R0001335,O00024976,Late delivery,2025-09-08
R0001336,O00025007,Damaged item,2024-09-15
R0001337,O00025045,Damaged item,2026-01-05
R0001338,O00025049,Changed mind,2025-01-08
R0001339,O00025056,Damaged item,2025-08-21
R0001340,O00025062,Damaged item,2026-01-05
R0001341,O00025103,Wrong item,2025-05-08
R0001342,O00025106,Quality issue,2025-04-13
R0001343,O00025122,Wrong item,2023-09-24
R0001344,O00025135,Wrong item,2024-10-13
R0001345,O00025150,Size issue,2025-03-25
R0001346,O00025172,Changed mind,2025-06-29
R0001347,O00025173,Damaged item,2024-12-12
R0001348,O00025189,Size issue,2023-12-20
R0001349,O00025192,Wrong item,2025-12-14
R0001350,O00025202,Wrong item,2025-07-03
R0001351,O00025203,Late delivery,2025-11-30
R0001352,O00025207,Changed mind,2025-08-12
R0001353,O00025217,Damaged item,2024-10-07
R0001354,O00025243,Wrong item,2025-07-17
R0001355,O00025261,Late delivery,2026-01-10
R0001356,O00025264,Late delivery,2025-09-19
R0001357,O00025283,Size issue,2025-12-26
R0001358,O00025321,Late delivery,2025-09-14
R0001359,O00025325,Changed mind,2025-11-17
R0001360,O00025331,Quality issue,2025-08-02
R0001361,O00025364,Size issue,2024-09-22
R0001362,O00025391,Size issue,2025-09-03
R0001363,O00025425,Changed mind,2025-12-28
R0001364,O00025439,Size issue,2024-10-10
R0001365,O00025464,Damaged item,2025-08-17
R0001366,O00025475,Wrong item,2024-01-05
R0001367,O00025486,Changed mind,2025-10-18
R0001368,O00025552,Size issue,2025-11-28
R0001369,O00025591,Damaged item,2025-12-22
R0001370,O00025628,Late delivery,2025-11-06
R0001371,O00025629,Quality issue,2025-12-22
R0001372,O00025631,Damaged item,2025-12-24
R0001373,O00025741,Size issue,2025-06-15
R0001374,O00025755,Quality issue,2026-01-09
R0001375,O00025767,Damaged item,2023-10-11
R0001376,O00025839,Size issue,2025-08-07
R0001377,O00025864,Changed mind,2025-08-06
R0001378,O00025892,Late delivery,2025-08-07
R0001379,O00025936,Size issue,2024-01-04
R0001380,O00025946,Changed mind,2025-03-21
R0001381,O00025951,Wrong item,2025-11-15
R0001382,O00025954,Wrong item,2024-09-06
R0001383,O00025984,Damaged item,2025-03-24
R0001384,O00026051,Wrong item,2025-03-10
R0001385,O00026103,Late delivery,2025-05-23
R0001386,O00026110,Wrong item,2025-12-05
R0001387,O00026113,Changed mind,2024-10-14
R0001388,O00026118,Damaged item,2025-12-20
R0001389,O00026130,Wrong item,2025-05-01
R0001390,O00026212,Damaged item,2025-07-20
R0001391,O00026259,Size issue,2025-12-31
R0001392,O00026264,Size issue,2025-12-25
R0001393,O00026339,Size issue,2024-05-15
R0001394,O00026359,Size issue,2024-11-07
R0001395,O00026362,Late delivery,2025-02-08
R0001396,O00026397,Size issue,2024-06-14
R0001397,O00026407,Damaged item,2025-11-15
R0001398,O00026442,Size issue,2025-12-07
R0001399,O00026466,Changed mind,2025-09-10
R0001400,O00026504,Late delivery,2025-12-25
R0001401,O00026623,Size issue,2025-01-19
R0001402,O00026626,Size issue,2025-08-02
R0001403,O00026628,Size issue,2025-08-09
R0001404,O00026645,Size issue,2025-10-26
R0001405,O00026647,Damaged item,2025-12-15
R0001406,O00026664,Quality issue,2026-01-01
R0001407,O00026690,Wrong item,2025-10-02
R0001408,O00026711,Size issue,2025-01-08
R0001409,O00026747,Changed mind,2025-10-04
R0001410,O00026751,Wrong item,2024-05-20
R0001411,O00026757,Size issue,2025-12-25
R0001412,O00026765,Quality issue,2025-12-14
R0001413,O00026798,Quality issue,2024-11-02
R0001414,O00026817,Changed mind,2025-12-26
R0001415,O00026870,Quality issue,2025-08-24
R0001416,O00026902,Wrong item,2025-01-08
R0001417,O00026938,Quality issue,2024-12-04
R0001418,O00026940,Late delivery,2025-08-27
R0001419,O00026946,Quality issue,2025-12-08
R0001420,O00026977,Late delivery,2025-12-16
R0001421,O00026996,Damaged item,2023-05-30
R0001422,O00027005,Quality issue,2024-11-28
R0001423,O00027014,Quality issue,2025-09-07
R0001424,O00027020,Damaged item,2026-01-26
R0001425,O00027063,Size issue,2025-12-08
R0001426,O00027082,Quality issue,2025-08-06
R0001427,O00027090,Late delivery,2025-11-08
R0001428,O00027095,Quality issue,2025-12-09
R0001429,O00027105,Quality issue,2025-11-15
R0001430,O00027109,Size issue,2025-12-20
R0001431,O00027117,Quality issue,2024-12-23
R0001432,O00027118,Size issue,2024-12-23
R0001433,O00027158,Damaged item,2025-06-26
R0001434,O00027175,Quality issue,2025-10-26
R0001435,O00027178,Quality issue,2026-01-01
R0001436,O00027188,Changed mind,2023-12-16
R0001437,O00027190,Damaged item,2024-01-06
R0001438,O00027202,Late delivery,2026-01-06
R0001439,O00027284,Damaged item,2025-03-30
R0001440,O00027319,Size issue,2025-07-03
R0001441,O00027326,Damaged item,2024-11-25
R0001442,O00027338,Damaged item,2025-11-13
R0001443,O00027397,Late delivery,2023-04-29
R0001444,O00027412,Wrong item,2023-11-21
R0001445,O00027419,Quality issue,2024-09-03
R0001446,O00027452,Damaged item,2025-09-19
R0001447,O00027453,Changed mind,2025-09-24
R0001448,O00027469,Wrong item,2025-06-23
R0001449,O00027547,Size issue,2023-06-25
R0001450,O00027554,Changed mind,2025-09-09
R0001451,O00027580,Quality issue,2024-03-21
R0001452,O00027588,Quality issue,2025-05-16
R0001453,O00027597,Damaged item,2026-01-06
R0001454,O00027611,Quality issue,2024-03-08
R0001455,O00027648,Damaged item,2025-03-06
R0001456,O00027650,Damaged item,2025-09-11
R0001457,O00027653,Damaged item,2023-06-13
R0001458,O00027691,Quality issue,2025-09-03
R0001459,O00027714,Size issue,2025-11-07
R0001460,O00027715,Wrong item,2025-06-05
R0001461,O00027729,Damaged item,2025-02-03
R0001462,O00027751,Wrong item,2025-11-08
R0001463,O00027803,Quality issue,2025-11-08
R0001464,O00027856,Wrong item,2025-12-22
R0001465,O00027858,Changed mind,2025-12-03
R0001466,O00027866,Damaged item,2025-03-01
R0001467,O00027894,Size issue,2025-10-26
R0001468,O00027907,Wrong item,2025-07-31
R0001469,O00027927,Late delivery,2023-07-15
R0001470,O00027937,Size issue,2025-09-09
R0001471,O00027943,Quality issue,2024-08-28
R0001472,O00027974,Wrong item,2025-08-11
R0001473,O00027978,Quality issue,2025-12-24
R0001474,O00027981,Size issue,2025-04-26
R0001475,O00027997,Quality issue,2025-03-19
R0001476,O00028013,Wrong item,2025-06-05
R0001477,O00028021,Quality issue,2024-07-24
R0001478,O00028040,Late delivery,2023-11-28
R0001479,O00028057,Damaged item,2023-09-20
R0001480,O00028111,Quality issue,2025-11-04
R0001481,O00028135,Quality issue,2025-06-06
R0001482,O00028138,Changed mind,2025-12-18
R0001483,O00028168,Changed mind,2024-07-07
R0001484,O00028214,Late delivery,2026-01-19
R0001485,O00028216,Wrong item,2025-11-19
R0001486,O00028220,Quality issue,2025-11-14
R0001487,O00028243,Quality issue,2025-06-10
R0001488,O00028269,Late delivery,2025-04-20
R0001489,O00028273,Late delivery,2025-06-08
R0001490,O00028281,Quality issue,2025-12-02
R0001491,O00028300,Wrong item,2024-02-15
R0001492,O00028325,Quality issue,2025-09-07
R0001493,O00028333,Late delivery,2025-11-10
R0001494,O00028336,Wrong item,2025-12-23
R0001495,O00028338,Damaged item,2024-03-19
R0001496,O00028341,Changed mind,2024-08-27
R0001497,O00028347,Late delivery,2025-09-20
R0001498,O00028357,Damaged item,2025-06-30
R0001499,O00028370,Changed mind,2024-01-19
R0001500,O00028408,Late delivery,2025-12-07
R0001501,O00028427,Quality issue,2025-06-28
R0001502,O00028437,Quality issue,2025-04-10
R0001503,O00028452,Quality issue,2026-01-09
R0001504,O00028459,Size issue,2025-12-15
R0001505,O00028477,Changed mind,2024-10-03
R0001506,O00028486,Quality issue,2024-07-18
R0001507,O00028487,Quality issue,2024-07-31
R0001508,O00028495,Size issue,2026-01-07
R0001509,O00028513,Damaged item,2024-12-09
R0001510,O00028523,Late delivery,2025-08-30
R0001511,O00028526,Size issue,2026-01-03
R0001512,O00028541,Wrong item,2023-04-10
R0001513,O00028571,Size issue,2025-05-27
R0001514,O00028575,Wrong item,2026-01-01
R0001515,O00028580,Late delivery,2024-12-03
R0001516,O00028600,Quality issue,2025-09-14
R0001517,O00028603,Damaged item,2025-08-29
R0001518,O00028606,Wrong item,2025-12-03
R0001519,O00028611,Damaged item,2025-09-17
R0001520,O00028612,Quality issue,2025-12-04
R0001521,O00028646,Size issue,2025-11-27
R0001522,O00028663,Size issue,2023-11-28
R0001523,O00028671,Quality issue,2024-09-19
R0001524,O00028676,Size issue,2025-12-12
R0001525,O00028684,Late delivery,2026-01-26
R0001526,O00028685,Wrong item,2024-12-12
R0001527,O00028705,Wrong item,2025-06-01
R0001528,O00028706,Wrong item,2025-07-24
R0001529,O00028707,Wrong item,2025-08-22
R0001530,O00028714,Late delivery,2024-03-18
R0001531,O00028736,Late delivery,2023-10-21
R0001532,O00028737,Changed mind,2023-11-20
R0001533,O00028745,Damaged item,2025-12-13
R0001534,O00028748,Late delivery,2026-01-18
R0001535,O00028775,Changed mind,2024-11-07
R0001536,O00028776,Quality issue,2024-12-18
R0001537,O00028786,Wrong item,2024-10-11
R0001538,O00028797,Damaged item,2024-11-12
R0001539,O00028823,Changed mind,2024-12-15
R0001540,O00028833,Late delivery,2024-11-24
R0001541,O00028837,Changed mind,2025-10-09
R0001542,O00028839,Changed mind,2023-02-08
R0001543,O00028855,Wrong item,2025-07-18
R0001544,O00028862,Damaged item,2025-11-13
R0001545,O00028863,Wrong item,2025-02-15
R0001546,O00028871,Quality issue,2025-04-22
R0001547,O00028897,Wrong item,2025-08-29
R0001548,O00028922,Quality issue,2024-12-23
R0001549,O00028953,Size issue,2025-03-17
R0001550,O00028957,Late delivery,2025-06-11
R0001551,O00028962,Wrong item,2024-12-07
R0001552,O00028985,Quality issue,2023-10-27
R0001553,O00029023,Late delivery,2024-12-21
R0001554,O00029041,Changed mind,2024-12-22
R0001555,O00029045,Changed mind,2025-07-19
R0001556,O00029059,Late delivery,2025-10-31
R0001557,O00029072,Late delivery,2023-12-08
R0001558,O00029097,Changed mind,2024-04-28
R0001559,O00029114,Damaged item,2025-05-21
R0001560,O00029130,Damaged item,2025-10-22
R0001561,O00029161,Quality issue,2024-11-28
R0001562,O00029171,Damaged item,2026-01-11
R0001563,O00029199,Wrong item,2025-10-18
R0001564,O00029282,Quality issue,2024-03-04
R0001565,O00029289,Size issue,2025-07-21
R0001566,O00029322,Quality issue,2025-10-12
R0001567,O00029348,Quality issue,2025-12-30
R0001568,O00029371,Changed mind,2024-03-27
R0001569,O00029451,Damaged item,2025-08-20
R0001570,O00029461,Changed mind,2024-12-19
R0001571,O00029463,Changed mind,2025-01-03
R0001572,O00029513,Late delivery,2025-11-26
R0001573,O00029520,Late delivery,2023-05-20
R0001574,O00029526,Quality issue,2024-01-07
R0001575,O00029540,Wrong item,2025-08-17
R0001576,O00029543,Late delivery,2025-12-22
R0001577,O00029566,Size issue,2024-11-21
R0001578,O00029577,Size issue,2023-03-15
R0001579,O00029612,Late delivery,2025-08-26
R0001580,O00029613,Changed mind,2025-11-10
R0001581,O00029621,Wrong item,2025-11-29
R0001582,O00029629,Changed mind,2026-01-19
R0001583,O00029687,Changed mind,2025-07-09
R0001584,O00029692,Wrong item,2025-11-27
R0001585,O00029714,Size issue,2025-09-04
R0001586,O00029715,Size issue,2025-09-18
R0001587,O00029752,Size issue,2025-01-13
R0001588,O00029758,Changed mind,2025-05-17
R0001589,O00029779,Size issue,2025-10-02
R0001590,O00029785,Damaged item,2025-03-18
R0001591,O00029804,Size issue,2025-05-12
R0001592,O00029812,Damaged item,2025-09-19
R0001593,O00029821,Wrong item,2026-01-23
R0001594,O00029836,Late delivery,2024-05-18
R0001595,O00029843,Late delivery,2024-10-19
R0001596,O00029846,Changed mind,2023-11-16
R0001597,O00029885,Size issue,2025-11-11
R0001598,O00029893,Wrong item,2025-05-15
R0001599,O00029910,Quality issue,2025-10-24
R0001600,O00029913,Damaged item,2025-11-08
R0001601,O00029917,Late delivery,2025-12-16
R0001602,O00029926,Changed mind,2025-01-17
R0001603,O00029964,Wrong item,2025-11-13
R0001604,O00029979,Late delivery,2025-03-11
R0001605,O00029981,Size issue,2024-11-05
R0001606,O00029989,Late delivery,2025-12-23
R0001607,O00030021,Wrong item,2026-01-22
R0001608,O00030039,Size issue,2024-06-26
R0001609,O00030057,Late delivery,2025-04-23
R0001610,O00030058,Late delivery,2025-09-21
R0001611,O00030062,Late delivery,2025-05-07
R0001612,O00030072,Changed mind,2025-12-23
R0001613,O00030078,Wrong item,2025-11-11
R0001614,O00030084,Late delivery,2026-01-10
R0001615,O00030105,Size issue,2023-11-12
R0001616,O00030108,Late delivery,2025-11-19
R0001617,O00030148,Damaged item,2025-06-19
R0001618,O00030166,Damaged item,2025-09-24
R0001619,O00030227,Quality issue,2025-07-11
R0001620,O00030241,Wrong item,2023-12-14
R0001621,O00030260,Wrong item,2025-12-29
R0001622,O00030268,Changed mind,2025-09-02
R0001623,O00030280,Size issue,2023-05-25
R0001624,O00030307,Wrong item,2025-12-01
R0001625,O00030336,Damaged item,2024-11-18
R0001626,O00030360,Damaged item,2025-12-09
R0001627,O00030364,Changed mind,2025-05-18
R0001628,O00030386,Size issue,2025-04-19
R0001629,O00030402,Wrong item,2025-05-28
R0001630,O00030410,Size issue,2026-01-19
R0001631,O00030415,Quality issue,2025-08-12
R0001632,O00030435,Changed mind,2025-02-12
R0001633,O00030446,Late delivery,2024-08-28
R0001634,O00030450,Damaged item,2024-08-28
R0001635,O00030460,Changed mind,2025-11-12
R0001636,O00030483,Wrong item,2025-04-29
R0001637,O00030519,Size issue,2024-08-08
R0001638,O00030535,Size issue,2025-07-18
R0001639,O00030538,Quality issue,2025-09-13
R0001640,O00030552,Damaged item,2024-11-02
R0001641,O00030556,Changed mind,2025-01-30
R0001642,O00030578,Size issue,2023-01-23
R0001643,O00030579,Quality issue,2023-05-20
R0001644,O00030580,Quality issue,2023-07-01
R0001645,O00030613,Damaged item,2024-11-02
R0001646,O00030614,Wrong item,2025-03-10
R0001647,O00030622,Wrong item,2025-05-08
R0001648,O00030678,Damaged item,2025-05-23
R0001649,O00030683,Quality issue,2023-06-06
R0001650,O00030692,Quality issue,2025-01-04
R0001651,O00030723,Damaged item,2023-11-09
R0001652,O00030733,Damaged item,2025-12-12
R0001653,O00030738,Damaged item,2025-11-23
R0001654,O00030742,Quality issue,2023-12-24
R0001655,O00030815,Quality issue,2025-08-07
R0001656,O00030832,Changed mind,2025-06-28
R0001657,O00030852,Changed mind,2023-11-15
R0001658,O00030864,Wrong item,2023-07-26
R0001659,O00030911,Changed mind,2025-12-12
R0001660,O00030913,Quality issue,2025-12-29
R0001661,O00030944,Wrong item,2023-10-03
R0001662,O00030953,Quality issue,2024-06-11
R0001663,O00030956,Late delivery,2024-09-06
R0001664,O00030960,Changed mind,2024-12-08
R0001665,O00030962,Wrong item,2025-01-01
R0001666,O00030977,Wrong item,2024-02-07
R0001667,O00031043,Quality issue,2025-11-25
R0001668,O00031046,Size issue,2025-11-14
R0001669,O00031080,Late delivery,2024-09-26
R0001670,O00031099,Late delivery,2025-12-11
R0001671,O00031100,Changed mind,2026-01-19
R0001672,O00031110,Quality issue,2026-01-01
R0001673,O00031118,Size issue,2026-01-12
R0001674,O00031121,Wrong item,2025-12-20
R0001675,O00031126,Late delivery,2024-12-23
R0001676,O00031128,Wrong item,2025-02-15
R0001677,O00031136,Damaged item,2024-09-19
R0001678,O00031141,Quality issue,2024-03-25
R0001679,O00031202,Quality issue,2023-12-01
R0001680,O00031236,Damaged item,2024-03-29
R0001681,O00031244,Damaged item,2025-07-18
R0001682,O00031249,Late delivery,2025-06-09
R0001683,O00031250,Wrong item,2025-06-06
R0001684,O00031277,Quality issue,2026-01-06
R0001685,O00031291,Wrong item,2025-12-30
R0001686,O00031301,Quality issue,2025-08-31
R0001687,O00031304,Wrong item,2025-12-07
R0001688,O00031306,Changed mind,2026-01-09
R0001689,O00031318,Wrong item,2024-04-04
R0001690,O00031326,Damaged item,2026-01-08
R0001691,O00031349,Size issue,2026-01-07
R0001692,O00031371,Changed mind,2026-01-07
R0001693,O00031385,Late delivery,2024-07-05
R0001694,O00031420,Wrong item,2025-03-14
R0001695,O00031437,Damaged item,2025-04-20
R0001696,O00031445,Late delivery,2025-10-10
R0001697,O00031463,Wrong item,2025-09-26
R0001698,O00031466,Quality issue,2025-12-04
R0001699,O00031468,Size issue,2025-12-19
R0001700,O00031511,Wrong item,2025-10-05
R0001701,O00031546,Quality issue,2025-01-09
R0001702,O00031551,Quality issue,2025-03-06
R0001703,O00031573,Size issue,2025-08-05
R0001704,O00031585,Size issue,2025-06-26
R0001705,O00031587,Damaged item,2025-10-26
R0001706,O00031602,Wrong item,2025-07-30
R0001707,O00031605,Size issue,2026-01-12
R0001708,O00031608,Late delivery,2026-01-05
R0001709,O00031653,Quality issue,2025-01-23
R0001710,O00031661,Wrong item,2024-09-13
R0001711,O00031663,Late delivery,2025-07-28
R0001712,O00031721,Quality issue,2025-01-10
R0001713,O00031723,Damaged item,2025-06-25
R0001714,O00031744,Quality issue,2025-12-08
R0001715,O00031866,Size issue,2024-09-16
R0001716,O00031870,Size issue,2025-07-11
R0001717,O00031873,Wrong item,2025-12-03
R0001718,O00031885,Size issue,2025-08-02
R0001719,O00031893,Size issue,2024-11-14
R0001720,O00031897,Quality issue,2025-10-02
R0001721,O00031906,Quality issue,2026-01-04
R0001722,O00031922,Damaged item,2024-05-09
R0001723,O00031923,Quality issue,2024-07-10
R0001724,O00031928,Damaged item,2025-06-10
R0001725,O00031938,Damaged item,2024-08-26
R0001726,O00031956,Damaged item,2025-09-27
R0001727,O00031957,Late delivery,2025-09-24
R0001728,O00031966,Late delivery,2025-10-12
R0001729,O00031974,Changed mind,2024-08-12
R0001730,O00031977,Quality issue,2023-12-27
R0001731,O00031990,Damaged item,2024-07-04
R0001732,O00032007,Quality issue,2025-12-21
R0001733,O00032051,Late delivery,2024-09-18
R0001734,O00032061,Late delivery,2025-05-04
R0001735,O00032074,Late delivery,2025-06-07
R0001736,O00032083,Size issue,2025-12-26
R0001737,O00032113,Late delivery,2025-05-24
R0001738,O00032120,Quality issue,2025-11-15
R0001739,O00032125,Damaged item,2025-08-15
R0001740,O00032132,Damaged item,2025-12-09
R0001741,O00032138,Wrong item,2024-12-05
R0001742,O00032153,Late delivery,2024-04-27
R0001743,O00032162,Changed mind,2025-07-18
R0001744,O00032170,Late delivery,2023-11-07
R0001745,O00032206,Late delivery,2025-01-10
R0001746,O00032212,Size issue,2025-12-08
R0001747,O00032213,Late delivery,2025-12-23
R0001748,O00032229,Changed mind,2025-02-02
R0001749,O00032247,Wrong item,2024-10-28
R0001750,O00032271,Late delivery,2025-11-14
R0001751,O00032279,Late delivery,2024-10-09
R0001752,O00032325,Late delivery,2024-06-18
R0001753,O00032330,Damaged item,2025-03-27
R0001754,O00032366,Wrong item,2023-12-15
R0001755,O00032392,Quality issue,2025-04-28
R0001756,O00032393,Wrong item,2025-07-25
R0001757,O00032427,Size issue,2025-10-21
R0001758,O00032436,Late delivery,2026-01-10
R0001759,O00032464,Changed mind,2023-07-10
R0001760,O00032467,Quality issue,2024-02-02
R0001761,O00032469,Size issue,2024-04-26
R0001762,O00032481,Damaged item,2025-12-12
R0001763,O00032491,Wrong item,2023-07-19
R0001764,O00032493,Size issue,2024-01-10
R0001765,O00032503,Late delivery,2024-10-11
R0001766,O00032530,Damaged item,2025-04-10
R0001767,O00032549,Late delivery,2023-10-07
R0001768,O00032551,Changed mind,2025-04-08
R0001769,O00032559,Quality issue,2025-01-27
R0001770,O00032582,Size issue,2025-11-04
R0001771,O00032583,Late delivery,2025-12-31
R0001772,O00032604,Changed mind,2023-02-25
R0001773,O00032617,Wrong item,2025-04-01
R0001774,O00032684,Changed mind,2025-12-17
R0001775,O00032725,Late delivery,2026-01-10
R0001776,O00032748,Quality issue,2026-01-13
R0001777,O00032755,Quality issue,2024-03-19
R0001778,O00032765,Damaged item,2025-08-02
R0001779,O00032771,Quality issue,2024-09-12
R0001780,O00032841,Changed mind,2025-12-05
R0001781,O00032854,Changed mind,2025-05-20
R0001782,O00032906,Late delivery,2025-10-07
R0001783,O00032909,Damaged item,2025-07-02
R0001784,O00032947,Late delivery,2024-04-19
R0001785,O00032955,Damaged item,2025-12-02
R0001786,O00033003,Late delivery,2025-10-05
R0001787,O00033014,Late delivery,2025-11-25
R0001788,O00033026,Size issue,2026-01-11
R0001789,O00033040,Size issue,2025-04-10
R0001790,O00033072,Size issue,2025-04-03
R0001791,O00033116,Quality issue,2024-04-20
R0001792,O00033130,Changed mind,2023-12-15
R0001793,O00033157,Changed mind,2025-12-23
R0001794,O00033204,Size issue,2024-08-13
R0001795,O00033224,Late delivery,2025-07-07
R0001796,O00033249,Wrong item,2025-04-11
R0001797,O00033250,Wrong item,2025-10-04
R0001798,O00033331,Wrong item,2024-06-17
R0001799,O00033368,Late delivery,2025-11-14
R0001800,O00033369,Damaged item,2025-11-26
R0001801,O00033373,Late delivery,2024-03-06
R0001802,O00033379,Quality issue,2024-11-09
R0001803,O00033391,Size issue,2025-07-24
R0001804,O00033435,Quality issue,2025-01-30
R0001805,O00033437,Damaged item,2025-06-12
R0001806,O00033451,Late delivery,2025-06-18
R0001807,O00033464,Wrong item,2025-08-22
R0001808,O00033496,Late delivery,2023-03-27
R0001809,O00033497,Changed mind,2023-07-14
R0001810,O00033498,Damaged item,2023-08-11
R0001811,O00033503,Size issue,2024-04-13
R0001812,O00033517,Late delivery,2025-11-02
R0001813,O00033533,Size issue,2023-07-15
R0001814,O00033566,Changed mind,2025-12-12
R0001815,O00033575,Size issue,2025-11-07
R0001816,O00033595,Damaged item,2024-08-01
R0001817,O00033621,Damaged item,2023-11-25
R0001818,O00033622,Quality issue,2023-11-04
R0001819,O00033686,Late delivery,2025-06-10
R0001820,O00033689,Size issue,2025-12-03
R0001821,O00033698,Late delivery,2026-01-07
R0001822,O00033745,Late delivery,2025-12-17
R0001823,O00033747,Changed mind,2025-03-27
R0001824,O00033755,Damaged item,2025-02-13
R0001825,O00033801,Damaged item,2025-02-18
R0001826,O00033812,Quality issue,2025-12-25
R0001827,O00033828,Wrong item,2025-11-07
R0001828,O00033837,Quality issue,2023-12-08
R0001829,O00033840,Size issue,2024-12-02
R0001830,O00033844,Late delivery,2025-12-25
R0001831,O00033845,Late delivery,2024-10-20
R0001832,O00033870,Late delivery,2024-11-26
R0001833,O00033871,Late delivery,2024-12-10
R0001834,O00033889,Wrong item,2025-03-04
R0001835,O00033903,Size issue,2025-05-14
R0001836,O00033919,Quality issue,2023-09-23
R0001837,O00033920,Quality issue,2024-04-10
R0001838,O00033944,Quality issue,2024-09-03
R0001839,O00033950,Late delivery,2025-03-07
R0001840,O00033968,Damaged item,2025-12-06
R0001841,O00033971,Damaged item,2025-12-14
R0001842,O00033987,Changed mind,2025-04-11
R0001843,O00033994,Quality issue,2025-11-19
R0001844,O00034030,Late delivery,2025-06-01
R0001845,O00034048,Size issue,2025-12-13
R0001846,O00034064,Late delivery,2023-03-12
R0001847,O00034115,Quality issue,2026-01-07
R0001848,O00034120,Wrong item,2025-11-10
R0001849,O00034151,Wrong item,2025-07-09
R0001850,O00034167,Quality issue,2025-12-29
R0001851,O00034168,Late delivery,2026-01-14
R0001852,O00034175,Size issue,2025-06-14
R0001853,O00034183,Late delivery,2026-01-22
R0001854,O00034217,Wrong item,2025-02-13
R0001855,O00034220,Late delivery,2024-06-30
R0001856,O00034251,Quality issue,2026-01-10
R0001857,O00034280,Quality issue,2025-11-13
R0001858,O00034282,Damaged item,2025-12-15
R0001859,O00034300,Quality issue,2023-10-31
R0001860,O00034306,Damaged item,2025-04-18
R0001861,O00034325,Damaged item,2025-06-13
R0001862,O00034326,Quality issue,2025-06-27
R0001863,O00034349,Size issue,2025-12-09
R0001864,O00034392,Late delivery,2026-01-15
R0001865,O00034394,Size issue,2026-01-23
R0001866,O00034423,Quality issue,2025-09-05
R0001867,O00034426,Late delivery,2025-12-05
R0001868,O00034448,Changed mind,2025-11-12
R0001869,O00034477,Late delivery,2025-03-16
R0001870,O00034509,Wrong item,2024-06-13
R0001871,O00034563,Damaged item,2025-07-27
R0001872,O00034584,Quality issue,2024-10-26
R0001873,O00034606,Changed mind,2025-05-21
R0001874,O00034628,Quality issue,2023-12-30
R0001875,O00034653,Quality issue,2023-05-11
R0001876,O00034673,Wrong item,2025-10-07
R0001877,O00034683,Changed mind,2025-08-11
R0001878,O00034692,Size issue,2025-11-07
R0001879,O00034702,Changed mind,2024-12-29
R0001880,O00034724,Quality issue,2024-11-08
R0001881,O00034729,Size issue,2025-06-23
R0001882,O00034753,Quality issue,2024-12-21
R0001883,O00034762,Late delivery,2025-12-07
R0001884,O00034782,Changed mind,2026-01-08
R0001885,O00034798,Quality issue,2026-01-22
R0001886,O00034803,Size issue,2023-11-22
R0001887,O00034817,Damaged item,2024-07-19
R0001888,O00034821,Size issue,2024-09-28
R0001889,O00034838,Size issue,2024-11-15
R0001890,O00034870,Damaged item,2024-11-15
R0001891,O00034889,Late delivery,2023-12-23
R0001892,O00034910,Wrong item,2025-11-13
R0001893,O00034930,Size issue,2026-01-07
R0001894,O00034946,Size issue,2025-11-22
R0001895,O00035000,Quality issue,2023-06-02
R0001896,O00035007,Late delivery,2024-05-08
R0001897,O00035019,Quality issue,2025-12-23
R0001898,O00035055,Changed mind,2025-05-24
R0001899,O00035112,Late delivery,2025-07-20
R0001900,O00035126,Late delivery,2025-07-04
R0001901,O00035159,Quality issue,2024-04-16
R0001902,O00035243,Wrong item,2024-10-12
R0001903,O00035258,Quality issue,2025-09-11
R0001904,O00035297,Changed mind,2023-09-28
R0001905,O00035323,Late delivery,2025-12-05
R0001906,O00035326,Changed mind,2025-01-06
R0001907,O00035328,Quality issue,2024-09-14
R0001908,O00035339,Changed mind,2025-08-30
R0001909,O00035341,Late delivery,2025-12-27
R0001910,O00035353,Wrong item,2024-07-22
R0001911,O00035375,Changed mind,2025-03-30
R0001912,O00035408,Late delivery,2025-10-26
R0001913,O00035414,Late delivery,2026-01-02
R0001914,O00035420,Wrong item,2024-09-02
R0001915,O00035424,Wrong item,2024-11-12
R0001916,O00035457,Changed mind,2024-04-12
R0001917,O00035501,Quality issue,2025-12-26
R0001918,O00035528,Quality issue,2025-11-29
R0001919,O00035535,Damaged item,2025-11-05
R0001920,O00035540,Changed mind,2025-01-01
R0001921,O00035546,Damaged item,2025-09-17
R0001922,O00035561,Size issue,2025-10-18
R0001923,O00035582,Size issue,2025-04-22
R0001924,O00035591,Quality issue,2025-03-18
R0001925,O00035627,Damaged item,2025-02-12
R0001926,O00035638,Changed mind,2025-11-17
R0001927,O00035642,Changed mind,2026-01-02
R0001928,O00035649,Wrong item,2025-12-21
R0001929,O00035678,Quality issue,2025-11-23
R0001930,O00035687,Quality issue,2025-12-03
R0001931,O00035695,Late delivery,2025-11-11
R0001932,O00035741,Damaged item,2024-08-18
R0001933,O00035757,Late delivery,2025-07-24
R0001934,O00035760,Wrong item,2025-11-17
R0001935,O00035807,Size issue,2025-09-25
R0001936,O00035834,Damaged item,2025-04-27
R0001937,O00035846,Quality issue,2024-08-06
R0001938,O00035849,Damaged item,2025-09-13
R0001939,O00035851,Damaged item,2025-11-22
R0001940,O00035852,Quality issue,2026-01-12
R0001941,O00035888,Quality issue,2025-11-17
R0001942,O00035894,Size issue,2025-06-03
R0001943,O00035907,Size issue,2025-12-27
R0001944,O00035982,Changed mind,2023-11-06
R0001945,O00036027,Changed mind,2025-08-07
R0001946,O00036060,Late delivery,2025-07-19
R0001947,O00036119,Late delivery,2025-10-15
R0001948,O00036129,Late delivery,2025-01-04
R0001949,O00036135,Changed mind,2023-10-05
R0001950,O00036138,Quality issue,2025-09-10
R0001951,O00036151,Quality issue,2024-08-20
R0001952,O00036154,Changed mind,2024-10-15
R0001953,O00036175,Size issue,2024-12-09
R0001954,O00036193,Damaged item,2024-05-20
R0001955,O00036200,Quality issue,2025-02-17
R0001956,O00036241,Wrong item,2024-11-26
R0001957,O00036243,Damaged item,2025-12-18
R0001958,O00036250,Quality issue,2025-12-16
R0001959,O00036269,Wrong item,2024-11-04
R0001960,O00036296,Damaged item,2025-07-25
R0001961,O00036298,Damaged item,2024-05-15
R0001962,O00036335,Damaged item,2025-05-21
R0001963,O00036343,Wrong item,2024-11-22
R0001964,O00036373,Size issue,2025-04-21
R0001965,O00036389,Wrong item,2025-07-01
R0001966,O00036393,Quality issue,2024-06-18
R0001967,O00036410,Late delivery,2024-10-31
R0001968,O00036420,Wrong item,2024-07-16
R0001969,O00036432,Quality issue,2024-11-12
R0001970,O00036463,Late delivery,2025-09-07
R0001971,O00036497,Late delivery,2024-12-06
R0001972,O00036508,Quality issue,2025-11-16
R0001973,O00036606,Quality issue,2024-12-14
R0001974,O00036607,Damaged item,2025-05-30
R0001975,O00036630,Damaged item,2024-12-13
R0001976,O00036637,Damaged item,2025-11-10
R0001977,O00036678,Late delivery,2025-11-23
R0001978,O00036725,Damaged item,2024-12-22
R0001979,O00036731,Wrong item,2025-07-09
R0001980,O00036739,Quality issue,2025-11-13
R0001981,O00036774,Quality issue,2025-10-18
R0001982,O00036779,Late delivery,2024-06-30
R0001983,O00036783,Late delivery,2024-11-14
R0001984,O00036793,Quality issue,2025-10-30
R0001985,O00036825,Size issue,2025-06-11
R0001986,O00036834,Late delivery,2024-09-14
R0001987,O00036858,Size issue,2025-03-12
R0001988,O00036868,Damaged item,2025-09-07
R0001989,O00036886,Damaged item,2025-11-13
R0001990,O00036954,Size issue,2024-11-03
R0001991,O00036960,Late delivery,2024-12-22
R0001992,O00036976,Wrong item,2025-04-10
R0001993,O00037009,Wrong item,2025-12-07
R0001994,O00037010,Wrong item,2025-12-16
R0001995,O00037023,Quality issue,2025-12-05
R0001996,O00037036,Quality issue,2024-06-24
R0001997,O00037039,Wrong item,2025-01-06
R0001998,O00037041,Quality issue,2025-05-29
R0001999,O00037082,Damaged item,2025-12-25
R0002000,O00037084,Changed mind,2026-01-11
R0002001,O00037086,Damaged item,2025-12-31
R0002002,O00037129,Size issue,2025-07-05
R0002003,O00037163,Size issue,2024-11-06
R0002004,O00037169,Size issue,2024-11-25
R0002005,O00037174,Size issue,2023-11-05
R0002006,O00037175,Quality issue,2025-06-06
R0002007,O00037191,Changed mind,2025-04-20
R0002008,O00037214,Size issue,2023-05-02
R0002009,O00037249,Damaged item,2025-10-23
R0002010,O00037283,Damaged item,2025-11-13
R0002011,O00037378,Changed mind,2023-05-20
R0002012,O00037387,Quality issue,2024-04-15
R0002013,O00037397,Wrong item,2024-10-26
R0002014,O00037402,Changed mind,2024-09-11
R0002015,O00037415,Wrong item,2025-06-30
R0002016,O00037431,Quality issue,2025-01-01
R0002017,O00037433,Wrong item,2025-03-08
R0002018,O00037441,Size issue,2025-11-21
R0002019,O00037473,Size issue,2025-07-20
R0002020,O00037484,Quality issue,2023-11-02
R0002021,O00037519,Damaged item,2025-10-14
R0002022,O00037521,Damaged item,2025-10-30
R0002023,O00037528,Changed mind,2023-10-22
R0002024,O00037554,Changed mind,2025-12-04
R0002025,O00037572,Late delivery,2025-03-19
R0002026,O00037615,Damaged item,2023-12-28
R0002027,O00037618,Wrong item,2024-02-02
R0002028,O00037632,Size issue,2025-06-11
R0002029,O00037685,Quality issue,2025-10-28
R0002030,O00037700,Late delivery,2024-05-23
R0002031,O00037736,Size issue,2025-11-05
R0002032,O00037740,Quality issue,2025-11-22
R0002033,O00037744,Quality issue,2025-05-22
R0002034,O00037750,Quality issue,2025-12-03
R0002035,O00037751,Changed mind,2025-12-09
R0002036,O00037755,Size issue,2026-01-26
R0002037,O00037758,Quality issue,2025-07-27
R0002038,O00037783,Quality issue,2024-09-29
R0002039,O00037792,Wrong item,2025-02-12
R0002040,O00037800,Size issue,2025-11-17
R0002041,O00037808,Quality issue,2026-01-08
R0002042,O00037911,Late delivery,2024-11-09
R0002043,O00037928,Damaged item,2025-06-24
R0002044,O00037934,Damaged item,2025-10-24
R0002045,O00037953,Size issue,2024-07-12
R0002046,O00037954,Wrong item,2024-10-05
R0002047,O00037972,Size issue,2025-12-06
R0002048,O00038070,Quality issue,2023-04-26
R0002049,O00038071,Changed mind,2025-11-16
R0002050,O00038082,Late delivery,2025-07-02
R0002051,O00038125,Changed mind,2025-10-13
R0002052,O00038145,Quality issue,2025-03-12
R0002053,O00038154,Size issue,2024-11-20
R0002054,O00038162,Late delivery,2025-01-03
R0002055,O00038188,Late delivery,2025-03-15
R0002056,O00038273,Size issue,2025-03-24
R0002057,O00038295,Wrong item,2025-09-24
R0002058,O00038301,Changed mind,2024-05-19
R0002059,O00038331,Wrong item,2026-01-07
R0002060,O00038349,Quality issue,2026-01-09
R0002061,O00038351,Wrong item,2025-10-31
R0002062,O00038358,Late delivery,2025-09-16
R0002063,O00038416,Wrong item,2024-02-19
R0002064,O00038439,Late delivery,2025-09-17
R0002065,O00038440,Quality issue,2025-10-15
R0002066,O00038478,Late delivery,2023-11-27
R0002067,O00038486,Damaged item,2026-01-10
R0002068,O00038505,Quality issue,2024-09-09
R0002069,O00038531,Changed mind,2025-12-30
R0002070,O00038539,Wrong item,2024-11-17
R0002071,O00038561,Quality issue,2025-03-05
R0002072,O00038593,Wrong item,2026-01-12
R0002073,O00038612,Size issue,2026-01-01
R0002074,O00038626,Quality issue,2025-09-07
R0002075,O00038636,Damaged item,2025-09-01
R0002076,O00038653,Quality issue,2025-08-25
R0002077,O00038661,Damaged item,2026-01-20
R0002078,O00038666,Late delivery,2023-09-24
R0002079,O00038683,Size issue,2025-12-27
R0002080,O00038728,Size issue,2024-07-16
R0002081,O00038758,Changed mind,2024-10-25
R0002082,O00038774,Damaged item,2025-08-11
R0002083,O00038775,Changed mind,2025-11-03
R0002084,O00038840,Damaged item,2026-01-13
R0002085,O00038843,Late delivery,2023-09-28
R0002086,O00038845,Damaged item,2024-12-30
R0002087,O00038888,Damaged item,2025-10-23
R0002088,O00038892,Size issue,2025-11-14
R0002089,O00038922,Size issue,2024-12-20
R0002090,O00038930,Size issue,2025-12-24
R0002091,O00038960,Quality issue,2025-10-17
R0002092,O00038975,Damaged item,2025-08-12
R0002093,O00039000,Changed mind,2024-11-25
R0002094,O00039019,Quality issue,2024-04-11
R0002095,O00039020,Wrong item,2024-06-29
R0002096,O00039041,Wrong item,2024-08-22
R0002097,O00039062,Late delivery,2025-09-17
R0002098,O00039098,Quality issue,2025-11-26
R0002099,O00039108,Late delivery,2025-01-29
R0002100,O00039115,Wrong item,2025-03-25
R0002101,O00039126,Size issue,2025-11-26
R0002102,O00039160,Changed mind,2025-02-15
R0002103,O00039164,Size issue,2025-04-17
R0002104,O00039174,Wrong item,2025-11-09
R0002105,O00039175,Quality issue,2025-11-23
R0002106,O00039197,Changed mind,2025-11-08
R0002107,O00039207,Damaged item,2024-05-26
R0002108,O00039241,Wrong item,2025-12-12
R0002109,O00039270,Size issue,2024-08-08
R0002110,O00039278,Late delivery,2025-10-18
R0002111,O00039286,Damaged item,2023-12-29
R0002112,O00039333,Damaged item,2024-11-27
R0002113,O00039344,Quality issue,2025-04-02
R0002114,O00039351,Size issue,2025-11-11
R0002115,O00039380,Changed mind,2025-08-21
R0002116,O00039408,Late delivery,2025-07-12
R0002117,O00039410,Size issue,2025-11-19
R0002118,O00039413,Quality issue,2023-10-26
R0002119,O00039437,Quality issue,2025-11-21
R0002120,O00039447,Size issue,2025-03-19
R0002121,O00039474,Damaged item,2023-09-04
R0002122,O00039490,Quality issue,2025-06-15
R0002123,O00039500,Damaged item,2025-02-05
R0002124,O00039514,Quality issue,2024-06-12
R0002125,O00039538,Late delivery,2025-04-12
R0002126,O00039573,Wrong item,2025-12-09
R0002127,O00039574,Changed mind,2025-12-20
R0002128,O00039576,Late delivery,2024-11-03
R0002129,O00039578,Size issue,2025-02-23
R0002130,O00039590,Late delivery,2025-10-08
R0002131,O00039614,Changed mind,2024-08-31
R0002132,O00039622,Damaged item,2026-01-01
R0002133,O00039625,Damaged item,2026-01-10
R0002134,O00039644,Size issue,2024-05-03
R0002135,O00039667,Wrong item,2025-11-30
R0002136,O00039706,Damaged item,2024-05-13
R0002137,O00039719,Wrong item,2025-06-19
R0002138,O00039750,Late delivery,2025-08-31
R0002139,O00039769,Wrong item,2025-11-24
R0002140,O00039793,Damaged item,2024-09-05
R0002141,O00039822,Damaged item,2024-01-01
R0002142,O00039826,Wrong item,2024-09-03
R0002143,O00039830,Size issue,2025-12-26
R0002144,O00039834,Quality issue,2024-02-22
R0002145,O00039853,Changed mind,2024-09-14
R0002146,O00039905,Changed mind,2025-10-26
R0002147,O00039914,Size issue,2025-04-17
R0002148,O00039921,Late delivery,2025-12-29
R0002149,O00039930,Size issue,2025-09-06
R0002150,O00039936,Changed mind,2025-01-28
R0002151,O00039949,Damaged item,2026-01-09
R0002152,O00039955,Damaged item,2023-02-16
R0002153,O00039984,Changed mind,2025-12-14
R0002154,O00039985,Wrong item,2025-12-12
R0002155,O00039995,Size issue,2025-08-27
R0002156,O00040033,Quality issue,2025-09-14
R0002157,O00040041,Late delivery,2025-09-01
R0002158,O00040042,Size issue,2025-12-10
R0002159,O00040048,Damaged item,2024-08-18
R0002160,O00040063,Late delivery,2025-03-06
R0002161,O00040095,Size issue,2025-05-06
R0002162,O00040116,Wrong item,2025-10-31
R0002163,O00040183,Wrong item,2025-03-15
R0002164,O00040184,Wrong item,2025-05-16
R0002165,O00040205,Size issue,2023-12-21
R0002166,O00040218,Size issue,2025-09-15
R0002167,O00040224,Damaged item,2025-12-14
R0002168,O00040241,Size issue,2025-12-10
R0002169,O00040263,Quality issue,2024-12-09
R0002170,O00040304,Damaged item,2025-06-30
R0002171,O00040332,Late delivery,2025-11-10
R0002172,O00040344,Quality issue,2023-05-21
R0002173,O00040349,Damaged item,2024-01-05
R0002174,O00040350,Quality issue,2024-01-07
R0002175,O00040357,Wrong item,2025-04-14
R0002176,O00040379,Quality issue,2025-03-03
R0002177,O00040387,Size issue,2025-12-28
R0002178,O00040394,Damaged item,2024-12-28
R0002179,O00040418,Changed mind,2025-11-29
R0002180,O00040463,Wrong item,2025-10-20
R0002181,O00040470,Wrong item,2025-12-31
R0002182,O00040515,Wrong item,2025-10-24
R0002183,O00040524,Wrong item,2025-07-06
R0002184,O00040535,Quality issue,2025-08-21
R0002185,O00040546,Changed mind,2026-02-01
R0002186,O00040552,Quality issue,2024-09-14
R0002187,O00040559,Changed mind,2024-06-15
R0002188,O00040561,Late delivery,2024-08-08
R0002189,O00040570,Damaged item,2025-10-05
R0002190,O00040580,Changed mind,2026-01-13
R0002191,O00040587,Size issue,2024-06-29
R0002192,O00040597,Size issue,2026-01-11
R0002193,O00040601,Changed mind,2025-12-13
R0002194,O00040616,Changed mind,2026-01-07
R0002195,O00040643,Size issue,2025-07-02
R0002196,O00040658,Late delivery,2024-04-20
R0002197,O00040662,Changed mind,2025-12-10
R0002198,O00040682,Changed mind,2024-09-09
R0002199,O00040684,Damaged item,2023-02-01
R0002200,O00040717,Damaged item,2024-12-16
R0002201,O00040782,Wrong item,2024-09-22
R0002202,O00040786,Size issue,2025-05-03
R0002203,O00040787,Damaged item,2025-06-01
R0002204,O00040793,Size issue,2025-02-16
R0002205,O00040862,Damaged item,2025-02-06
R0002206,O00040868,Changed mind,2024-08-19
R0002207,O00040891,Late delivery,2024-09-21
R0002208,O00040923,Size issue,2025-12-20
R0002209,O00040961,Changed mind,2024-11-28
R0002210,O00040967,Late delivery,2024-12-17
R0002211,O00040994,Wrong item,2025-09-01
R0002212,O00040995,Damaged item,2025-10-29
R0002213,O00041031,Wrong item,2025-11-04
R0002214,O00041034,Changed mind,2025-11-25
R0002215,O00041052,Damaged item,2025-11-09
R0002216,O00041054,Size issue,2024-04-18
R0002217,O00041090,Late delivery,2024-12-27
R0002218,O00041096,Late delivery,2024-05-21
R0002219,O00041101,Late delivery,2025-08-26
R0002220,O00041105,Late delivery,2025-02-16
R0002221,O00041110,Quality issue,2025-12-30
R0002222,O00041164,Quality issue,2025-02-15
R0002223,O00041180,Changed mind,2025-03-31
R0002224,O00041181,Quality issue,2025-09-22
R0002225,O00041183,Changed mind,2025-05-28
R0002226,O00041237,Quality issue,2025-09-23
R0002227,O00041290,Quality issue,2025-10-08
R0002228,O00041301,Quality issue,2025-12-10
R0002229,O00041325,Late delivery,2024-09-26
R0002230,O00041327,Quality issue,2025-11-12
R0002231,O00041344,Size issue,2025-11-08
R0002232,O00041346,Size issue,2025-12-05
R0002233,O00041355,Wrong item,2026-01-07
R0002234,O00041382,Damaged item,2024-12-14
R0002235,O00041393,Damaged item,2025-12-18
R0002236,O00041401,Late delivery,2024-11-12
R0002237,O00041444,Quality issue,2024-12-04
R0002238,O00041469,Changed mind,2024-12-02
R0002239,O00041499,Size issue,2023-07-24
R0002240,O00041563,Size issue,2025-01-15
R0002241,O00041568,Size issue,2024-01-10
R0002242,O00041569,Wrong item,2024-01-21
R0002243,O00041571,Late delivery,2025-06-15
R0002244,O00041573,Wrong item,2025-09-18
R0002245,O00041574,Quality issue,2025-12-13
R0002246,O00041597,Late delivery,2026-01-23
R0002247,O00041619,Damaged item,2025-10-18
R0002248,O00041629,Damaged item,2023-12-17
R0002249,O00041633,Quality issue,2025-11-21
R0002250,O00041635,Damaged item,2025-10-26
R0002251,O00041669,Quality issue,2024-08-20
R0002252,O00041680,Quality issue,2024-09-02
R0002253,O00041688,Damaged item,2025-06-21
R0002254,O00041690,Damaged item,2025-11-18
R0002255,O00041698,Quality issue,2023-12-14
R0002256,O00041715,Changed mind,2025-10-16
R0002257,O00041721,Wrong item,2025-11-29
R0002258,O00041806,Damaged item,2025-10-20
R0002259,O00041843,Late delivery,2025-05-23
R0002260,O00041847,Changed mind,2024-11-26
R0002261,O00041855,Size issue,2025-06-17
R0002262,O00041860,Quality issue,2025-09-27
R0002263,O00041867,Wrong item,2025-10-28
R0002264,O00041877,Size issue,2025-05-20
R0002265,O00041879,Damaged item,2025-01-23
R0002266,O00041937,Quality issue,2024-06-02
R0002267,O00041939,Quality issue,2024-10-02
R0002268,O00041940,Damaged item,2024-11-04
R0002269,O00041953,Quality issue,2024-10-20
R0002270,O00041976,Quality issue,2025-12-06
R0002271,O00041983,Changed mind,2025-04-10
R0002272,O00042014,Quality issue,2025-11-05
R0002273,O00042029,Wrong item,2025-11-16
R0002274,O00042039,Size issue,2025-12-27
R0002275,O00042046,Quality issue,2024-07-06
R0002276,O00042049,Damaged item,2024-08-13
R0002277,O00042127,Quality issue,2024-08-04
R0002278,O00042140,Changed mind,2023-08-31
R0002279,O00042148,Changed mind,2025-12-16
R0002280,O00042151,Size issue,2024-03-10
R0002281,O00042159,Size issue,2023-07-01
R0002282,O00042163,Wrong item,2024-06-21
R0002283,O00042172,Damaged item,2025-02-24
R0002284,O00042179,Quality issue,2024-12-12
R0002285,O00042207,Wrong item,2024-06-24
R0002286,O00042254,Changed mind,2023-06-28
R0002287,O00042258,Changed mind,2023-12-26
R0002288,O00042303,Quality issue,2025-08-01
R0002289,O00042306,Changed mind,2025-12-01
R0002290,O00042372,Size issue,2025-05-09
R0002291,O00042373,Damaged item,2025-07-29
R0002292,O00042385,Wrong item,2025-11-02
R0002293,O00042402,Late delivery,2025-03-07
R0002294,O00042409,Size issue,2025-11-21
R0002295,O00042422,Damaged item,2025-07-30
R0002296,O00042424,Quality issue,2023-09-12
R0002297,O00042431,Quality issue,2025-12-01
R0002298,O00042453,Damaged item,2026-01-02
R0002299,O00042454,Size issue,2025-06-06
R0002300,O00042473,Late delivery,2025-11-12
R0002301,O00042490,Late delivery,2023-08-18
R0002302,O00042533,Late delivery,2025-12-17
R0002303,O00042546,Damaged item,2025-10-22
R0002304,O00042547,Damaged item,2025-05-26
R0002305,O00042590,Changed mind,2025-05-31
R0002306,O00042658,Changed mind,2024-12-14
R0002307,O00042665,Late delivery,2024-11-18
R0002308,O00042688,Quality issue,2025-08-24
R0002309,O00042726,Wrong item,2024-12-27
R0002310,O00042729,Damaged item,2025-12-29
R0002311,O00042746,Size issue,2025-12-26
R0002312,O00042801,Wrong item,2024-07-03
R0002313,O00042807,Damaged item,2025-07-28
R0002314,O00042821,Wrong item,2025-12-21
R0002315,O00042830,Late delivery,2026-01-20
R0002316,O00042837,Late delivery,2026-01-23
R0002317,O00042857,Quality issue,2024-06-29
R0002318,O00042859,Late delivery,2024-12-24
R0002319,O00042890,Late delivery,2025-05-21
R0002320,O00042894,Size issue,2025-07-09
R0002321,O00042913,Quality issue,2025-04-19
R0002322,O00042921,Late delivery,2025-11-26
R0002323,O00042956,Wrong item,2025-12-18
R0002324,O00042958,Changed mind,2026-01-03
R0002325,O00042966,Quality issue,2025-10-17
R0002326,O00043011,Damaged item,2025-11-04
R0002327,O00043017,Wrong item,2024-10-31
R0002328,O00043038,Size issue,2025-09-23
R0002329,O00043042,Late delivery,2023-08-31
R0002330,O00043090,Quality issue,2024-12-25
R0002331,O00043144,Late delivery,2025-08-21
R0002332,O00043152,Wrong item,2024-12-31
R0002333,O00043157,Changed mind,2025-07-26
R0002334,O00043173,Changed mind,2024-08-21
R0002335,O00043203,Changed mind,2025-07-12
R0002336,O00043217,Size issue,2026-01-11
R0002337,O00043221,Changed mind,2025-09-11
R0002338,O00043254,Wrong item,2025-08-26
R0002339,O00043258,Late delivery,2025-12-18
R0002340,O00043292,Wrong item,2025-12-29
R0002341,O00043316,Quality issue,2025-12-25
R0002342,O00043320,Wrong item,2026-01-05
R0002343,O00043325,Changed mind,2025-11-15
R0002344,O00043333,Quality issue,2025-11-01
R0002345,O00043353,Late delivery,2025-08-27
R0002346,O00043364,Changed mind,2025-10-24
R0002347,O00043372,Late delivery,2025-10-31
R0002348,O00043425,Wrong item,2026-01-09
R0002349,O00043446,Size issue,2025-12-16
R0002350,O00043481,Quality issue,2025-09-20
R0002351,O00043497,Size issue,2024-03-10
R0002352,O00043507,Changed mind,2025-09-05
R0002353,O00043564,Wrong item,2024-03-09
R0002354,O00043571,Quality issue,2025-06-18
R0002355,O00043578,Size issue,2026-01-11
R0002356,O00043590,Changed mind,2024-12-08
R0002357,O00043614,Quality issue,2025-08-30
R0002358,O00043616,Damaged item,2024-01-28
R0002359,O00043634,Size issue,2026-01-16
R0002360,O00043641,Wrong item,2025-04-15
R0002361,O00043688,Damaged item,2025-06-18
R0002362,O00043706,Damaged item,2024-07-25
R0002363,O00043715,Size issue,2025-06-19
R0002364,O00043718,Damaged item,2025-11-01
R0002365,O00043723,Changed mind,2024-01-24
R0002366,O00043753,Wrong item,2025-12-19
R0002367,O00043754,Quality issue,2026-01-05
R0002368,O00043766,Wrong item,2023-09-05
R0002369,O00043789,Size issue,2025-07-14
R0002370,O00043819,Damaged item,2025-11-22
R0002371,O00043832,Quality issue,2025-12-02
R0002372,O00043833,Wrong item,2025-12-23
R0002373,O00043836,Late delivery,2025-07-14
R0002374,O00043847,Late delivery,2025-03-22
R0002375,O00043848,Quality issue,2025-06-20
R0002376,O00043872,Quality issue,2025-12-29
R0002377,O00043886,Changed mind,2025-09-16
R0002378,O00043894,Wrong item,2025-08-10
R0002379,O00043897,Quality issue,2024-12-22
R0002380,O00043917,Changed mind,2025-12-17
R0002381,O00043924,Size issue,2024-12-09
R0002382,O00044033,Damaged item,2025-07-13
R0002383,O00044058,Wrong item,2025-04-29
R0002384,O00044060,Wrong item,2025-07-06
R0002385,O00044064,Late delivery,2025-12-02
R0002386,O00044078,Changed mind,2024-02-12
R0002387,O00044102,Damaged item,2023-05-19
R0002388,O00044106,Quality issue,2025-07-07
R0002389,O00044152,Damaged item,2025-11-23
R0002390,O00044189,Changed mind,2025-04-05
R0002391,O00044225,Damaged item,2025-08-27
R0002392,O00044244,Wrong item,2025-12-05
R0002393,O00044248,Changed mind,2025-11-04
R0002394,O00044278,Size issue,2023-11-01
R0002395,O00044309,Damaged item,2024-05-08
R0002396,O00044342,Late delivery,2025-12-23
R0002397,O00044345,Wrong item,2026-01-03
R0002398,O00044362,Late delivery,2025-11-09
R0002399,O00044370,Quality issue,2024-12-16
R0002400,O00044381,Quality issue,2025-12-25
R0002401,O00044393,Changed mind,2026-01-08
R0002402,O00044402,Changed mind,2025-03-06
R0002403,O00044451,Quality issue,2024-11-13
R0002404,O00044466,Late delivery,2024-01-24
R0002405,O00044494,Quality issue,2025-08-08
R0002406,O00044497,Changed mind,2025-10-08
R0002407,O00044502,Quality issue,2025-09-22
R0002408,O00044521,Changed mind,2025-10-26
R0002409,O00044560,Wrong item,2024-11-16
R0002410,O00044590,Late delivery,2024-12-11
R0002411,O00044595,Quality issue,2025-11-27
R0002412,O00044605,Size issue,2025-10-27
R0002413,O00044614,Damaged item,2025-10-06
R0002414,O00044619,Changed mind,2025-11-03
R0002415,O00044629,Size issue,2024-10-07
R0002416,O00044646,Damaged item,2025-06-08
R0002417,O00044659,Quality issue,2026-01-10
R0002418,O00044689,Damaged item,2025-11-16
R0002419,O00044714,Changed mind,2023-03-08
R0002420,O00044716,Damaged item,2023-06-07
R0002421,O00044717,Wrong item,2023-06-30
R0002422,O00044734,Damaged item,2025-05-06
R0002423,O00044790,Damaged item,2025-03-05
R0002424,O00044794,Late delivery,2024-07-11
R0002425,O00044812,Changed mind,2024-12-06
R0002426,O00044846,Damaged item,2025-08-22
R0002427,O00044847,Changed mind,2025-05-21
R0002428,O00044851,Wrong item,2024-02-09
R0002429,O00044855,Late delivery,2024-11-03
R0002430,O00044866,Size issue,2025-12-17
R0002431,O00044919,Wrong item,2025-11-30
R0002432,O00044933,Quality issue,2024-12-02
R0002433,O00044934,Quality issue,2023-05-15
R0002434,O00044959,Quality issue,2025-11-14
R0002435,O00044981,Changed mind,2025-06-12
R0002436,O00045027,Wrong item,2024-03-21
R0002437,O00045068,Wrong item,2025-12-15
R0002438,O00045085,Changed mind,2024-05-12
R0002439,O00045113,Wrong item,2025-07-25
R0002440,O00045198,Size issue,2025-12-11
R0002441,O00045209,Late delivery,2025-07-30
R0002442,O00045214,Late delivery,2025-11-27
R0002443,O00045239,Quality issue,2024-09-11
R0002444,O00045248,Damaged item,2025-03-08
R0002445,O00045299,Late delivery,2024-04-01
R0002446,O00045329,Quality issue,2025-10-18
R0002447,O00045347,Wrong item,2025-10-20
R0002448,O00045359,Late delivery,2025-09-13
R0002449,O00045421,Damaged item,2024-07-25
R0002450,O00045456,Changed mind,2025-08-31
R0002451,O00045468,Size issue,2025-11-22
R0002452,O00045471,Changed mind,2025-07-23
R0002453,O00045518,Changed mind,2025-03-05
R0002454,O00045549,Size issue,2023-08-12
R0002455,O00045551,Late delivery,2024-01-06
R0002456,O00045554,Changed mind,2024-04-28
R0002457,O00045598,Damaged item,2025-08-23
R0002458,O00045601,Changed mind,2025-11-13
R0002459,O00045610,Changed mind,2025-11-26
R0002460,O00045622,Wrong item,2025-11-27
R0002461,O00045627,Damaged item,2025-04-25
R0002462,O00045657,Wrong item,2026-01-16
R0002463,O00045668,Size issue,2025-07-02
R0002464,O00045687,Size issue,2025-05-03
R0002465,O00045721,Quality issue,2024-11-27
R0002466,O00045733,Late delivery,2025-08-06
R0002467,O00045745,Size issue,2024-02-15
R0002468,O00045751,Damaged item,2025-12-31
R0002469,O00045760,Late delivery,2025-01-03
R0002470,O00045770,Late delivery,2024-10-24
R0002471,O00045791,Damaged item,2025-09-01
R0002472,O00045792,Late delivery,2025-09-18
R0002473,O00045809,Wrong item,2025-12-11
R0002474,O00045828,Changed mind,2023-11-08
R0002475,O00045834,Late delivery,2025-12-26
R0002476,O00045850,Wrong item,2024-02-22
R0002477,O00045855,Changed mind,2025-09-18
R0002478,O00045879,Quality issue,2023-06-27
R0002479,O00045886,Wrong item,2025-03-08
R0002480,O00045893,Wrong item,2025-03-26
R0002481,O00045916,Quality issue,2025-06-28
R0002482,O00045936,Quality issue,2024-08-20
R0002483,O00045940,Late delivery,2024-11-10
R0002484,O00045945,Late delivery,2025-12-31
R0002485,O00045955,Changed mind,2025-05-07
R0002486,O00045958,Changed mind,2025-03-22
R0002487,O00046007,Damaged item,2023-12-26
R0002488,O00046044,Changed mind,2025-10-01
R0002489,O00046079,Damaged item,2025-08-02
R0002490,O00046080,Size issue,2025-09-26
R0002491,O00046089,Quality issue,2025-02-19
R0002492,O00046093,Changed mind,2026-01-11
R0002493,O00046109,Changed mind,2024-12-06
R0002494,O00046124,Quality issue,2024-02-28
R0002495,O00046146,Size issue,2025-11-28
R0002496,O00046157,Damaged item,2025-10-14
R0002497,O00046197,Late delivery,2025-01-10
R0002498,O00046203,Size issue,2025-11-11
R0002499,O00046227,Late delivery,2023-11-02
R0002500,O00046229,Size issue,2024-07-17
R0002501,O00046260,Size issue,2025-09-20
R0002502,O00046262,Damaged item,2025-10-24
R0002503,O00046312,Size issue,2025-08-28
R0002504,O00046346,Late delivery,2023-06-24
R0002505,O00046376,Size issue,2025-09-23
R0002506,O00046385,Damaged item,2025-09-29
R0002507,O00046388,Late delivery,2024-11-11
R0002508,O00046407,Wrong item,2025-11-29
R0002509,O00046409,Late delivery,2025-12-15
R0002510,O00046427,Damaged item,2025-11-23
R0002511,O00046429,Damaged item,2024-09-09
R0002512,O00046462,Quality issue,2025-08-27
R0002513,O00046467,Wrong item,2025-01-04
R0002514,O00046476,Size issue,2025-08-06
R0002515,O00046483,Late delivery,2025-04-20
R0002516,O00046526,Size issue,2025-01-22
R0002517,O00046537,Quality issue,2023-12-12
R0002518,O00046544,Late delivery,2023-09-03
R0002519,O00046566,Quality issue,2024-06-15
R0002520,O00046586,Size issue,2026-01-10
R0002521,O00046607,Size issue,2025-09-25
R0002522,O00046611,Changed mind,2025-06-05
R0002523,O00046615,Size issue,2025-12-18
R0002524,O00046641,Wrong item,2025-11-30
R0002525,O00046686,Size issue,2024-01-08
R0002526,O00046699,Damaged item,2025-12-20
R0002527,O00046708,Changed mind,2025-08-13
R0002528,O00046713,Damaged item,2025-10-31
R0002529,O00046729,Size issue,2025-06-15
R0002530,O00046733,Late delivery,2024-12-06
R0002531,O00046770,Quality issue,2025-09-01
R0002532,O00046771,Size issue,2025-12-21
R0002533,O00046803,Size issue,2025-07-10
R0002534,O00046840,Wrong item,2025-11-19
R0002535,O00046842,Damaged item,2024-01-20
R0002536,O00046843,Size issue,2024-03-23
R0002537,O00046852,Wrong item,2024-12-31
R0002538,O00046853,Late delivery,2025-02-12
R0002539,O00046855,Damaged item,2025-04-20
R0002540,O00046859,Quality issue,2024-12-30
R0002541,O00046869,Wrong item,2025-10-29
R0002542,O00046871,Late delivery,2025-11-11
R0002543,O00046923,Changed mind,2024-01-22
R0002544,O00046936,Size issue,2025-12-31
R0002545,O00046952,Size issue,2026-01-20
R0002546,O00046970,Changed mind,2025-06-05
R0002547,O00046978,Late delivery,2024-12-18
R0002548,O00046996,Quality issue,2025-07-19
R0002549,O00046997,Damaged item,2025-06-28
R0002550,O00047006,Damaged item,2026-01-14
R0002551,O00047009,Wrong item,2024-09-07
R0002552,O00047012,Late delivery,2023-12-01
R0002553,O00047031,Changed mind,2026-01-10
R0002554,O00047047,Size issue,2023-06-09
R0002555,O00047056,Wrong item,2025-11-09
R0002556,O00047064,Damaged item,2023-04-17
R0002557,O00047070,Quality issue,2025-08-14
R0002558,O00047110,Changed mind,2025-11-06
R0002559,O00047121,Wrong item,2025-12-20
R0002560,O00047126,Size issue,2025-10-05
R0002561,O00047128,Size issue,2024-02-21
R0002562,O00047143,Changed mind,2025-12-28
R0002563,O00047156,Changed mind,2026-01-06
R0002564,O00047186,Quality issue,2025-03-19
R0002565,O00047241,Changed mind,2025-07-17
R0002566,O00047245,Changed mind,2024-07-28
R0002567,O00047272,Wrong item,2024-12-05
R0002568,O00047296,Changed mind,2025-07-16
R0002569,O00047320,Damaged item,2025-01-08
R0002570,O00047328,Quality issue,2025-12-26
R0002571,O00047331,Damaged item,2025-12-26
R0002572,O00047336,Damaged item,2025-06-19
R0002573,O00047346,Damaged item,2024-09-06
R0002574,O00047353,Quality issue,2023-03-17
R0002575,O00047367,Damaged item,2024-11-14
R0002576,O00047421,Late delivery,2025-06-24
R0002577,O00047437,Wrong item,2025-11-06
R0002578,O00047439,Late delivery,2025-10-15
R0002579,O00047466,Damaged item,2025-08-31
R0002580,O00047469,Late delivery,2025-11-10
R0002581,O00047492,Changed mind,2024-12-09
R0002582,O00047498,Damaged item,2025-06-03
R0002583,O00047538,Quality issue,2025-04-21
R0002584,O00047559,Late delivery,2025-01-08
R0002585,O00047560,Wrong item,2025-02-19
R0002586,O00047578,Late delivery,2025-06-26
R0002587,O00047615,Late delivery,2025-08-20
R0002588,O00047682,Quality issue,2025-07-15
R0002589,O00047693,Size issue,2024-09-17
R0002590,O00047700,Quality issue,2025-01-17
R0002591,O00047719,Damaged item,2025-01-31
R0002592,O00047728,Size issue,2025-08-11
R0002593,O00047782,Size issue,2025-07-30
R0002594,O00047794,Late delivery,2025-01-24
R0002595,O00047798,Wrong item,2025-03-20
R0002596,O00047802,Changed mind,2025-06-25
R0002597,O00047803,Wrong item,2025-08-08
R0002598,O00047816,Damaged item,2024-07-12
R0002599,O00047852,Quality issue,2023-08-19
R0002600,O00047934,Size issue,2025-06-02
R0002601,O00047947,Damaged item,2025-11-22
R0002602,O00047959,Changed mind,2024-11-11
R0002603,O00047976,Size issue,2025-01-29
R0002604,O00047986,Size issue,2025-03-31
R0002605,O00048022,Late delivery,2025-11-28
R0002606,O00048025,Wrong item,2025-12-17
R0002607,O00048029,Wrong item,2025-12-19
R0002608,O00048043,Wrong item,2025-08-20
R0002609,O00048045,Changed mind,2023-04-16
R0002610,O00048061,Wrong item,2025-11-04
R0002611,O00048063,Size issue,2025-12-24
R0002612,O00048072,Late delivery,2024-04-12
R0002613,O00048086,Quality issue,2023-12-16
R0002614,O00048089,Late delivery,2024-06-15
R0002615,O00048092,Size issue,2025-04-05
R0002616,O00048112,Damaged item,2025-03-18
R0002617,O00048179,Size issue,2025-12-24
R0002618,O00048187,Changed mind,2026-01-09
R0002619,O00048201,Size issue,2025-12-26
R0002620,O00048266,Changed mind,2025-12-27
R0002621,O00048291,Changed mind,2024-10-22
R0002622,O00048306,Late delivery,2025-07-25
R0002623,O00048307,Damaged item,2025-12-16
R0002624,O00048317,Changed mind,2025-02-12
R0002625,O00048336,Quality issue,2025-02-01
R0002626,O00048337,Changed mind,2025-04-15
R0002627,O00048343,Wrong item,2025-12-29
R0002628,O00048362,Wrong item,2025-01-23
R0002629,O00048372,Quality issue,2025-12-17
R0002630,O00048384,Quality issue,2024-05-16
R0002631,O00048394,Size issue,2025-04-13
R0002632,O00048403,Quality issue,2024-11-03
R0002633,O00048404,Damaged item,2024-09-23
R0002634,O00048472,Changed mind,2026-01-03
R0002635,O00048522,Size issue,2024-11-11
R0002636,O00048528,Changed mind,2023-11-10
R0002637,O00048542,Damaged item,2025-03-28
R0002638,O00048614,Late delivery,2024-12-21
R0002639,O00048638,Damaged item,2025-08-07
R0002640,O00048673,Wrong item,2023-09-19
R0002641,O00048705,Changed mind,2025-01-30
R0002642,O00048720,Quality issue,2024-04-12
R0002643,O00048721,Wrong item,2024-07-09
R0002644,O00048735,Wrong item,2025-12-07
R0002645,O00048745,Damaged item,2025-12-09
R0002646,O00048752,Changed mind,2026-01-01
R0002647,O00048797,Quality issue,2024-03-21
R0002648,O00048801,Late delivery,2024-12-11
R0002649,O00048807,Changed mind,2025-05-03
R0002650,O00048809,Damaged item,2025-07-30
R0002651,O00048822,Size issue,2024-03-10
R0002652,O00048827,Changed mind,2026-01-09
R0002653,O00048859,Size issue,2025-12-12
R0002654,O00048924,Damaged item,2024-07-31
R0002655,O00048965,Damaged item,2025-12-19
R0002656,O00049007,Damaged item,2024-11-07
R0002657,O00049021,Quality issue,2025-04-07
R0002658,O00049052,Changed mind,2025-09-10
R0002659,O00049073,Quality issue,2025-12-16
R0002660,O00049074,Damaged item,2024-07-28
R0002661,O00049075,Size issue,2024-09-03
R0002662,O00049085,Changed mind,2025-10-03
R0002663,O00049102,Damaged item,2026-01-03
R0002664,O00049154,Changed mind,2025-10-13
R0002665,O00049159,Changed mind,2024-01-21
R0002666,O00049191,Changed mind,2025-09-06
R0002667,O00049196,Size issue,2025-07-14
R0002668,O00049207,Late delivery,2023-10-21
R0002669,O00049224,Changed mind,2026-02-02
R0002670,O00049235,Quality issue,2023-07-23
R0002671,O00049253,Damaged item,2025-02-03
R0002672,O00049262,Size issue,2026-01-13
R0002673,O00049264,Damaged item,2025-05-11
R0002674,O00049266,Damaged item,2026-01-03
R0002675,O00049293,Changed mind,2024-11-15
R0002676,O00049306,Size issue,2025-04-25
R0002677,O00049309,Late delivery,2025-11-30
R0002678,O00049324,Size issue,2025-06-24
R0002679,O00049349,Wrong item,2025-06-03
R0002680,O00049355,Size issue,2025-05-10
R0002681,O00049392,Damaged item,2025-05-13
R0002682,O00049406,Wrong item,2025-08-26
R0002683,O00049430,Damaged item,2025-12-31
R0002684,O00049455,Quality issue,2025-07-31
R0002685,O00049459,Size issue,2024-03-18
R0002686,O00049464,Quality issue,2025-08-13
R0002687,O00049479,Quality issue,2025-05-04
R0002688,O00049498,Size issue,2024-11-15
R0002689,O00049510,Damaged item,2024-05-30
R0002690,O00049511,Late delivery,2024-06-19
R0002691,O00049563,Damaged item,2024-08-25
R0002692,O00049580,Damaged item,2026-01-15
R0002693,O00049594,Late delivery,2024-06-08
R0002694,O00049604,Quality issue,2025-11-18
R0002695,O00049605,Quality issue,2025-06-24
R0002696,O00049646,Quality issue,2023-10-15
R0002697,O00049661,Quality issue,2026-01-01
R0002698,O00049686,Damaged item,2024-07-29
R0002699,O00049747,Wrong item,2023-11-24
R0002700,O00049780,Quality issue,2024-12-14
R0002701,O00049836,Damaged item,2024-11-27
R0002702,O00049841,Changed mind,2025-06-25
R0002703,O00049849,Quality issue,2025-05-08
R0002704,O00049879,Wrong item,2025-06-20
R0002705,O00049915,Changed mind,2025-12-22
R0002706,O00049947,Changed mind,2025-09-01
R0002707,O00049960,Quality issue,2025-09-22
R0002708,O00049963,Size issue,2025-12-24
R0002709,O00049969,Late delivery,2025-07-17
R0002710,O00049977,Quality issue,2023-07-02
R0002711,O00050011,Damaged item,2026-01-04
R0002712,O00050035,Damaged item,2025-05-10
R0002713,O00050044,Changed mind,2025-11-16
R0002714,O00050092,Quality issue,2025-02-02
R0002715,O00050119,Size issue,2024-12-23
R0002716,O00050157,Changed mind,2025-07-24
R0002717,O00050177,Late delivery,2025-05-11
R0002718,O00050203,Late delivery,2025-10-20
R0002719,O00050210,Size issue,2025-12-20
R0002720,O00050224,Late delivery,2025-12-18
R0002721,O00050228,Late delivery,2025-03-01
R0002722,O00050255,Late delivery,2025-03-19
R0002723,O00050293,Wrong item,2023-11-22
R0002724,O00050314,Changed mind,2025-10-17
R0002725,O00050338,Damaged item,2024-11-14
R0002726,O00050354,Changed mind,2025-10-31
R0002727,O00050368,Size issue,2025-03-17
R0002728,O00050382,Late delivery,2025-10-26
R0002729,O00050390,Wrong item,2024-12-11
R0002730,O00050391,Size issue,2023-11-10
R0002731,O00050398,Quality issue,2025-02-27
R0002732,O00050409,Quality issue,2023-11-12
R0002733,O00050410,Late delivery,2024-04-14
R0002734,O00050442,Quality issue,2025-06-17
R0002735,O00050444,Damaged item,2024-03-11
R0002736,O00050473,Changed mind,2023-12-12
R0002737,O00050494,Quality issue,2025-11-17
R0002738,O00050496,Size issue,2025-12-30
R0002739,O00050528,Changed mind,2025-07-13
R0002740,O00050568,Late delivery,2025-01-24
R0002741,O00050602,Quality issue,2025-03-02
R0002742,O00050603,Size issue,2025-03-17
R0002743,O00050611,Late delivery,2023-09-08
R0002744,O00050624,Changed mind,2023-11-24
R0002745,O00050629,Quality issue,2024-05-01
R0002746,O00050632,Size issue,2024-09-17
R0002747,O00050636,Size issue,2024-11-17
R0002748,O00050642,Wrong item,2025-10-01
R0002749,O00050688,Damaged item,2023-12-17
R0002750,O00050694,Damaged item,2025-10-03
R0002751,O00050739,Wrong item,2024-09-18
R0002752,O00050745,Wrong item,2024-05-05
R0002753,O00050764,Damaged item,2025-06-09
R0002754,O00050772,Quality issue,2025-09-19
R0002755,O00050797,Damaged item,2026-01-25
R0002756,O00050828,Changed mind,2026-01-13
R0002757,O00050831,Wrong item,2024-12-24
R0002758,O00050863,Damaged item,2024-03-11
R0002759,O00050884,Wrong item,2026-01-14
R0002760,O00050886,Late delivery,2023-07-24
R0002761,O00050914,Wrong item,2025-12-25
R0002762,O00050975,Quality issue,2023-12-30
R0002763,O00050996,Wrong item,2024-06-30
R0002764,O00051053,Quality issue,2025-09-12
R0002765,O00051159,Size issue,2024-11-29
R0002766,O00051167,Wrong item,2023-02-11
R0002767,O00051194,Wrong item,2025-07-13
R0002768,O00051237,Damaged item,2025-07-05
R0002769,O00051242,Late delivery,2025-11-20
R0002770,O00051244,Late delivery,2025-11-16
R0002771,O00051249,Wrong item,2025-08-30
R0002772,O00051266,Quality issue,2023-10-29
R0002773,O00051274,Quality issue,2024-11-19
R0002774,O00051285,Wrong item,2024-06-11
R0002775,O00051313,Size issue,2025-11-06
R0002776,O00051327,Changed mind,2025-01-02
R0002777,O00051336,Quality issue,2025-12-26
R0002778,O00051381,Late delivery,2024-01-24
R0002779,O00051398,Changed mind,2025-07-04
R0002780,O00051402,Damaged item,2024-11-20
R0002781,O00051403,Late delivery,2025-11-28
R0002782,O00051407,Quality issue,2024-12-18
R0002783,O00051427,Wrong item,2025-04-03
R0002784,O00051441,Size issue,2024-09-18
R0002785,O00051447,Wrong item,2025-05-30
R0002786,O00051450,Quality issue,2023-12-16
R0002787,O00051458,Changed mind,2025-03-25
R0002788,O00051462,Quality issue,2024-10-04
R0002789,O00051470,Changed mind,2026-01-17
R0002790,O00051472,Late delivery,2026-01-12
R0002791,O00051473,Quality issue,2024-07-07
R0002792,O00051478,Late delivery,2025-10-25
R0002793,O00051489,Quality issue,2023-06-03
R0002794,O00051493,Changed mind,2025-05-23
R0002795,O00051501,Late delivery,2025-10-15
R0002796,O00051503,Damaged item,2024-10-25
R0002797,O00051517,Late delivery,2025-11-14
R0002798,O00051558,Size issue,2025-03-07
R0002799,O00051573,Wrong item,2026-01-22
R0002800,O00051601,Damaged item,2025-09-03
R0002801,O00051683,Quality issue,2025-01-13
R0002802,O00051718,Quality issue,2025-08-20
R0002803,O00051731,Quality issue,2026-01-06
R0002804,O00051735,Damaged item,2025-12-09
R0002805,O00051739,Quality issue,2026-01-13
R0002806,O00051749,Size issue,2024-12-26
R0002807,O00051821,Quality issue,2025-08-23
R0002808,O00051839,Size issue,2025-12-15
R0002809,O00051858,Late delivery,2025-11-12
R0002810,O00051883,Changed mind,2025-12-12
R0002811,O00051903,Wrong item,2024-04-25
R0002812,O00051953,Wrong item,2025-06-26
R0002813,O00051982,Size issue,2025-12-27
R0002814,O00052024,Changed mind,2023-11-17
R0002815,O00052037,Quality issue,2025-08-21
R0002816,O00052040,Changed mind,2025-08-17
R0002817,O00052074,Size issue,2025-09-12
R0002818,O00052077,Wrong item,2025-11-17
R0002819,O00052082,Late delivery,2024-09-14
R0002820,O00052083,Size issue,2024-10-19
R0002821,O00052086,Wrong item,2024-12-10
R0002822,O00052090,Wrong item,2025-03-26
R0002823,O00052118,Changed mind,2024-03-29
R0002824,O00052127,Changed mind,2025-07-26
R0002825,O00052142,Changed mind,2025-12-30
R0002826,O00052187,Late delivery,2025-01-18
R0002827,O00052202,Quality issue,2025-01-21
R0002828,O00052207,Damaged item,2023-10-01
R0002829,O00052209,Size issue,2024-07-11
R0002830,O00052232,Changed mind,2023-11-16
R0002831,O00052237,Late delivery,2025-05-17
R0002832,O00052245,Size issue,2025-06-16
R0002833,O00052246,Late delivery,2025-08-08
R0002834,O00052261,Quality issue,2025-08-22
R0002835,O00052296,Wrong item,2025-03-01
R0002836,O00052301,Quality issue,2025-06-20
R0002837,O00052323,Damaged item,2024-12-05
R0002838,O00052336,Wrong item,2025-07-30
R0002839,O00052351,Late delivery,2025-06-26
R0002840,O00052364,Changed mind,2024-11-30
R0002841,O00052366,Wrong item,2024-09-28
R0002842,O00052383,Late delivery,2024-10-02
R0002843,O00052410,Quality issue,2023-11-30
R0002844,O00052459,Size issue,2025-04-28
R0002845,O00052460,Changed mind,2025-11-16
R0002846,O00052467,Late delivery,2024-06-20
R0002847,O00052478,Size issue,2024-07-06
R0002848,O00052497,Late delivery,2023-03-19
R0002849,O00052508,Wrong item,2024-08-19
R0002850,O00052522,Size issue,2024-08-08
R0002851,O00052524,Wrong item,2025-07-23
R0002852,O00052545,Late delivery,2025-04-27
R0002853,O00052576,Damaged item,2023-06-19
R0002854,O00052580,Wrong item,2023-09-29
R0002855,O00052582,Wrong item,2023-11-27
R0002856,O00052602,Size issue,2024-12-03
R0002857,O00052648,Damaged item,2025-09-19
R0002858,O00052654,Damaged item,2024-12-16
R0002859,O00052678,Quality issue,2025-12-13
R0002860,O00052685,Late delivery,2025-09-11
R0002861,O00052691,Late delivery,2025-10-12
R0002862,O00052694,Wrong item,2025-08-22
R0002863,O00052695,Changed mind,2025-10-15
R0002864,O00052709,Size issue,2024-11-19
R0002865,O00052725,Size issue,2025-05-09
R0002866,O00052740,Late delivery,2025-11-11
R0002867,O00052771,Wrong item,2024-07-18
R0002868,O00052777,Quality issue,2025-09-16
R0002869,O00052817,Quality issue,2024-01-08
R0002870,O00052828,Damaged item,2025-08-10
R0002871,O00052842,Wrong item,2024-12-08
R0002872,O00052850,Size issue,2025-12-02
R0002873,O00052871,Quality issue,2025-07-17
R0002874,O00052872,Wrong item,2025-07-25
R0002875,O00052878,Late delivery,2025-12-04
R0002876,O00052939,Wrong item,2025-12-05
R0002877,O00052949,Changed mind,2025-04-25
R0002878,O00052951,Size issue,2025-09-02
R0002879,O00052968,Quality issue,2025-08-17
R0002880,O00052980,Size issue,2024-01-02
R0002881,O00053030,Quality issue,2026-01-27
R0002882,O00053048,Quality issue,2024-12-13
R0002883,O00053068,Size issue,2025-11-13
R0002884,O00053076,Damaged item,2025-05-22
R0002885,O00053085,Wrong item,2025-11-14
R0002886,O00053105,Wrong item,2025-08-07
R0002887,O00053113,Quality issue,2024-12-25
R0002888,O00053151,Wrong item,2025-12-28
R0002889,O00053217,Quality issue,2025-12-28
R0002890,O00053248,Late delivery,2025-12-11
R0002891,O00053253,Late delivery,2025-06-08
R0002892,O00053261,Late delivery,2025-09-06
R0002893,O00053281,Quality issue,2025-02-18
R0002894,O00053309,Quality issue,2024-08-05
R0002895,O00053322,Damaged item,2025-08-03
R0002896,O00053327,Quality issue,2026-01-18
R0002897,O00053332,Damaged item,2025-09-04
R0002898,O00053359,Late delivery,2025-12-25
R0002899,O00053366,Quality issue,2024-12-18
R0002900,O00053432,Changed mind,2026-01-01
R0002901,O00053436,Size issue,2024-04-27
R0002902,O00053447,Size issue,2025-12-29
R0002903,O00053451,Late delivery,2025-02-05
R0002904,O00053486,Wrong item,2024-08-24
R0002905,O00053491,Changed mind,2025-07-05
R0002906,O00053493,Late delivery,2025-07-28
R0002907,O00053515,Changed mind,2025-12-09
R0002908,O00053525,Late delivery,2025-12-08
R0002909,O00053532,Quality issue,2023-11-26
R0002910,O00053560,Size issue,2025-05-27
R0002911,O00053566,Wrong item,2024-03-13
R0002912,O00053573,Quality issue,2024-12-18
R0002913,O00053580,Wrong item,2025-03-28
R0002914,O00053604,Late delivery,2025-09-22
R0002915,O00053606,Changed mind,2025-09-18
R0002916,O00053620,Changed mind,2025-08-18
R0002917,O00053637,Quality issue,2025-05-05
R0002918,O00053641,Damaged item,2025-07-26
R0002919,O00053644,Size issue,2024-12-07
R0002920,O00053653,Quality issue,2024-01-28
R0002921,O00053660,Wrong item,2025-10-12
R0002922,O00053710,Quality issue,2025-12-08
R0002923,O00053717,Quality issue,2024-04-19
R0002924,O00053731,Quality issue,2025-09-20
R0002925,O00053789,Wrong item,2024-12-23
R0002926,O00053833,Late delivery,2024-06-04
R0002927,O00053938,Damaged item,2025-08-02
R0002928,O00053956,Changed mind,2023-11-08
R0002929,O00053958,Size issue,2025-07-28
R0002930,O00053974,Damaged item,2024-03-24
R0002931,O00053985,Wrong item,2026-01-17
R0002932,O00053988,Quality issue,2023-12-17
R0002933,O00054016,Quality issue,2024-11-08
R0002934,O00054022,Quality issue,2025-12-16
R0002935,O00054025,Size issue,2026-01-01
R0002936,O00054047,Quality issue,2025-10-04
R0002937,O00054050,Size issue,2025-11-15
R0002938,O00054057,Changed mind,2026-01-23
R0002939,O00054058,Late delivery,2025-09-26
R0002940,O00054100,Late delivery,2025-04-06
R0002941,O00054108,Wrong item,2025-04-08
R0002942,O00054127,Damaged item,2025-01-06
R0002943,O00054129,Quality issue,2025-10-05
R0002944,O00054157,Damaged item,2025-12-05
R0002945,O00054209,Late delivery,2025-11-01
R0002946,O00054214,Wrong item,2024-10-12
R0002947,O00054215,Wrong item,2025-11-24
R0002948,O00054227,Quality issue,2025-09-17
R0002949,O00054241,Quality issue,2023-11-06
R0002950,O00054245,Size issue,2025-02-16
R0002951,O00054289,Late delivery,2025-07-31
R0002952,O00054293,Late delivery,2023-12-19
R0002953,O00054319,Wrong item,2025-01-20
R0002954,O00054326,Damaged item,2025-01-11
R0002955,O00054346,Changed mind,2024-09-21
R0002956,O00054372,Late delivery,2026-01-05
R0002957,O00054413,Wrong item,2026-01-04
R0002958,O00054422,Quality issue,2025-03-05
R0002959,O00054451,Damaged item,2026-01-15
R0002960,O00054468,Size issue,2024-12-04
R0002961,O00054519,Late delivery,2025-12-29
R0002962,O00054521,Size issue,2026-01-17
R0002963,O00054524,Wrong item,2024-05-01
R0002964,O00054571,Quality issue,2025-07-06
R0002965,O00054578,Wrong item,2026-01-06
R0002966,O00054580,Quality issue,2025-03-10
R0002967,O00054587,Changed mind,2025-11-28
R0002968,O00054619,Size issue,2026-01-17
R0002969,O00054625,Size issue,2025-06-15
R0002970,O00054645,Damaged item,2026-01-11
R0002971,O00054656,Changed mind,2025-12-10
R0002972,O00054661,Damaged item,2025-04-27
R0002973,O00054662,Damaged item,2025-05-23
R0002974,O00054682,Damaged item,2025-02-07
R0002975,O00054691,Damaged item,2025-11-20
R0002976,O00054706,Changed mind,2026-01-03
R0002977,O00054771,Quality issue,2024-04-28
R0002978,O00054784,Changed mind,2025-10-07
R0002979,O00054786,Wrong item,2024-02-04
R0002980,O00054801,Size issue,2024-12-08
R0002981,O00054813,Wrong item,2025-04-09
R0002982,O00054822,Wrong item,2025-05-07
R0002983,O00054847,Quality issue,2025-10-08
R0002984,O00054911,Wrong item,2025-05-11
R0002985,O00054914,Damaged item,2025-08-26
R0002986,O00054930,Wrong item,2023-08-04
R0002987,O00054936,Damaged item,2024-11-21
R0002988,O00054979,Size issue,2025-01-08
R0002989,O00055079,Damaged item,2025-02-13
R0002990,O00055082,Wrong item,2025-05-24
R0002991,O00055093,Late delivery,2026-01-06
R0002992,O00055099,Quality issue,2025-02-01
R0002993,O00055122,Size issue,2025-08-03
R0002994,O00055128,Quality issue,2025-12-18
R0002995,O00055135,Damaged item,2025-05-17
R0002996,O00055148,Size issue,2024-08-10
R0002997,O00055150,Wrong item,2025-02-19
R0002998,O00055163,Quality issue,2024-10-20
R0002999,O00055188,Damaged item,2025-10-25
R0003000,O00055201,Quality issue,2025-07-04
R0003001,O00055215,Wrong item,2025-04-18
R0003002,O00055248,Late delivery,2025-03-28
R0003003,O00055264,Late delivery,2025-11-29
R0003004,O00055286,Changed mind,2024-11-06
R0003005,O00055298,Size issue,2025-04-22
R0003006,O00055345,Changed mind,2025-11-21
R0003007,O00055376,Size issue,2024-11-04
R0003008,O00055387,Wrong item,2024-08-13
R0003009,O00055389,Wrong item,2024-10-26
R0003010,O00055403,Changed mind,2025-11-03
R0003011,O00055411,Late delivery,2024-01-18
R0003012,O00055449,Damaged item,2024-02-02
R0003013,O00055501,Size issue,2024-12-23
R0003014,O00055542,Wrong item,2025-11-12
R0003015,O00055580,Size issue,2023-01-26
R0003016,O00055596,Quality issue,2023-05-24
R0003017,O00055597,Damaged item,2023-10-19
R0003018,O00055611,Wrong item,2024-11-09
R0003019,O00055625,Quality issue,2025-06-16
R0003020,O00055634,Quality issue,2025-12-27
R0003021,O00055647,Quality issue,2025-08-28
R0003022,O00055655,Late delivery,2025-01-01
R0003023,O00055669,Wrong item,2025-04-13
R0003024,O00055675,Late delivery,2023-08-14
R0003025,O00055679,Size issue,2025-10-31
R0003026,O00055683,Quality issue,2025-05-16
R0003027,O00055686,Quality issue,2025-12-04
R0003028,O00055707,Changed mind,2024-07-07
R0003029,O00055721,Changed mind,2025-12-29
R0003030,O00055774,Damaged item,2024-08-19
R0003031,O00055776,Size issue,2024-12-09
R0003032,O00055782,Size issue,2025-11-30
R0003033,O00055794,Damaged item,2025-06-06
R0003034,O00055795,Size issue,2024-11-26
R0003035,O00055881,Wrong item,2025-07-07
R0003036,O00055890,Damaged item,2025-01-30
R0003037,O00055894,Quality issue,2025-07-17
R0003038,O00055916,Quality issue,2024-09-30
R0003039,O00055931,Late delivery,2025-12-06
R0003040,O00055938,Wrong item,2025-06-17
R0003041,O00055948,Late delivery,2024-12-20
R0003042,O00055949,Quality issue,2025-02-28
R0003043,O00055961,Size issue,2025-02-05
R0003044,O00055966,Size issue,2025-10-25
R0003045,O00055992,Damaged item,2025-10-05
R0003046,O00056036,Damaged item,2025-12-27
R0003047,O00056038,Changed mind,2026-01-22
R0003048,O00056063,Quality issue,2025-05-20
R0003049,O00056114,Size issue,2025-12-18
R0003050,O00056131,Size issue,2026-01-04
R0003051,O00056136,Wrong item,2024-01-10
R0003052,O00056140,Wrong item,2024-12-08
R0003053,O00056141,Quality issue,2024-12-28
R0003054,O00056177,Damaged item,2025-10-19
R0003055,O00056191,Size issue,2025-05-08
R0003056,O00056204,Quality issue,2025-11-20
R0003057,O00056216,Damaged item,2025-07-10
R0003058,O00056217,Wrong item,2025-08-20
R0003059,O00056232,Late delivery,2024-01-01
R0003060,O00056233,Size issue,2023-12-19
R0003061,O00056248,Quality issue,2025-04-28
R0003062,O00056275,Quality issue,2025-07-09
R0003063,O00056276,Size issue,2025-11-04
R0003064,O00056287,Changed mind,2023-08-09
R0003065,O00056307,Quality issue,2025-09-19
R0003066,O00056321,Size issue,2025-11-01
R0003067,O00056362,Damaged item,2025-03-13
R0003068,O00056369,Damaged item,2025-12-20
R0003069,O00056401,Quality issue,2025-11-18
R0003070,O00056450,Size issue,2025-09-27
R0003071,O00056472,Quality issue,2024-10-26
R0003072,O00056543,Late delivery,2023-11-19
R0003073,O00056551,Damaged item,2025-04-07
R0003074,O00056560,Size issue,2024-09-27
R0003075,O00056566,Changed mind,2025-07-01
R0003076,O00056569,Size issue,2025-10-27
R0003077,O00056576,Changed mind,2024-12-20
R0003078,O00056587,Quality issue,2025-08-20
R0003079,O00056598,Damaged item,2025-10-19
R0003080,O00056613,Wrong item,2025-11-16
R0003081,O00056713,Quality issue,2024-02-21
R0003082,O00056722,Late delivery,2025-02-17
R0003083,O00056726,Quality issue,2025-04-27
R0003084,O00056736,Quality issue,2025-12-18
R0003085,O00056738,Damaged item,2025-12-14
R0003086,O00056743,Changed mind,2024-12-09
R0003087,O00056749,Wrong item,2026-01-20
R0003088,O00056773,Damaged item,2024-05-11
R0003089,O00056791,Damaged item,2025-12-09
R0003090,O00056805,Size issue,2024-02-10
R0003091,O00056829,Wrong item,2024-11-20
R0003092,O00056833,Late delivery,2023-11-07
R0003093,O00056873,Late delivery,2024-11-27
R0003094,O00056880,Changed mind,2025-06-12
R0003095,O00056883,Quality issue,2025-10-26
R0003096,O00056887,Changed mind,2024-10-16
R0003097,O00056897,Wrong item,2025-02-27
R0003098,O00056914,Quality issue,2025-11-26
R0003099,O00056945,Size issue,2025-11-14
R0003100,O00056947,Changed mind,2025-11-16
R0003101,O00056948,Size issue,2025-11-24
R0003102,O00056953,Wrong item,2024-09-14
R0003103,O00056977,Damaged item,2023-08-15
R0003104,O00056978,Damaged item,2023-09-04
R0003105,O00057004,Quality issue,2025-10-30
R0003106,O00057016,Wrong item,2025-07-31
R0003107,O00057031,Wrong item,2025-09-06
R0003108,O00057035,Size issue,2025-08-18
R0003109,O00057043,Late delivery,2026-01-17
R0003110,O00057069,Damaged item,2024-12-04
R0003111,O00057080,Size issue,2024-08-07
R0003112,O00057085,Late delivery,2024-09-29
R0003113,O00057094,Wrong item,2025-03-27
R0003114,O00057111,Late delivery,2024-11-08
R0003115,O00057115,Damaged item,2025-06-02
R0003116,O00057121,Size issue,2023-12-09
R0003117,O00057127,Size issue,2023-06-19
R0003118,O00057128,Size issue,2023-07-07
R0003119,O00057133,Damaged item,2023-10-24
R0003120,O00057150,Late delivery,2024-08-23
R0003121,O00057172,Size issue,2024-06-22
R0003122,O00057191,Changed mind,2026-01-02
R0003123,O00057235,Damaged item,2025-11-24
R0003124,O00057248,Wrong item,2025-07-13
R0003125,O00057255,Wrong item,2025-06-13
R0003126,O00057261,Quality issue,2024-12-18
R0003127,O00057287,Quality issue,2025-08-18
R0003128,O00057324,Changed mind,2025-11-27
R0003129,O00057353,Late delivery,2024-10-17
R0003130,O00057376,Damaged item,2025-11-01
R0003131,O00057390,Late delivery,2025-11-10
R0003132,O00057428,Wrong item,2023-06-30
R0003133,O00057431,Damaged item,2024-03-09
R0003134,O00057438,Size issue,2024-10-21
R0003135,O00057456,Wrong item,2025-11-29
R0003136,O00057467,Quality issue,2024-12-25
R0003137,O00057503,Size issue,2025-04-24
R0003138,O00057504,Damaged item,2025-09-04
R0003139,O00057508,Changed mind,2024-08-06
R0003140,O00057535,Wrong item,2025-02-28
R0003141,O00057573,Damaged item,2025-10-28
R0003142,O00057575,Wrong item,2025-03-18
R0003143,O00057584,Wrong item,2025-07-08
R0003144,O00057607,Size issue,2025-12-21
R0003145,O00057639,Size issue,2024-09-02
R0003146,O00057645,Damaged item,2025-11-26
R0003147,O00057666,Size issue,2025-12-31
R0003148,O00057670,Wrong item,2024-03-04
R0003149,O00057673,Wrong item,2025-06-22
R0003150,O00057693,Size issue,2024-12-22
R0003151,O00057701,Changed mind,2025-12-09
R0003152,O00057751,Wrong item,2024-10-04
R0003153,O00057803,Quality issue,2025-12-01
R0003154,O00057812,Quality issue,2025-12-19
R0003155,O00057830,Late delivery,2025-12-22
R0003156,O00057832,Quality issue,2025-11-18
R0003157,O00057916,Size issue,2024-10-15
R0003158,O00057918,Changed mind,2025-02-11
R0003159,O00057950,Size issue,2024-12-02
R0003160,O00057955,Damaged item,2024-12-22
R0003161,O00057956,Size issue,2025-01-04
R0003162,O00057994,Size issue,2025-05-04
R0003163,O00057995,Quality issue,2025-12-11
R0003164,O00058044,Wrong item,2025-06-23
R0003165,O00058047,Wrong item,2024-10-07
R0003166,O00058051,Changed mind,2025-10-17
R0003167,O00058053,Size issue,2025-06-19
R0003168,O00058087,Wrong item,2025-10-31
R0003169,O00058090,Late delivery,2025-11-17
R0003170,O00058131,Late delivery,2025-02-18
R0003171,O00058148,Late delivery,2024-01-19
R0003172,O00058152,Size issue,2025-12-02
R0003173,O00058207,Quality issue,2025-08-20
R0003174,O00058226,Size issue,2025-12-16
R0003175,O00058231,Quality issue,2024-05-02
R0003176,O00058238,Size issue,2025-01-14
R0003177,O00058245,Late delivery,2025-07-19
R0003178,O00058259,Wrong item,2025-08-17
R0003179,O00058263,Size issue,2025-09-13
R0003180,O00058275,Size issue,2024-11-06
R0003181,O00058286,Late delivery,2025-10-16
R0003182,O00058319,Size issue,2024-11-19
R0003183,O00058362,Changed mind,2026-01-24
R0003184,O00058393,Wrong item,2025-10-23
R0003185,O00058403,Late delivery,2025-09-30
R0003186,O00058413,Late delivery,2024-12-02
R0003187,O00058419,Late delivery,2024-01-12
R0003188,O00058429,Quality issue,2025-06-30
R0003189,O00058469,Size issue,2026-01-08
R0003190,O00058474,Late delivery,2025-11-28
R0003191,O00058480,Quality issue,2023-03-24
R0003192,O00058526,Late delivery,2025-08-22
R0003193,O00058546,Quality issue,2025-12-05
R0003194,O00058561,Size issue,2025-05-27
R0003195,O00058578,Late delivery,2025-12-25
R0003196,O00058580,Wrong item,2024-09-20
R0003197,O00058599,Late delivery,2024-01-29
R0003198,O00058613,Quality issue,2025-04-03
R0003199,O00058638,Late delivery,2026-01-10
R0003200,O00058640,Changed mind,2024-11-26
R0003201,O00058641,Late delivery,2024-12-23
R0003202,O00058648,Late delivery,2023-10-08
R0003203,O00058650,Wrong item,2023-11-07
R0003204,O00058654,Damaged item,2024-11-03
R0003205,O00058662,Size issue,2025-12-04
R0003206,O00058664,Changed mind,2025-12-20
R0003207,O00058675,Wrong item,2024-04-28
R0003208,O00058699,Quality issue,2024-02-25
R0003209,O00058704,Changed mind,2025-08-20
R0003210,O00058744,Size issue,2025-08-03
R0003211,O00058748,Size issue,2024-12-04
R0003212,O00058766,Quality issue,2024-12-05
R0003213,O00058768,Quality issue,2024-12-26
R0003214,O00058811,Damaged item,2025-09-15
R0003215,O00058824,Quality issue,2025-05-28
R0003216,O00058830,Damaged item,2026-01-07
R0003217,O00058904,Size issue,2025-09-22
R0003218,O00058906,Quality issue,2026-01-02
R0003219,O00058907,Damaged item,2025-12-25
R0003220,O00058956,Damaged item,2025-04-13
R0003221,O00058993,Changed mind,2024-10-23
R0003222,O00058998,Quality issue,2024-12-19
R0003223,O00059002,Damaged item,2025-03-29
R0003224,O00059008,Changed mind,2025-12-11
R0003225,O00059036,Damaged item,2026-01-01
R0003226,O00059042,Changed mind,2025-09-21
R0003227,O00059044,Quality issue,2025-12-11
R0003228,O00059090,Damaged item,2025-12-31
R0003229,O00059099,Changed mind,2024-07-20
R0003230,O00059103,Quality issue,2025-11-10
R0003231,O00059109,Changed mind,2025-12-13
R0003232,O00059140,Size issue,2024-12-07
R0003233,O00059152,Wrong item,2025-06-12
R0003234,O00059156,Quality issue,2025-12-15
R0003235,O00059207,Quality issue,2025-10-13
R0003236,O00059210,Late delivery,2025-11-16
R0003237,O00059219,Changed mind,2025-04-04
R0003238,O00059221,Late delivery,2025-07-15
R0003239,O00059243,Wrong item,2025-07-19
R0003240,O00059247,Wrong item,2023-07-17
R0003241,O00059276,Damaged item,2024-12-29
R0003242,O00059294,Changed mind,2025-08-29
R0003243,O00059303,Size issue,2025-10-22
R0003244,O00059304,Quality issue,2025-10-26
R0003245,O00059308,Size issue,2025-12-03
R0003246,O00059313,Changed mind,2025-08-02
R0003247,O00059324,Wrong item,2025-11-24
R0003248,O00059335,Late delivery,2025-02-07
R0003249,O00059343,Size issue,2025-07-08
R0003250,O00059361,Size issue,2025-09-01
R0003251,O00059368,Wrong item,2025-03-03
R0003252,O00059375,Wrong item,2024-12-09
R0003253,O00059378,Late delivery,2023-10-04
R0003254,O00059387,Damaged item,2025-10-02
R0003255,O00059394,Wrong item,2025-09-18
R0003256,O00059396,Late delivery,2025-11-28
R0003257,O00059397,Changed mind,2025-06-28
R0003258,O00059439,Quality issue,2025-11-08
R0003259,O00059455,Wrong item,2025-11-07
R0003260,O00059482,Damaged item,2025-04-10
R0003261,O00059490,Late delivery,2025-05-15
R0003262,O00059508,Late delivery,2024-11-29
R0003263,O00059511,Late delivery,2025-10-16
R0003264,O00059517,Damaged item,2025-01-13
R0003265,O00059551,Damaged item,2023-09-21
R0003266,O00059578,Size issue,2024-03-03
R0003267,O00059587,Damaged item,2024-12-23
R0003268,O00059591,Damaged item,2025-10-24
R0003269,O00059640,Wrong item,2025-07-30
R0003270,O00059658,Late delivery,2025-11-10
R0003271,O00059678,Late delivery,2025-05-07
R0003272,O00059696,Quality issue,2023-06-08
R0003273,O00059699,Wrong item,2024-08-03
R0003274,O00059702,Late delivery,2025-06-01
R0003275,O00059707,Wrong item,2023-11-06
R0003276,O00059772,Wrong item,2025-11-11
R0003277,O00059832,Changed mind,2025-11-17
R0003278,O00059836,Changed mind,2025-11-11
R0003279,O00059837,Wrong item,2025-11-22
R0003280,O00059843,Changed mind,2024-11-25
R0003281,O00059857,Changed mind,2023-10-26
R0003282,O00059858,Damaged item,2025-12-28
R0003283,O00059870,Damaged item,2025-12-03
R0003284,O00059900,Quality issue,2025-12-02
R0003285,O00059917,Quality issue,2025-12-23
R0003286,O00059924,Late delivery,2024-09-27
R0003287,O00059951,Size issue,2025-01-14
R0003288,O00059969,Changed mind,2025-01-01
R0003289,O00059978,Quality issue,2026-01-09
R0003290,O00059980,Quality issue,2026-01-03
R0003291,O00060010,Quality issue,2025-10-02
R0003292,O00060011,Changed mind,2024-11-04
R0003293,O00060036,Damaged item,2025-09-03
R0003294,O00060054,Quality issue,2025-02-18
R0003295,O00060055,Size issue,2025-09-25
R0003296,O00060088,Late delivery,2025-09-10
R0003297,O00060135,Size issue,2025-10-29
R0003298,O00060160,Damaged item,2024-12-17
R0003299,O00060163,Quality issue,2025-12-21
R0003300,O00060171,Quality issue,2024-10-19
R0003301,O00060190,Changed mind,2024-07-08
R0003302,O00060193,Damaged item,2024-09-29
R0003303,O00060208,Wrong item,2025-10-15
R0003304,O00060244,Changed mind,2025-11-28
R0003305,O00060257,Late delivery,2025-04-25
R0003306,O00060284,Changed mind,2023-12-19
R0003307,O00060335,Damaged item,2025-10-03
R0003308,O00060338,Size issue,2025-12-04
R0003309,O00060359,Size issue,2024-10-25
R0003310,O00060363,Changed mind,2025-05-05
R0003311,O00060370,Changed mind,2025-11-14
R0003312,O00060375,Damaged item,2024-12-07
R0003313,O00060410,Size issue,2025-03-29
R0003314,O00060413,Wrong item,2026-01-08
R0003315,O00060425,Damaged item,2025-11-15
R0003316,O00060435,Size issue,2026-01-08
R0003317,O00060444,Damaged item,2025-11-19
R0003318,O00060459,Wrong item,2025-12-17
R0003319,O00060461,Wrong item,2025-03-13
R0003320,O00060499,Wrong item,2025-12-20
R0003321,O00060514,Damaged item,2023-06-15
R0003322,O00060515,Late delivery,2024-02-03
R0003323,O00060551,Damaged item,2025-01-29
R0003324,O00060597,Wrong item,2023-08-25
R0003325,O00060604,Size issue,2023-06-01
R0003326,O00060624,Damaged item,2025-12-22
R0003327,O00060626,Size issue,2026-01-05
R0003328,O00060644,Late delivery,2024-11-24
R0003329,O00060701,Damaged item,2024-11-09
R0003330,O00060719,Damaged item,2025-01-12
R0003331,O00060742,Changed mind,2024-12-06
R0003332,O00060792,Size issue,2025-12-22
R0003333,O00060796,Wrong item,2023-11-21
R0003334,O00060809,Wrong item,2026-01-05
R0003335,O00060852,Damaged item,2025-03-17
R0003336,O00060892,Size issue,2025-01-21
R0003337,O00060898,Size issue,2025-11-20
R0003338,O00060930,Late delivery,2025-12-12
R0003339,O00060931,Wrong item,2025-12-12
R0003340,O00060948,Damaged item,2025-09-05
R0003341,O00060955,Quality issue,2024-12-12
R0003342,O00061024,Damaged item,2025-07-28
R0003343,O00061068,Wrong item,2025-09-04
R0003344,O00061077,Changed mind,2025-08-31
R0003345,O00061118,Changed mind,2025-08-10
R0003346,O00061148,Late delivery,2025-11-14
R0003347,O00061211,Changed mind,2024-12-12
R0003348,O00061257,Late delivery,2025-09-16
R0003349,O00061260,Wrong item,2025-06-24
R0003350,O00061291,Quality issue,2025-01-11
R0003351,O00061293,Wrong item,2025-07-31
R0003352,O00061366,Wrong item,2025-10-25
R0003353,O00061377,Damaged item,2025-06-19
R0003354,O00061388,Wrong item,2025-09-28
R0003355,O00061389,Late delivery,2025-11-20
R0003356,O00061403,Quality issue,2026-01-08
R0003357,O00061436,Changed mind,2025-06-27
R0003358,O00061495,Late delivery,2024-12-12
R0003359,O00061520,Damaged item,2025-01-05
R0003360,O00061560,Wrong item,2025-05-27
R0003361,O00061576,Quality issue,2025-08-09
R0003362,O00061588,Late delivery,2024-12-19
R0003363,O00061590,Size issue,2025-03-24
R0003364,O00061616,Quality issue,2024-12-02
R0003365,O00061623,Size issue,2024-06-22
R0003366,O00061638,Changed mind,2025-01-25
R0003367,O00061641,Damaged item,2025-07-07
R0003368,O00061648,Size issue,2025-12-19
R0003369,O00061653,Quality issue,2025-10-29
R0003370,O00061661,Late delivery,2025-11-12
R0003371,O00061668,Damaged item,2024-04-02
R0003372,O00061702,Quality issue,2023-12-31
R0003373,O00061735,Wrong item,2025-08-09
R0003374,O00061738,Size issue,2026-01-16
R0003375,O00061758,Changed mind,2025-11-05
R0003376,O00061760,Late delivery,2023-11-21
R0003377,O00061775,Damaged item,2025-03-15
R0003378,O00061782,Damaged item,2025-12-20
R0003379,O00061784,Late delivery,2026-01-18
R0003380,O00061797,Damaged item,2024-05-25
R0003381,O00061802,Wrong item,2024-11-14
R0003382,O00061814,Changed mind,2024-08-30
R0003383,O00061826,Changed mind,2025-03-01
R0003384,O00061854,Quality issue,2023-10-29
R0003385,O00061878,Late delivery,2025-08-28
R0003386,O00061902,Damaged item,2026-01-08
R0003387,O00061938,Wrong item,2025-10-23
R0003388,O00061944,Quality issue,2025-04-10
R0003389,O00061950,Wrong item,2023-09-25
R0003390,O00061959,Changed mind,2025-09-08
R0003391,O00061970,Changed mind,2025-09-16
R0003392,O00061981,Damaged item,2026-01-15
R0003393,O00061987,Size issue,2025-09-18
R0003394,O00062006,Late delivery,2025-10-26
R0003395,O00062018,Quality issue,2025-11-26
R0003396,O00062064,Late delivery,2025-10-15
R0003397,O00062068,Wrong item,2023-06-28
R0003398,O00062069,Size issue,2024-03-04
R0003399,O00062091,Damaged item,2025-03-19
R0003400,O00062117,Quality issue,2025-08-16
R0003401,O00062157,Late delivery,2025-12-28
R0003402,O00062164,Changed mind,2025-07-20
R0003403,O00062170,Wrong item,2025-08-23
R0003404,O00062197,Wrong item,2025-12-13
R0003405,O00062200,Changed mind,2025-12-27
R0003406,O00062249,Size issue,2025-06-27
R0003407,O00062254,Wrong item,2025-07-14
R0003408,O00062268,Late delivery,2024-01-24
R0003409,O00062289,Late delivery,2025-09-15
R0003410,O00062314,Damaged item,2025-04-14
R0003411,O00062328,Wrong item,2025-09-16
R0003412,O00062373,Wrong item,2024-03-04
R0003413,O00062376,Wrong item,2025-07-12
R0003414,O00062381,Wrong item,2026-01-11
R0003415,O00062387,Wrong item,2025-12-24
R0003416,O00062425,Changed mind,2023-04-13
R0003417,O00062443,Damaged item,2025-01-12
R0003418,O00062483,Size issue,2025-01-04
R0003419,O00062491,Changed mind,2025-11-24
R0003420,O00062533,Quality issue,2025-09-14
R0003421,O00062554,Damaged item,2025-06-05
R0003422,O00062574,Quality issue,2026-01-27
R0003423,O00062589,Size issue,2024-08-28
R0003424,O00062594,Wrong item,2025-11-30
R0003425,O00062634,Damaged item,2026-01-11
R0003426,O00062639,Quality issue,2025-07-28
R0003427,O00062640,Wrong item,2026-01-11
R0003428,O00062670,Wrong item,2025-05-10
R0003429,O00062686,Damaged item,2025-09-07
R0003430,O00062707,Quality issue,2023-12-11
R0003431,O00062711,Damaged item,2025-07-20
R0003432,O00062714,Quality issue,2025-09-05
R0003433,O00062720,Wrong item,2025-04-11
R0003434,O00062727,Late delivery,2024-10-04
R0003435,O00062750,Damaged item,2025-11-30
R0003436,O00062768,Changed mind,2025-01-07
R0003437,O00062780,Size issue,2025-05-23
R0003438,O00062784,Late delivery,2025-07-30
R0003439,O00062794,Changed mind,2025-02-10
R0003440,O00062803,Wrong item,2025-12-06
R0003441,O00062809,Size issue,2024-04-20
R0003442,O00062822,Damaged item,2025-07-20
R0003443,O00062830,Size issue,2024-12-20
R0003444,O00062859,Quality issue,2025-05-08
R0003445,O00062864,Damaged item,2025-07-10
R0003446,O00062893,Late delivery,2023-05-26
R0003447,O00062899,Damaged item,2025-06-17
R0003448,O00062922,Late delivery,2024-10-21
R0003449,O00062949,Size issue,2025-02-13
R0003450,O00062950,Changed mind,2025-03-30
R0003451,O00062955,Size issue,2025-10-08
R0003452,O00062956,Size issue,2025-11-12
R0003453,O00062958,Changed mind,2025-12-10
R0003454,O00062960,Quality issue,2025-08-13
R0003455,O00062980,Quality issue,2025-08-06
R0003456,O00063020,Quality issue,2024-12-24
R0003457,O00063055,Changed mind,2026-01-17
R0003458,O00063063,Wrong item,2023-06-27
R0003459,O00063066,Wrong item,2025-02-07
R0003460,O00063068,Size issue,2025-07-21
R0003461,O00063081,Late delivery,2024-08-16
R0003462,O00063083,Size issue,2024-09-22
R0003463,O00063106,Quality issue,2025-12-27
R0003464,O00063127,Late delivery,2025-11-23
R0003465,O00063142,Wrong item,2023-12-20
R0003466,O00063170,Quality issue,2025-08-11
R0003467,O00063176,Size issue,2024-12-07
R0003468,O00063189,Wrong item,2025-01-11
R0003469,O00063200,Changed mind,2025-01-29
R0003470,O00063209,Size issue,2025-04-15
R0003471,O00063233,Size issue,2026-01-18
R0003472,O00063286,Quality issue,2025-08-02
R0003473,O00063292,Quality issue,2023-09-16
R0003474,O00063304,Damaged item,2025-01-24
R0003475,O00063332,Damaged item,2024-07-06
R0003476,O00063335,Late delivery,2023-09-12
R0003477,O00063358,Wrong item,2025-08-27
R0003478,O00063369,Quality issue,2025-11-04
R0003479,O00063370,Size issue,2025-11-08
R0003480,O00063392,Wrong item,2025-09-25
R0003481,O00063415,Changed mind,2025-12-29
R0003482,O00063445,Changed mind,2025-07-11
R0003483,O00063448,Size issue,2024-12-15
R0003484,O00063530,Size issue,2026-01-11
R0003485,O00063555,Changed mind,2024-10-11
R0003486,O00063570,Late delivery,2026-01-21
R0003487,O00063574,Size issue,2025-06-30
R0003488,O00063581,Wrong item,2025-04-11
R0003489,O00063594,Damaged item,2023-04-04
R0003490,O00063625,Late delivery,2024-08-13
R0003491,O00063629,Wrong item,2025-05-14
R0003492,O00063665,Damaged item,2023-11-29
R0003493,O00063673,Changed mind,2024-12-15
R0003494,O00063679,Late delivery,2025-05-19
R0003495,O00063690,Damaged item,2023-12-27
R0003496,O00063704,Damaged item,2025-11-26
R0003497,O00063720,Size issue,2025-05-23
R0003498,O00063774,Size issue,2024-12-05
R0003499,O00063784,Damaged item,2025-08-27
R0003500,O00063790,Size issue,2024-10-27
R0003501,O00063801,Wrong item,2025-01-19
R0003502,O00063805,Quality issue,2024-10-18
R0003503,O00063806,Late delivery,2025-09-13
R0003504,O00063813,Late delivery,2023-03-30
R0003505,O00063817,Wrong item,2023-08-29
R0003506,O00063929,Quality issue,2025-07-04
R0003507,O00063935,Changed mind,2026-01-06
R0003508,O00063952,Changed mind,2024-08-16
R0003509,O00063999,Damaged item,2024-12-19
R0003510,O00064004,Wrong item,2025-07-17
R0003511,O00064035,Wrong item,2023-02-23
R0003512,O00064041,Late delivery,2025-03-27
R0003513,O00064043,Damaged item,2023-11-21
R0003514,O00064049,Size issue,2023-05-22
R0003515,O00064053,Quality issue,2024-01-24
R0003516,O00064088,Quality issue,2023-09-07
R0003517,O00064092,Changed mind,2024-09-20
R0003518,O00064102,Changed mind,2025-03-25
R0003519,O00064108,Damaged item,2025-10-04
R0003520,O00064156,Late delivery,2025-12-27
R0003521,O00064179,Quality issue,2026-01-04
R0003522,O00064188,Wrong item,2024-10-25
R0003523,O00064189,Quality issue,2025-07-30
R0003524,O00064197,Changed mind,2023-08-15
R0003525,O00064209,Quality issue,2025-09-19
R0003526,O00064238,Size issue,2026-01-17
R0003527,O00064263,Wrong item,2024-12-19
R0003528,O00064283,Wrong item,2025-11-28
R0003529,O00064349,Changed mind,2025-10-24
R0003530,O00064385,Changed mind,2023-05-04
R0003531,O00064404,Quality issue,2024-10-28
R0003532,O00064418,Changed mind,2025-06-19
R0003533,O00064426,Changed mind,2024-05-31
R0003534,O00064440,Wrong item,2025-09-27
R0003535,O00064466,Damaged item,2025-04-30
R0003536,O00064470,Quality issue,2026-01-02
R0003537,O00064488,Size issue,2025-04-17
R0003538,O00064496,Wrong item,2025-11-14
R0003539,O00064501,Size issue,2025-07-28
R0003540,O00064516,Wrong item,2025-12-20
R0003541,O00064551,Wrong item,2025-11-23
R0003542,O00064552,Damaged item,2025-11-20
R0003543,O00064565,Size issue,2025-12-22
R0003544,O00064582,Damaged item,2024-12-10
R0003545,O00064650,Wrong item,2024-01-29
R0003546,O00064661,Wrong item,2025-05-18
R0003547,O00064663,Changed mind,2025-06-14
R0003548,O00064665,Damaged item,2025-06-27
R0003549,O00064682,Size issue,2025-11-15
R0003550,O00064688,Wrong item,2024-01-03
R0003551,O00064740,Size issue,2025-08-19
R0003552,O00064742,Quality issue,2025-08-04
R0003553,O00064749,Wrong item,2025-11-19
R0003554,O00064769,Damaged item,2025-08-23
R0003555,O00064772,Quality issue,2025-10-11
R0003556,O00064790,Quality issue,2025-07-28
R0003557,O00064825,Size issue,2024-10-23
R0003558,O00064831,Damaged item,2025-05-09
R0003559,O00064834,Damaged item,2025-10-28
R0003560,O00064836,Wrong item,2025-08-19
R0003561,O00064864,Size issue,2025-04-25
R0003562,O00064869,Late delivery,2026-01-22
R0003563,O00064893,Late delivery,2025-07-06
R0003564,O00064923,Quality issue,2026-01-08
R0003565,O00064942,Size issue,2025-06-30
R0003566,O00064943,Quality issue,2023-10-26
R0003567,O00064953,Wrong item,2025-04-06
R0003568,O00064956,Changed mind,2025-08-03
R0003569,O00065104,Changed mind,2025-08-18
R0003570,O00065111,Changed mind,2025-01-20
R0003571,O00065130,Damaged item,2025-03-14
R0003572,O00065139,Quality issue,2025-12-13
R0003573,O00065142,Quality issue,2024-01-25
R0003574,O00065184,Wrong item,2023-08-03
R0003575,O00065210,Wrong item,2023-06-26
R0003576,O00065229,Damaged item,2025-04-21
R0003577,O00065276,Wrong item,2025-06-16
R0003578,O00065292,Damaged item,2026-01-13
R0003579,O00065320,Changed mind,2024-12-20
R0003580,O00065326,Wrong item,2025-01-17
R0003581,O00065335,Quality issue,2025-06-02
R0003582,O00065336,Changed mind,2023-12-26
R0003583,O00065352,Damaged item,2024-01-02
R0003584,O00065356,Wrong item,2023-09-01
R0003585,O00065370,Quality issue,2024-06-07
R0003586,O00065382,Changed mind,2025-12-03
R0003587,O00065406,Late delivery,2025-01-09
R0003588,O00065437,Changed mind,2025-08-17
R0003589,O00065508,Size issue,2025-12-24
R0003590,O00065558,Late delivery,2023-04-03
R0003591,O00065577,Quality issue,2024-09-09
R0003592,O00065586,Damaged item,2024-12-29
R0003593,O00065634,Damaged item,2025-11-29
R0003594,O00065646,Changed mind,2025-08-18
R0003595,O00065686,Damaged item,2024-11-17
R0003596,O00065700,Changed mind,2025-11-07
R0003597,O00065701,Damaged item,2025-11-21
R0003598,O00065716,Late delivery,2025-12-28
R0003599,O00065723,Wrong item,2025-10-31
R0003600,O00065725,Wrong item,2025-11-12
R0003601,O00065745,Wrong item,2025-08-31
R0003602,O00065746,Size issue,2025-10-10
R0003603,O00065756,Changed mind,2025-12-30
R0003604,O00065764,Quality issue,2026-01-15
R0003605,O00065770,Late delivery,2024-05-03
R0003606,O00065783,Damaged item,2024-01-19
R0003607,O00065809,Size issue,2025-09-20
R0003608,O00065820,Late delivery,2025-07-27
R0003609,O00065873,Wrong item,2025-10-25
R0003610,O00065935,Wrong item,2024-08-25
R0003611,O00065953,Size issue,2025-11-06
R0003612,O00066014,Quality issue,2023-07-24
R0003613,O00066025,Quality issue,2024-11-21
R0003614,O00066037,Damaged item,2025-06-14
R0003615,O00066046,Size issue,2026-01-01
R0003616,O00066062,Changed mind,2024-12-29
R0003617,O00066066,Changed mind,2024-04-24
R0003618,O00066071,Quality issue,2025-12-02
R0003619,O00066079,Damaged item,2025-10-02
R0003620,O00066106,Damaged item,2025-09-26
R0003621,O00066123,Quality issue,2025-12-04
R0003622,O00066128,Quality issue,2025-07-04
R0003623,O00066133,Size issue,2026-01-20
R0003624,O00066137,Damaged item,2024-09-20
R0003625,O00066138,Changed mind,2024-10-30
R0003626,O00066175,Size issue,2025-01-15
R0003627,O00066203,Wrong item,2025-11-29
R0003628,O00066213,Late delivery,2024-04-26
R0003629,O00066224,Wrong item,2025-12-09
R0003630,O00066277,Damaged item,2025-08-05
R0003631,O00066303,Late delivery,2025-10-18
R0003632,O00066353,Wrong item,2024-06-21
R0003633,O00066372,Wrong item,2025-09-21
R0003634,O00066383,Changed mind,2023-12-24
R0003635,O00066387,Quality issue,2023-07-25
R0003636,O00066402,Changed mind,2025-07-08
R0003637,O00066411,Quality issue,2025-07-24
R0003638,O00066478,Damaged item,2026-01-02
R0003639,O00066487,Wrong item,2025-11-13
R0003640,O00066490,Size issue,2025-12-08
R0003641,O00066494,Size issue,2025-12-17
R0003642,O00066499,Damaged item,2025-12-28
R0003643,O00066516,Late delivery,2024-12-05
R0003644,O00066519,Late delivery,2025-07-05
R0003645,O00066521,Wrong item,2025-11-08
R0003646,O00066533,Damaged item,2025-12-12
R0003647,O00066553,Quality issue,2025-09-19
R0003648,O00066560,Wrong item,2025-12-04
R0003649,O00066590,Late delivery,2026-01-22
R0003650,O00066599,Size issue,2026-01-24
R0003651,O00066603,Damaged item,2024-02-19
R0003652,O00066613,Wrong item,2025-03-13
R0003653,O00066614,Wrong item,2025-08-10
R0003654,O00066632,Late delivery,2024-08-11
R0003655,O00066656,Changed mind,2024-12-28
R0003656,O00066660,Damaged item,2025-11-04
R0003657,O00066662,Wrong item,2025-12-28
R0003658,O00066677,Late delivery,2025-03-30
R0003659,O00066684,Changed mind,2025-10-11
R0003660,O00066691,Changed mind,2025-04-02
R0003661,O00066693,Wrong item,2025-08-19
R0003662,O00066710,Changed mind,2024-07-05
R0003663,O00066714,Late delivery,2023-12-21
R0003664,O00066773,Quality issue,2026-01-03
R0003665,O00066784,Damaged item,2025-12-26
R0003666,O00066821,Changed mind,2026-01-11
R0003667,O00066833,Quality issue,2025-11-25
R0003668,O00066843,Damaged item,2025-12-05
R0003669,O00066935,Damaged item,2025-02-13
R0003670,O00066987,Size issue,2025-05-22
R0003671,O00066994,Late delivery,2025-11-04
R0003672,O00067016,Damaged item,2024-12-26
R0003673,O00067050,Wrong item,2025-05-14
R0003674,O00067086,Late delivery,2025-11-03
R0003675,O00067087,Size issue,2024-05-22
R0003676,O00067119,Wrong item,2024-07-03
R0003677,O00067132,Wrong item,2026-02-02
R0003678,O00067144,Quality issue,2025-11-26
R0003679,O00067155,Late delivery,2026-01-15
R0003680,O00067175,Size issue,2024-12-25
R0003681,O00067196,Quality issue,2026-01-13
R0003682,O00067213,Changed mind,2025-05-29
R0003683,O00067215,Damaged item,2025-11-09
R0003684,O00067228,Wrong item,2024-09-22
R0003685,O00067297,Changed mind,2025-10-05
R0003686,O00067301,Quality issue,2025-12-27
R0003687,O00067312,Size issue,2024-08-22
R0003688,O00067317,Late delivery,2023-11-23
R0003689,O00067332,Late delivery,2025-01-13
R0003690,O00067339,Damaged item,2025-07-05
R0003691,O00067349,Changed mind,2025-11-30
R0003692,O00067350,Damaged item,2025-12-14
R0003693,O00067427,Damaged item,2024-11-14
R0003694,O00067452,Quality issue,2025-11-14
R0003695,O00067471,Size issue,2024-09-16
R0003696,O00067485,Quality issue,2023-10-10
R0003697,O00067487,Quality issue,2024-09-27
R0003698,O00067499,Quality issue,2025-10-28
R0003699,O00067512,Damaged item,2025-05-16
R0003700,O00067523,Late delivery,2025-08-13
R0003701,O00067551,Late delivery,2026-01-12
R0003702,O00067584,Size issue,2023-11-04
R0003703,O00067593,Damaged item,2025-01-26
R0003704,O00067594,Late delivery,2025-05-01
R0003705,O00067598,Damaged item,2025-12-03
R0003706,O00067643,Quality issue,2023-11-28
R0003707,O00067646,Damaged item,2025-11-23
R0003708,O00067696,Late delivery,2026-01-02
R0003709,O00067701,Wrong item,2025-07-22
R0003710,O00067711,Late delivery,2024-04-08
R0003711,O00067721,Wrong item,2026-01-22
R0003712,O00067813,Quality issue,2025-12-22
R0003713,O00067836,Size issue,2025-07-18
R0003714,O00067840,Late delivery,2026-01-10
R0003715,O00067849,Changed mind,2025-11-11
R0003716,O00067874,Changed mind,2023-02-18
R0003717,O00067920,Size issue,2025-07-02
R0003718,O00067942,Wrong item,2024-02-05
R0003719,O00067966,Late delivery,2024-09-30
R0003720,O00068023,Damaged item,2025-01-06
R0003721,O00068045,Changed mind,2023-09-30
R0003722,O00068047,Changed mind,2025-04-07
R0003723,O00068068,Changed mind,2025-12-20
R0003724,O00068076,Size issue,2025-09-28
R0003725,O00068166,Size issue,2024-08-11
R0003726,O00068202,Late delivery,2025-01-27
R0003727,O00068246,Changed mind,2025-02-14
R0003728,O00068258,Size issue,2023-08-16
R0003729,O00068262,Changed mind,2024-12-03
R0003730,O00068269,Quality issue,2025-04-16
R0003731,O00068271,Changed mind,2025-09-17
R0003732,O00068277,Size issue,2025-01-08
R0003733,O00068281,Size issue,2025-10-01
R0003734,O00068290,Quality issue,2025-10-31
R0003735,O00068299,Wrong item,2025-10-25
R0003736,O00068331,Size issue,2025-06-12
R0003737,O00068352,Wrong item,2025-08-26
R0003738,O00068369,Quality issue,2025-07-29
R0003739,O00068370,Size issue,2025-07-15
R0003740,O00068425,Size issue,2023-09-20
R0003741,O00068444,Quality issue,2025-12-29
R0003742,O00068453,Changed mind,2024-11-24
R0003743,O00068492,Wrong item,2025-11-26
R0003744,O00068500,Damaged item,2023-10-08
R0003745,O00068506,Quality issue,2025-05-05
R0003746,O00068578,Changed mind,2025-01-19
R0003747,O00068582,Damaged item,2025-07-04
R0003748,O00068586,Late delivery,2024-11-26
R0003749,O00068608,Damaged item,2024-12-27
R0003750,O00068631,Quality issue,2025-10-15
R0003751,O00068633,Damaged item,2023-01-23
R0003752,O00068644,Late delivery,2024-03-28
R0003753,O00068668,Quality issue,2025-02-11
R0003754,O00068684,Quality issue,2025-12-18
R0003755,O00068738,Late delivery,2026-01-03
R0003756,O00068784,Quality issue,2025-07-28
R0003757,O00068842,Damaged item,2025-05-17
R0003758,O00068861,Quality issue,2024-09-19
R0003759,O00068867,Damaged item,2024-12-30
R0003760,O00068881,Changed mind,2025-12-09
R0003761,O00068886,Late delivery,2025-10-29
R0003762,O00068889,Wrong item,2025-02-24
R0003763,O00068906,Late delivery,2024-12-10
R0003764,O00068927,Size issue,2025-11-18
R0003765,O00068967,Wrong item,2024-11-20
R0003766,O00068974,Quality issue,2025-12-08
R0003767,O00068984,Late delivery,2024-11-12
R0003768,O00068989,Damaged item,2025-09-01
R0003769,O00068994,Wrong item,2025-12-17
R0003770,O00068998,Late delivery,2025-06-25
R0003771,O00069017,Late delivery,2025-07-31
R0003772,O00069037,Size issue,2023-07-20
R0003773,O00069062,Quality issue,2025-12-05
R0003774,O00069069,Damaged item,2025-06-10
R0003775,O00069080,Late delivery,2024-11-30
R0003776,O00069083,Wrong item,2025-03-29
R0003777,O00069105,Wrong item,2024-06-12
R0003778,O00069111,Damaged item,2026-01-18
R0003779,O00069145,Wrong item,2024-12-29
R0003780,O00069196,Size issue,2025-01-21
R0003781,O00069202,Quality issue,2023-12-22
R0003782,O00069203,Quality issue,2024-11-24
R0003783,O00069217,Damaged item,2025-07-23
R0003784,O00069230,Size issue,2025-12-24
R0003785,O00069242,Quality issue,2026-01-07
R0003786,O00069248,Quality issue,2025-10-11
R0003787,O00069263,Size issue,2025-10-12
R0003788,O00069273,Size issue,2026-01-11
R0003789,O00069311,Late delivery,2023-10-22
R0003790,O00069312,Damaged item,2023-12-08
R0003791,O00069339,Damaged item,2025-12-26
R0003792,O00069345,Size issue,2025-04-23
R0003793,O00069358,Quality issue,2025-08-06
R0003794,O00069359,Size issue,2025-09-01
R0003795,O00069374,Quality issue,2025-04-22
R0003796,O00069396,Late delivery,2025-10-06
R0003797,O00069422,Changed mind,2025-05-13
R0003798,O00069433,Late delivery,2025-12-16
R0003799,O00069472,Late delivery,2025-12-27
R0003800,O00069484,Changed mind,2025-07-28
R0003801,O00069488,Damaged item,2025-10-18
R0003802,O00069507,Changed mind,2025-11-15
R0003803,O00069520,Late delivery,2025-09-12
R0003804,O00069531,Size issue,2025-12-31
R0003805,O00069593,Late delivery,2025-08-18
R0003806,O00069604,Changed mind,2024-11-16
R0003807,O00069657,Size issue,2025-03-06
R0003808,O00069660,Changed mind,2025-06-19
R0003809,O00069665,Quality issue,2026-01-09
R0003810,O00069676,Damaged item,2024-06-21
R0003811,O00069704,Damaged item,2025-01-23
R0003812,O00069715,Changed mind,2024-12-31
R0003813,O00069762,Quality issue,2025-12-16
R0003814,O00069809,Quality issue,2025-03-23
R0003815,O00069836,Wrong item,2025-12-27
R0003816,O00069851,Wrong item,2025-12-07
R0003817,O00069868,Wrong item,2025-12-10
R0003818,O00069869,Quality issue,2025-09-23
R0003819,O00069872,Late delivery,2023-11-27
R0003820,O00069876,Changed mind,2025-01-02
R0003821,O00069897,Changed mind,2024-01-10
R0003822,O00069910,Size issue,2025-05-29
R0003823,O00069926,Size issue,2026-01-23
R0003824,O00069950,Late delivery,2025-07-10
R0003825,O00069955,Size issue,2025-07-20
R0003826,O00069958,Wrong item,2025-08-28
R0003827,O00069970,Wrong item,2025-12-26
R0003828,O00069978,Changed mind,2025-12-15
R0003829,O00070000,Damaged item,2024-10-10
R0003830,O00070025,Size issue,2024-12-25
R0003831,O00070039,Late delivery,2026-01-09
R0003832,O00070046,Quality issue,2026-01-22
R0003833,O00070064,Quality issue,2024-12-09
R0003834,O00070073,Size issue,2023-04-22
R0003835,O00070078,Late delivery,2025-09-20
R0003836,O00070104,Wrong item,2026-01-03
R0003837,O00070110,Wrong item,2025-05-16
R0003838,O00070128,Late delivery,2025-07-04
R0003839,O00070134,Late delivery,2025-11-20
R0003840,O00070146,Changed mind,2024-09-05
R0003841,O00070152,Wrong item,2025-06-11
R0003842,O00070171,Wrong item,2024-10-03
R0003843,O00070187,Size issue,2025-12-29
R0003844,O00070188,Late delivery,2024-05-07
R0003845,O00070203,Late delivery,2025-06-08
R0003846,O00070248,Size issue,2024-01-12
R0003847,O00070278,Damaged item,2025-05-29
R0003848,O00070292,Wrong item,2025-01-31
R0003849,O00070294,Wrong item,2025-02-21
R0003850,O00070344,Quality issue,2025-09-27
R0003851,O00070346,Size issue,2025-05-07
R0003852,O00070361,Damaged item,2025-10-06
R0003853,O00070378,Changed mind,2025-01-09
R0003854,O00070385,Quality issue,2024-10-24
R0003855,O00070410,Wrong item,2025-10-17
R0003856,O00070416,Damaged item,2025-01-15
R0003857,O00070425,Damaged item,2024-06-30
R0003858,O00070451,Damaged item,2025-12-02
R0003859,O00070454,Late delivery,2025-07-27
R0003860,O00070457,Wrong item,2024-10-10
R0003861,O00070463,Quality issue,2025-08-09
R0003862,O00070504,Late delivery,2025-12-19
R0003863,O00070523,Quality issue,2025-04-08
R0003864,O00070573,Size issue,2025-01-05
R0003865,O00070602,Quality issue,2025-08-03
R0003866,O00070603,Damaged item,2026-01-06
R0003867,O00070632,Damaged item,2025-05-17
R0003868,O00070639,Damaged item,2024-07-02
R0003869,O00070655,Size issue,2025-11-08
R0003870,O00070674,Changed mind,2025-07-01
R0003871,O00070720,Late delivery,2025-10-06
R0003872,O00070748,Quality issue,2024-01-15
R0003873,O00070789,Size issue,2023-06-11
R0003874,O00070796,Wrong item,2024-11-21
R0003875,O00070840,Wrong item,2025-11-27
R0003876,O00070851,Damaged item,2025-09-26
R0003877,O00070868,Wrong item,2025-03-10
R0003878,O00070922,Changed mind,2025-01-16
R0003879,O00070953,Size issue,2025-05-09
R0003880,O00070964,Quality issue,2026-01-18
R0003881,O00070971,Changed mind,2025-11-02
R0003882,O00070980,Late delivery,2025-08-31
R0003883,O00071042,Late delivery,2023-07-06
R0003884,O00071055,Quality issue,2025-09-18
R0003885,O00071084,Changed mind,2023-08-28
R0003886,O00071092,Changed mind,2025-09-04
R0003887,O00071096,Wrong item,2025-12-02
R0003888,O00071126,Changed mind,2025-10-25
R0003889,O00071173,Quality issue,2024-12-29
R0003890,O00071214,Damaged item,2025-06-24
R0003891,O00071229,Damaged item,2025-05-15
R0003892,O00071265,Size issue,2025-07-14
R0003893,O00071278,Quality issue,2025-12-29
R0003894,O00071284,Size issue,2026-01-30
R0003895,O00071287,Size issue,2025-08-18
R0003896,O00071296,Quality issue,2025-11-25
R0003897,O00071309,Size issue,2026-01-30
R0003898,O00071312,Changed mind,2025-05-14
R0003899,O00071321,Size issue,2025-09-26
R0003900,O00071331,Wrong item,2025-05-29
R0003901,O00071337,Size issue,2025-08-17
R0003902,O00071368,Wrong item,2025-01-19
R0003903,O00071388,Quality issue,2024-02-25
R0003904,O00071403,Damaged item,2023-11-17
R0003905,O00071407,Changed mind,2024-07-16
R0003906,O00071423,Damaged item,2024-08-06
R0003907,O00071433,Size issue,2025-03-13
R0003908,O00071475,Quality issue,2025-11-08
R0003909,O00071476,Changed mind,2024-10-01
R0003910,O00071487,Changed mind,2025-12-27
R0003911,O00071499,Size issue,2025-11-30
R0003912,O00071525,Late delivery,2024-09-26
R0003913,O00071536,Damaged item,2025-09-05
R0003914,O00071545,Damaged item,2025-12-12
R0003915,O00071550,Quality issue,2025-04-12
R0003916,O00071554,Quality issue,2025-09-03
R0003917,O00071573,Wrong item,2025-12-31
R0003918,O00071580,Quality issue,2026-01-01
R0003919,O00071585,Late delivery,2025-11-18
R0003920,O00071586,Size issue,2025-11-30
R0003921,O00071590,Quality issue,2025-01-11
R0003922,O00071635,Wrong item,2025-06-05
R0003923,O00071667,Wrong item,2025-11-14
R0003924,O00071690,Quality issue,2024-05-15
R0003925,O00071700,Damaged item,2024-12-25
R0003926,O00071703,Quality issue,2025-07-21
R0003927,O00071705,Changed mind,2025-09-16
R0003928,O00071708,Size issue,2025-11-06
R0003929,O00071709,Wrong item,2025-12-24
R0003930,O00071718,Size issue,2025-10-07
R0003931,O00071746,Late delivery,2023-04-30
R0003932,O00071767,Changed mind,2025-08-05
R0003933,O00071778,Size issue,2026-01-02
R0003934,O00071797,Changed mind,2024-11-21
R0003935,O00071816,Late delivery,2024-07-28
R0003936,O00071818,Wrong item,2025-02-22
R0003937,O00071822,Quality issue,2025-09-18
R0003938,O00071824,Late delivery,2026-01-22
R0003939,O00071830,Size issue,2025-09-01
R0003940,O00071835,Size issue,2024-09-15
R0003941,O00071845,Damaged item,2023-12-15
R0003942,O00071855,Wrong item,2023-06-10
R0003943,O00071856,Changed mind,2023-06-10
R0003944,O00071861,Wrong item,2024-09-14
R0003945,O00071870,Changed mind,2026-01-18
R0003946,O00071910,Size issue,2025-09-29
R0003947,O00071915,Wrong item,2023-10-13
R0003948,O00071932,Late delivery,2025-07-08
R0003949,O00071937,Wrong item,2025-09-20
R0003950,O00071949,Quality issue,2025-12-22
R0003951,O00071950,Late delivery,2025-09-15
R0003952,O00071965,Damaged item,2024-06-23
R0003953,O00072015,Size issue,2025-09-06
R0003954,O00072018,Changed mind,2025-12-28
R0003955,O00072037,Quality issue,2024-03-09
R0003956,O00072040,Size issue,2024-11-15
R0003957,O00072045,Quality issue,2026-01-03
R0003958,O00072063,Late delivery,2025-04-16
R0003959,O00072072,Damaged item,2025-11-03
R0003960,O00072079,Quality issue,2025-01-08
R0003961,O00072099,Size issue,2025-05-19
R0003962,O00072125,Damaged item,2025-02-25
R0003963,O00072146,Damaged item,2025-06-19
R0003964,O00072172,Damaged item,2024-12-30
R0003965,O00072184,Size issue,2026-01-05
R0003966,O00072237,Wrong item,2025-08-28
R0003967,O00072238,Size issue,2025-12-27
R0003968,O00072256,Size issue,2025-12-31
R0003969,O00072272,Late delivery,2025-11-28
R0003970,O00072289,Size issue,2025-10-24
R0003971,O00072296,Changed mind,2024-11-24
R0003972,O00072320,Size issue,2025-08-13
R0003973,O00072346,Wrong item,2025-10-29
R0003974,O00072349,Size issue,2025-02-08
R0003975,O00072356,Damaged item,2025-01-15
R0003976,O00072358,Damaged item,2023-08-10
R0003977,O00072393,Damaged item,2025-10-22
R0003978,O00072412,Late delivery,2026-01-08
R0003979,O00072417,Damaged item,2025-01-23
R0003980,O00072432,Wrong item,2025-05-27
R0003981,O00072446,Quality issue,2025-12-20
R0003982,O00072447,Damaged item,2024-12-31
R0003983,O00072481,Size issue,2025-10-29
R0003984,O00072483,Quality issue,2024-12-08
R0003985,O00072493,Late delivery,2025-10-05
R0003986,O00072499,Wrong item,2026-01-12
R0003987,O00072513,Damaged item,2023-04-04
R0003988,O00072541,Wrong item,2023-11-19
R0003989,O00072548,Wrong item,2023-06-14
R0003990,O00072564,Late delivery,2025-06-18
R0003991,O00072607,Size issue,2023-06-28
R0003992,O00072612,Wrong item,2025-07-15
R0003993,O00072677,Damaged item,2026-01-12
R0003994,O00072695,Late delivery,2025-11-07
R0003995,O00072711,Size issue,2024-10-07
R0003996,O00072735,Late delivery,2025-12-18
R0003997,O00072763,Late delivery,2025-01-27
R0003998,O00072782,Quality issue,2024-12-31
R0003999,O00072818,Damaged item,2023-07-09
R0004000,O00072820,Late delivery,2025-10-22
R0004001,O00072850,Changed mind,2025-05-07
R0004002,O00072871,Quality issue,2026-01-23
R0004003,O00072883,Wrong item,2025-12-26
R0004004,O00072893,Size issue,2026-01-20
R0004005,O00072896,Quality issue,2025-03-10
R0004006,O00072915,Size issue,2024-01-19
R0004007,O00072927,Wrong item,2025-12-05
R0004008,O00072934,Changed mind,2024-12-08
R0004009,O00072936,Quality issue,2025-01-06
R0004010,O00072938,Damaged item,2025-08-10
R0004011,O00072954,Changed mind,2024-10-20
R0004012,O00072969,Size issue,2023-03-29
R0004013,O00072987,Late delivery,2025-08-07
R0004014,O00072999,Wrong item,2023-01-15
R0004015,O00073006,Late delivery,2024-12-26
R0004016,O00073007,Late delivery,2025-01-10
R0004017,O00073024,Wrong item,2025-11-21
R0004018,O00073034,Size issue,2025-11-08
R0004019,O00073042,Damaged item,2026-01-08
R0004020,O00073043,Wrong item,2024-12-04
R0004021,O00073046,Late delivery,2024-11-30
R0004022,O00073060,Changed mind,2025-08-14
R0004023,O00073082,Size issue,2023-08-04
R0004024,O00073085,Quality issue,2025-12-20
R0004025,O00073109,Quality issue,2025-10-08
R0004026,O00073184,Quality issue,2025-08-31
R0004027,O00073243,Wrong item,2025-11-27
R0004028,O00073248,Late delivery,2025-05-20
R0004029,O00073265,Late delivery,2023-10-13
R0004030,O00073282,Wrong item,2026-01-18
R0004031,O00073288,Size issue,2025-05-15
R0004032,O00073297,Late delivery,2025-12-25
R0004033,O00073314,Quality issue,2025-12-08
R0004034,O00073349,Damaged item,2025-04-04
R0004035,O00073381,Damaged item,2025-06-03
R0004036,O00073414,Changed mind,2024-12-17
R0004037,O00073435,Late delivery,2025-10-16
R0004038,O00073460,Wrong item,2025-11-12
R0004039,O00073469,Quality issue,2024-09-30
R0004040,O00073479,Quality issue,2025-10-17
R0004041,O00073510,Damaged item,2026-01-09
R0004042,O00073569,Wrong item,2025-09-15
R0004043,O00073590,Quality issue,2023-11-16
R0004044,O00073608,Quality issue,2025-09-01
R0004045,O00073624,Damaged item,2025-01-28
R0004046,O00073626,Damaged item,2025-09-15
R0004047,O00073664,Size issue,2025-12-29
R0004048,O00073666,Quality issue,2025-08-13
R0004049,O00073687,Changed mind,2025-12-10
R0004050,O00073709,Quality issue,2025-11-16
R0004051,O00073712,Quality issue,2025-12-18
R0004052,O00073736,Size issue,2025-11-27
R0004053,O00073800,Size issue,2024-08-24
R0004054,O00073804,Wrong item,2025-01-07
R0004055,O00073823,Damaged item,2025-07-02
R0004056,O00073824,Size issue,2025-07-15
R0004057,O00073864,Damaged item,2025-08-30
R0004058,O00073902,Damaged item,2025-12-03
R0004059,O00073933,Damaged item,2024-06-20
R0004060,O00073935,Wrong item,2024-09-29
R0004061,O00073938,Quality issue,2025-05-07
R0004062,O00073947,Size issue,2025-07-31
R0004063,O00073966,Damaged item,2025-11-16
R0004064,O00073997,Changed mind,2025-11-20
R0004065,O00074051,Damaged item,2025-07-31
R0004066,O00074063,Damaged item,2024-10-07
R0004067,O00074073,Changed mind,2025-03-12
R0004068,O00074121,Size issue,2026-01-09
R0004069,O00074123,Damaged item,2023-03-05
R0004070,O00074140,Size issue,2024-09-29
R0004071,O00074147,Changed mind,2024-06-11
R0004072,O00074159,Wrong item,2025-11-12
R0004073,O00074162,Late delivery,2025-12-08
R0004074,O00074176,Changed mind,2025-12-06
R0004075,O00074183,Late delivery,2026-01-01
R0004076,O00074190,Changed mind,2026-01-03
R0004077,O00074235,Late delivery,2025-10-27
R0004078,O00074260,Quality issue,2025-11-15
R0004079,O00074308,Quality issue,2025-10-28
R0004080,O00074318,Wrong item,2026-01-03
R0004081,O00074324,Late delivery,2024-09-27
R0004082,O00074330,Size issue,2025-08-23
R0004083,O00074336,Changed mind,2024-11-14
R0004084,O00074402,Damaged item,2025-06-30
R0004085,O00074412,Quality issue,2025-12-12
R0004086,O00074442,Damaged item,2024-05-24
R0004087,O00074511,Damaged item,2025-01-04
R0004088,O00074527,Quality issue,2025-12-10
R0004089,O00074609,Wrong item,2024-04-02
R0004090,O00074616,Damaged item,2025-04-23
R0004091,O00074630,Quality issue,2026-01-21
R0004092,O00074651,Wrong item,2025-11-26
R0004093,O00074653,Wrong item,2024-10-16
R0004094,O00074687,Wrong item,2023-12-13
R0004095,O00074698,Late delivery,2023-12-07
R0004096,O00074701,Changed mind,2025-12-12
R0004097,O00074754,Size issue,2025-12-12
R0004098,O00074785,Size issue,2025-08-08
R0004099,O00074795,Quality issue,2025-08-07
R0004100,O00074816,Quality issue,2025-09-11
R0004101,O00074829,Wrong item,2023-09-26
R0004102,O00074867,Quality issue,2025-02-28
R0004103,O00074917,Damaged item,2025-12-28
R0004104,O00074931,Damaged item,2025-01-08
R0004105,O00074949,Quality issue,2025-08-09
R0004106,O00075047,Damaged item,2025-10-18
R0004107,O00075086,Quality issue,2024-05-10
R0004108,O00075100,Wrong item,2025-10-19
R0004109,O00075108,Wrong item,2025-11-20
R0004110,O00075110,Wrong item,2025-12-08
R0004111,O00075113,Wrong item,2025-12-23
R0004112,O00075132,Damaged item,2025-01-03
R0004113,O00075140,Late delivery,2024-07-11
R0004114,O00075171,Changed mind,2025-10-31
R0004115,O00075188,Changed mind,2024-05-03
R0004116,O00075195,Late delivery,2024-08-06
R0004117,O00075196,Quality issue,2024-11-30
R0004118,O00075199,Quality issue,2025-02-12
R0004119,O00075233,Quality issue,2025-12-29
R0004120,O00075276,Quality issue,2025-10-24
R0004121,O00075301,Changed mind,2025-07-27
R0004122,O00075305,Quality issue,2025-09-03
R0004123,O00075310,Changed mind,2025-06-17
R0004124,O00075323,Wrong item,2024-09-20
R0004125,O00075327,Late delivery,2025-04-28
R0004126,O00075335,Size issue,2023-10-02
R0004127,O00075352,Damaged item,2024-12-15
R0004128,O00075359,Size issue,2025-07-20
R0004129,O00075360,Quality issue,2025-08-02
R0004130,O00075373,Wrong item,2025-05-19
R0004131,O00075374,Wrong item,2025-08-02
R0004132,O00075399,Changed mind,2025-07-10
R0004133,O00075422,Damaged item,2024-08-11
R0004134,O00075453,Quality issue,2025-02-07
R0004135,O00075462,Damaged item,2025-11-05
R0004136,O00075471,Damaged item,2025-08-30
R0004137,O00075494,Damaged item,2023-08-03
R0004138,O00075512,Wrong item,2025-06-09
R0004139,O00075554,Late delivery,2025-06-07
R0004140,O00075587,Size issue,2025-08-26
R0004141,O00075622,Damaged item,2025-02-11
R0004142,O00075637,Late delivery,2025-01-17
R0004143,O00075650,Quality issue,2026-01-22
R0004144,O00075677,Size issue,2025-11-22
R0004145,O00075685,Size issue,2024-11-27
R0004146,O00075697,Wrong item,2025-08-04
R0004147,O00075712,Changed mind,2025-09-21
R0004148,O00075740,Damaged item,2024-05-07
R0004149,O00075754,Changed mind,2025-09-19
R0004150,O00075792,Late delivery,2025-11-10
R0004151,O00075813,Quality issue,2025-11-27
R0004152,O00075834,Wrong item,2025-01-21
R0004153,O00075837,Quality issue,2025-12-07
R0004154,O00075838,Quality issue,2025-04-28
R0004155,O00075847,Late delivery,2025-09-29
R0004156,O00075852,Late delivery,2023-07-11
R0004157,O00075858,Quality issue,2025-09-07
R0004158,O00075895,Changed mind,2024-09-22
R0004159,O00075901,Damaged item,2025-08-04
R0004160,O00075925,Size issue,2024-05-27
R0004161,O00075998,Quality issue,2025-12-17
R0004162,O00076004,Late delivery,2024-01-24
R0004163,O00076008,Late delivery,2024-05-24
R0004164,O00076063,Quality issue,2024-12-08
R0004165,O00076074,Size issue,2024-08-08
R0004166,O00076094,Quality issue,2025-09-19
R0004167,O00076100,Wrong item,2025-04-18
R0004168,O00076105,Size issue,2025-11-16
R0004169,O00076121,Quality issue,2025-07-11
R0004170,O00076211,Damaged item,2026-01-05
R0004171,O00076216,Size issue,2025-07-01
R0004172,O00076221,Quality issue,2025-08-10
R0004173,O00076222,Quality issue,2025-12-17
R0004174,O00076231,Quality issue,2025-10-25
R0004175,O00076234,Changed mind,2024-01-22
R0004176,O00076241,Wrong item,2025-09-28
R0004177,O00076301,Late delivery,2024-07-09
R0004178,O00076338,Wrong item,2025-11-07
R0004179,O00076371,Wrong item,2025-11-06
R0004180,O00076384,Changed mind,2024-05-09
R0004181,O00076389,Late delivery,2024-09-30
R0004182,O00076390,Late delivery,2023-08-07
R0004183,O00076428,Damaged item,2025-06-14
R0004184,O00076434,Quality issue,2026-01-15
R0004185,O00076448,Late delivery,2025-03-15
R0004186,O00076474,Changed mind,2025-04-24
R0004187,O00076499,Damaged item,2024-04-28
R0004188,O00076505,Changed mind,2025-12-10
R0004189,O00076531,Quality issue,2024-10-10
R0004190,O00076548,Changed mind,2025-11-07
R0004191,O00076587,Changed mind,2025-10-25
R0004192,O00076601,Quality issue,2025-12-09
R0004193,O00076628,Damaged item,2025-11-07
R0004194,O00076629,Damaged item,2025-12-19
R0004195,O00076648,Size issue,2024-03-02
R0004196,O00076658,Late delivery,2025-10-09
R0004197,O00076684,Size issue,2025-05-28
R0004198,O00076687,Wrong item,2025-10-08
R0004199,O00076688,Size issue,2025-11-07
R0004200,O00076703,Changed mind,2024-10-24
R0004201,O00076715,Damaged item,2025-05-24
R0004202,O00076723,Damaged item,2024-11-05
R0004203,O00076725,Damaged item,2025-06-18
R0004204,O00076751,Damaged item,2025-05-24
R0004205,O00076760,Changed mind,2024-01-28
R0004206,O00076833,Size issue,2025-07-30
R0004207,O00076835,Quality issue,2025-11-22
R0004208,O00076840,Late delivery,2025-10-26
R0004209,O00076853,Quality issue,2025-10-28
R0004210,O00076865,Late delivery,2025-07-28
R0004211,O00076918,Wrong item,2025-09-19
R0004212,O00076938,Wrong item,2025-06-25
R0004213,O00076944,Quality issue,2024-10-26
R0004214,O00076981,Wrong item,2025-03-16
R0004215,O00076983,Size issue,2025-04-09
R0004216,O00076993,Late delivery,2024-12-30
R0004217,O00077019,Late delivery,2024-05-30
R0004218,O00077067,Size issue,2023-02-15
R0004219,O00077127,Damaged item,2025-09-29
R0004220,O00077135,Quality issue,2025-12-22
R0004221,O00077147,Damaged item,2025-12-22
R0004222,O00077176,Late delivery,2025-04-16
R0004223,O00077192,Late delivery,2024-10-11
R0004224,O00077217,Damaged item,2024-07-19
R0004225,O00077220,Wrong item,2024-12-30
R0004226,O00077234,Size issue,2026-01-04
R0004227,O00077240,Size issue,2025-04-15
R0004228,O00077242,Damaged item,2025-09-26
R0004229,O00077269,Wrong item,2024-07-13
R0004230,O00077274,Damaged item,2024-09-22
R0004231,O00077281,Damaged item,2025-06-22
R0004232,O00077300,Damaged item,2025-12-14
R0004233,O00077319,Quality issue,2025-03-26
R0004234,O00077389,Quality issue,2024-06-06
R0004235,O00077415,Size issue,2024-08-22
R0004236,O00077419,Size issue,2024-11-27
R0004237,O00077424,Size issue,2025-01-14
R0004238,O00077428,Quality issue,2025-07-09
R0004239,O00077430,Quality issue,2025-07-30
R0004240,O00077445,Late delivery,2025-09-24
R0004241,O00077467,Damaged item,2025-12-15
R0004242,O00077487,Size issue,2025-08-09
R0004243,O00077493,Quality issue,2025-11-07
R0004244,O00077507,Changed mind,2025-12-31
R0004245,O00077530,Wrong item,2025-06-15
R0004246,O00077536,Damaged item,2023-11-23
R0004247,O00077549,Damaged item,2024-10-15
R0004248,O00077611,Late delivery,2025-11-13
R0004249,O00077619,Size issue,2025-12-30
R0004250,O00077672,Size issue,2025-12-19
R0004251,O00077674,Damaged item,2024-04-21
R0004252,O00077715,Quality issue,2024-11-08
R0004253,O00077718,Size issue,2025-04-22
R0004254,O00077720,Damaged item,2025-09-04
R0004255,O00077726,Quality issue,2024-06-02
R0004256,O00077785,Quality issue,2025-12-30
R0004257,O00077809,Size issue,2025-05-31
R0004258,O00077844,Damaged item,2025-12-13
R0004259,O00077872,Size issue,2025-10-05
R0004260,O00077891,Changed mind,2025-12-14
R0004261,O00077908,Wrong item,2023-10-08
R0004262,O00077920,Damaged item,2024-03-14
R0004263,O00077922,Damaged item,2024-04-26
R0004264,O00077940,Size issue,2024-12-08
R0004265,O00077949,Wrong item,2025-11-08
R0004266,O00077962,Size issue,2025-06-11
R0004267,O00077975,Damaged item,2025-07-24
R0004268,O00078009,Changed mind,2024-12-11
R0004269,O00078019,Quality issue,2024-12-19
R0004270,O00078044,Quality issue,2025-11-18
R0004271,O00078055,Late delivery,2025-04-13
R0004272,O00078147,Changed mind,2025-05-09
R0004273,O00078149,Wrong item,2025-08-19
R0004274,O00078211,Late delivery,2024-03-24
R0004275,O00078244,Quality issue,2025-11-18
R0004276,O00078274,Damaged item,2024-10-15
R0004277,O00078315,Size issue,2025-03-26
R0004278,O00078339,Wrong item,2025-09-14
R0004279,O00078357,Size issue,2025-08-23
R0004280,O00078363,Quality issue,2025-06-23
R0004281,O00078370,Changed mind,2025-09-21
R0004282,O00078375,Changed mind,2025-10-17
R0004283,O00078378,Wrong item,2025-04-16
R0004284,O00078390,Changed mind,2026-01-18
R0004285,O00078405,Size issue,2025-11-19
R0004286,O00078452,Quality issue,2025-08-26
R0004287,O00078458,Wrong item,2025-12-23
R0004288,O00078462,Quality issue,2025-05-11
R0004289,O00078473,Wrong item,2025-04-15
R0004290,O00078491,Late delivery,2025-03-07
R0004291,O00078499,Late delivery,2025-07-13
R0004292,O00078540,Changed mind,2026-01-27
R0004293,O00078562,Late delivery,2025-11-21
R0004294,O00078566,Late delivery,2024-08-13
R0004295,O00078567,Changed mind,2025-11-08
R0004296,O00078578,Size issue,2025-12-09
R0004297,O00078580,Size issue,2025-12-21
R0004298,O00078596,Changed mind,2025-06-18
R0004299,O00078601,Damaged item,2023-09-01
R0004300,O00078623,Quality issue,2025-11-26
R0004301,O00078634,Wrong item,2025-05-30
R0004302,O00078636,Quality issue,2025-11-24
R0004303,O00078665,Changed mind,2025-11-16
R0004304,O00078667,Wrong item,2024-11-22
R0004305,O00078700,Changed mind,2025-10-28
R0004306,O00078716,Quality issue,2025-12-24
R0004307,O00078718,Wrong item,2023-11-17
R0004308,O00078724,Wrong item,2024-02-17
R0004309,O00078736,Changed mind,2024-04-09
R0004310,O00078760,Changed mind,2024-10-22
R0004311,O00078785,Damaged item,2024-09-07
R0004312,O00078807,Wrong item,2025-01-23
R0004313,O00078813,Wrong item,2025-04-05
R0004314,O00078819,Late delivery,2025-06-26
R0004315,O00078827,Late delivery,2025-12-23
R0004316,O00078834,Changed mind,2024-12-26
R0004317,O00078856,Damaged item,2024-06-07
R0004318,O00078881,Changed mind,2024-03-12
R0004319,O00078895,Quality issue,2024-05-06
R0004320,O00078902,Late delivery,2025-12-26
R0004321,O00078943,Size issue,2025-05-07
R0004322,O00078962,Size issue,2025-11-23
R0004323,O00078968,Late delivery,2024-01-30
R0004324,O00079007,Damaged item,2024-12-22
R0004325,O00079014,Damaged item,2025-07-19
R0004326,O00079034,Damaged item,2025-04-11
R0004327,O00079040,Damaged item,2025-08-10
R0004328,O00079060,Size issue,2024-11-02
R0004329,O00079064,Size issue,2025-12-27
R0004330,O00079083,Damaged item,2025-05-21
R0004331,O00079105,Size issue,2024-01-20
R0004332,O00079109,Damaged item,2026-01-24
R0004333,O00079118,Changed mind,2025-11-01
R0004334,O00079125,Wrong item,2025-06-11
R0004335,O00079138,Quality issue,2025-12-31
R0004336,O00079157,Quality issue,2024-09-26
R0004337,O00079161,Wrong item,2025-04-30
R0004338,O00079172,Damaged item,2024-11-09
R0004339,O00079191,Size issue,2026-01-19
R0004340,O00079208,Quality issue,2025-07-30
R0004341,O00079222,Damaged item,2025-03-22
R0004342,O00079237,Changed mind,2025-01-19
R0004343,O00079239,Changed mind,2025-08-12
R0004344,O00079241,Size issue,2024-06-27
R0004345,O00079247,Late delivery,2024-12-29
R0004346,O00079256,Wrong item,2025-10-11
R0004347,O00079262,Changed mind,2024-09-08
R0004348,O00079263,Size issue,2025-08-07
R0004349,O00079271,Late delivery,2024-03-17
R0004350,O00079298,Wrong item,2025-01-30
R0004351,O00079300,Quality issue,2025-12-05
R0004352,O00079307,Late delivery,2025-01-08
R0004353,O00079318,Size issue,2024-08-09
R0004354,O00079340,Late delivery,2024-12-24
R0004355,O00079375,Late delivery,2025-12-23
R0004356,O00079394,Wrong item,2025-05-02
R0004357,O00079414,Late delivery,2026-01-22
R0004358,O00079420,Wrong item,2025-04-24
R0004359,O00079422,Wrong item,2025-05-05
R0004360,O00079447,Quality issue,2025-08-22
R0004361,O00079452,Size issue,2024-06-18
R0004362,O00079474,Quality issue,2025-01-08
R0004363,O00079481,Late delivery,2025-11-21
R0004364,O00079487,Size issue,2026-01-04
R0004365,O00079496,Quality issue,2025-12-22
R0004366,O00079525,Quality issue,2025-04-25
R0004367,O00079561,Damaged item,2023-07-21
R0004368,O00079576,Late delivery,2024-12-10
R0004369,O00079577,Quality issue,2024-12-14
R0004370,O00079600,Late delivery,2024-07-28
R0004371,O00079649,Damaged item,2024-02-17
R0004372,O00079686,Changed mind,2024-05-28
R0004373,O00079699,Damaged item,2025-01-19
R0004374,O00079703,Size issue,2025-11-21
R0004375,O00079750,Damaged item,2026-01-05
R0004376,O00079793,Late delivery,2025-06-06
R0004377,O00079800,Damaged item,2023-10-11
R0004378,O00079808,Late delivery,2026-01-08
R0004379,O00079833,Damaged item,2024-10-20
R0004380,O00079839,Late delivery,2025-04-21
R0004381,O00079842,Late delivery,2025-11-15
R0004382,O00079864,Quality issue,2025-09-23
R0004383,O00079867,Wrong item,2025-10-24
R0004384,O00079925,Wrong item,2025-06-29
R0004385,O00079971,Late delivery,2025-09-26
R0004386,O00079978,Wrong item,2024-12-15
R0004387,O00079981,Wrong item,2025-11-22
R0004388,O00079984,Late delivery,2024-06-17
R0004389,O00079999,Wrong item,2025-03-27
R0004390,O00080055,Wrong item,2025-12-10
R0004391,O00080069,Quality issue,2025-10-10
R0004392,O00080076,Quality issue,2025-12-08
R0004393,O00080126,Changed mind,2026-01-07
R0004394,O00080146,Wrong item,2026-01-07
R0004395,O00080152,Wrong item,2025-09-03
R0004396,O00080186,Damaged item,2025-05-12
R0004397,O00080217,Wrong item,2025-10-05
R0004398,O00080242,Wrong item,2025-08-31
R0004399,O00080269,Quality issue,2025-08-04
R0004400,O00080274,Wrong item,2023-12-03
R0004401,O00080312,Wrong item,2023-10-22
R0004402,O00080322,Quality issue,2024-08-13
R0004403,O00080399,Wrong item,2025-10-07
R0004404,O00080405,Late delivery,2025-01-29
R0004405,O00080407,Wrong item,2024-07-31
R0004406,O00080422,Changed mind,2023-10-22
R0004407,O00080426,Quality issue,2024-08-02
R0004408,O00080434,Quality issue,2025-12-25
R0004409,O00080435,Size issue,2025-03-14
R0004410,O00080445,Damaged item,2025-11-30
R0004411,O00080447,Wrong item,2024-04-26
R0004412,O00080449,Late delivery,2024-06-08
R0004413,O00080463,Late delivery,2025-08-23
R0004414,O00080474,Size issue,2023-08-20
R0004415,O00080492,Late delivery,2023-04-30
R0004416,O00080525,Quality issue,2025-12-19
R0004417,O00080549,Late delivery,2023-10-25
R0004418,O00080550,Wrong item,2024-03-17
R0004419,O00080637,Size issue,2025-11-15
R0004420,O00080652,Wrong item,2025-12-23
R0004421,O00080654,Size issue,2023-10-09
R0004422,O00080673,Size issue,2025-08-03
R0004423,O00080686,Damaged item,2026-01-01
R0004424,O00080690,Quality issue,2024-05-21
R0004425,O00080739,Size issue,2024-09-04
R0004426,O00080740,Changed mind,2024-10-19
R0004427,O00080760,Quality issue,2024-06-12
R0004428,O00080764,Late delivery,2025-12-28
R0004429,O00080790,Quality issue,2025-10-28
R0004430,O00080865,Damaged item,2025-09-05
R0004431,O00080894,Late delivery,2024-06-01
R0004432,O00080912,Late delivery,2025-10-15
R0004433,O00080920,Wrong item,2025-03-30
R0004434,O00080921,Changed mind,2025-04-06
R0004435,O00080923,Changed mind,2025-05-29
R0004436,O00080924,Size issue,2025-08-07
R0004437,O00080953,Late delivery,2025-09-09
R0004438,O00080980,Quality issue,2025-06-15
R0004439,O00080985,Changed mind,2024-12-19
R0004440,O00081002,Changed mind,2025-07-23
R0004441,O00081025,Changed mind,2024-06-11
R0004442,O00081030,Size issue,2024-11-15
R0004443,O00081040,Changed mind,2025-10-15
R0004444,O00081046,Wrong item,2025-05-02
R0004445,O00081072,Size issue,2024-12-14
R0004446,O00081088,Wrong item,2025-12-25
R0004447,O00081090,Wrong item,2024-05-14
R0004448,O00081107,Wrong item,2025-05-16
R0004449,O00081126,Quality issue,2025-10-03
R0004450,O00081161,Changed mind,2025-08-10
R0004451,O00081175,Damaged item,2025-07-12
R0004452,O00081181,Wrong item,2025-01-08
R0004453,O00081185,Quality issue,2025-02-23
R0004454,O00081202,Size issue,2025-06-28
R0004455,O00081207,Changed mind,2023-03-25
R0004456,O00081215,Late delivery,2026-01-13
R0004457,O00081218,Changed mind,2024-11-19
R0004458,O00081231,Damaged item,2025-11-27
R0004459,O00081234,Damaged item,2025-07-01
R0004460,O00081236,Changed mind,2025-10-10
R0004461,O00081242,Damaged item,2025-08-08
R0004462,O00081253,Damaged item,2024-10-04
R0004463,O00081371,Damaged item,2025-10-04
R0004464,O00081383,Late delivery,2025-11-21
R0004465,O00081385,Damaged item,2024-11-18
R0004466,O00081386,Quality issue,2025-10-06
R0004467,O00081387,Changed mind,2025-01-20
R0004468,O00081405,Changed mind,2025-04-22
R0004469,O00081416,Size issue,2024-09-02
R0004470,O00081419,Damaged item,2025-08-23
R0004471,O00081423,Quality issue,2025-01-16
R0004472,O00081427,Damaged item,2025-03-21
R0004473,O00081439,Late delivery,2023-12-15
R0004474,O00081450,Quality issue,2024-03-25
R0004475,O00081460,Damaged item,2025-04-07
R0004476,O00081480,Quality issue,2025-09-18
R0004477,O00081544,Quality issue,2025-07-17
R0004478,O00081565,Quality issue,2025-08-09
R0004479,O00081566,Quality issue,2025-10-25
R0004480,O00081592,Quality issue,2025-03-29
R0004481,O00081594,Quality issue,2026-01-11
R0004482,O00081596,Late delivery,2024-06-11
R0004483,O00081620,Damaged item,2024-03-29
R0004484,O00081623,Changed mind,2024-11-12
R0004485,O00081629,Wrong item,2025-10-22
R0004486,O00081655,Size issue,2025-07-26
R0004487,O00081660,Damaged item,2024-11-30
R0004488,O00081679,Size issue,2025-11-18
R0004489,O00081683,Quality issue,2025-12-02
R0004490,O00081687,Damaged item,2026-01-30
R0004491,O00081703,Wrong item,2025-08-30
R0004492,O00081741,Damaged item,2025-12-10
R0004493,O00081763,Size issue,2025-04-11
R0004494,O00081768,Changed mind,2025-07-30
R0004495,O00081775,Wrong item,2025-08-25
R0004496,O00081813,Late delivery,2026-01-17
R0004497,O00081895,Quality issue,2025-04-15
R0004498,O00081896,Size issue,2025-10-12
R0004499,O00081899,Wrong item,2025-06-04
R0004500,O00081909,Changed mind,2023-06-01
R0004501,O00081912,Quality issue,2025-01-26
R0004502,O00081916,Quality issue,2025-12-16
R0004503,O00081918,Damaged item,2024-09-05
R0004504,O00081922,Damaged item,2023-12-04
R0004505,O00081945,Quality issue,2025-02-24
R0004506,O00081964,Changed mind,2025-07-31
R0004507,O00081970,Size issue,2025-11-29
R0004508,O00081973,Damaged item,2026-01-04
R0004509,O00081986,Size issue,2025-01-11
R0004510,O00081987,Quality issue,2025-01-02
R0004511,O00081993,Size issue,2024-12-20
R0004512,O00082002,Late delivery,2025-12-18
R0004513,O00082009,Quality issue,2025-06-03
R0004514,O00082034,Changed mind,2025-01-06
R0004515,O00082049,Changed mind,2025-05-05
R0004516,O00082060,Wrong item,2025-12-19
R0004517,O00082103,Changed mind,2025-01-25
R0004518,O00082109,Wrong item,2025-05-26
R0004519,O00082144,Size issue,2025-07-14
R0004520,O00082155,Size issue,2024-12-18
R0004521,O00082157,Wrong item,2025-12-18
R0004522,O00082172,Damaged item,2025-01-31
R0004523,O00082184,Quality issue,2025-08-13
R0004524,O00082231,Wrong item,2025-09-06
R0004525,O00082272,Damaged item,2025-10-30
R0004526,O00082299,Damaged item,2025-10-23
R0004527,O00082347,Late delivery,2025-12-12
R0004528,O00082351,Quality issue,2026-01-01
R0004529,O00082359,Quality issue,2025-07-02
R0004530,O00082360,Late delivery,2024-12-05
R0004531,O00082413,Late delivery,2024-11-27
R0004532,O00082418,Wrong item,2025-04-03
R0004533,O00082436,Late delivery,2025-08-13
R0004534,O00082459,Size issue,2025-10-23
R0004535,O00082461,Wrong item,2025-12-29
R0004536,O00082468,Wrong item,2024-06-09
R0004537,O00082510,Damaged item,2025-06-29
R0004538,O00082568,Wrong item,2026-01-11
R0004539,O00082582,Late delivery,2025-08-29
R0004540,O00082592,Wrong item,2025-10-14
R0004541,O00082613,Late delivery,2025-12-08
R0004542,O00082636,Quality issue,2024-12-27
R0004543,O00082652,Late delivery,2025-05-11
R0004544,O00082658,Size issue,2024-01-10
R0004545,O00082659,Quality issue,2024-03-07
R0004546,O00082713,Size issue,2024-12-03
R0004547,O00082745,Wrong item,2025-04-26
R0004548,O00082749,Late delivery,2023-11-20
R0004549,O00082774,Size issue,2025-12-16
R0004550,O00082791,Changed mind,2025-10-24
R0004551,O00082800,Quality issue,2025-09-15
R0004552,O00082820,Damaged item,2025-12-20
R0004553,O00082841,Quality issue,2024-11-16
R0004554,O00082848,Quality issue,2025-06-24
R0004555,O00082868,Size issue,2024-11-05
R0004556,O00082901,Wrong item,2025-05-16
R0004557,O00082906,Late delivery,2025-09-06
R0004558,O00082948,Wrong item,2025-01-10
R0004559,O00082949,Wrong item,2025-02-02
R0004560,O00082954,Quality issue,2025-09-21
R0004561,O00082962,Changed mind,2025-02-16
R0004562,O00082964,Late delivery,2025-08-04
R0004563,O00082972,Quality issue,2024-02-12
R0004564,O00082973,Wrong item,2025-12-17
R0004565,O00082983,Wrong item,2023-09-20
R0004566,O00082988,Quality issue,2024-08-22
R0004567,O00083005,Quality issue,2026-01-10
R0004568,O00083039,Size issue,2025-05-17
R0004569,O00083060,Quality issue,2024-07-09
R0004570,O00083090,Quality issue,2023-07-04
R0004571,O00083103,Quality issue,2025-11-11
R0004572,O00083108,Damaged item,2025-10-04
R0004573,O00083145,Wrong item,2025-08-14
R0004574,O00083173,Quality issue,2025-01-20
R0004575,O00083188,Changed mind,2025-10-26
R0004576,O00083192,Damaged item,2025-08-14
R0004577,O00083196,Quality issue,2025-11-25
R0004578,O00083209,Size issue,2023-11-24
R0004579,O00083254,Quality issue,2025-01-15
R0004580,O00083284,Damaged item,2025-01-01
R0004581,O00083287,Quality issue,2024-06-11
R0004582,O00083288,Wrong item,2024-08-26
R0004583,O00083292,Damaged item,2024-11-02
R0004584,O00083297,Wrong item,2025-01-17
R0004585,O00083355,Quality issue,2025-04-19
R0004586,O00083364,Size issue,2026-01-07
R0004587,O00083371,Quality issue,2025-07-24
R0004588,O00083409,Quality issue,2024-06-11
R0004589,O00083423,Quality issue,2024-03-01
R0004590,O00083439,Quality issue,2024-12-14
R0004591,O00083508,Quality issue,2026-01-15
R0004592,O00083518,Late delivery,2026-01-17
R0004593,O00083559,Wrong item,2025-12-31
R0004594,O00083582,Late delivery,2025-12-17
R0004595,O00083601,Changed mind,2025-10-12
R0004596,O00083622,Quality issue,2024-06-05
R0004597,O00083632,Quality issue,2024-11-27
R0004598,O00083647,Wrong item,2025-09-02
R0004599,O00083670,Damaged item,2025-11-29
R0004600,O00083693,Changed mind,2026-01-21
R0004601,O00083706,Damaged item,2024-10-30
R0004602,O00083718,Size issue,2025-05-02
R0004603,O00083744,Size issue,2023-06-16
R0004604,O00083757,Wrong item,2025-12-08
R0004605,O00083786,Wrong item,2025-07-07
R0004606,O00083794,Late delivery,2025-10-29
R0004607,O00083799,Damaged item,2025-11-24
R0004608,O00083820,Late delivery,2025-09-18
R0004609,O00083860,Quality issue,2023-06-02
R0004610,O00083878,Size issue,2023-10-31
R0004611,O00083890,Wrong item,2025-06-08
R0004612,O00083899,Damaged item,2025-08-28
R0004613,O00083907,Damaged item,2025-12-10
R0004614,O00083914,Size issue,2025-12-05
R0004615,O00083941,Quality issue,2025-12-30
R0004616,O00083949,Late delivery,2023-12-18
R0004617,O00083953,Quality issue,2023-03-01
R0004618,O00083976,Size issue,2025-03-11
R0004619,O00083992,Wrong item,2025-12-23
R0004620,O00084018,Quality issue,2024-09-25
R0004621,O00084025,Quality issue,2025-12-05
R0004622,O00084032,Quality issue,2024-09-09
R0004623,O00084056,Size issue,2025-09-20
R0004624,O00084086,Changed mind,2024-01-02
R0004625,O00084093,Damaged item,2025-09-08
R0004626,O00084103,Quality issue,2024-11-07
R0004627,O00084105,Size issue,2024-06-03
R0004628,O00084109,Size issue,2026-01-10
R0004629,O00084122,Damaged item,2024-12-31
R0004630,O00084148,Wrong item,2026-01-09
R0004631,O00084183,Quality issue,2024-11-08
R0004632,O00084237,Size issue,2024-12-26
R0004633,O00084247,Late delivery,2025-08-15
R0004634,O00084258,Wrong item,2025-06-19
R0004635,O00084261,Quality issue,2023-12-03
R0004636,O00084300,Damaged item,2026-01-01
R0004637,O00084326,Damaged item,2025-12-29
R0004638,O00084330,Wrong item,2025-12-31
R0004639,O00084338,Size issue,2025-12-18
R0004640,O00084349,Changed mind,2024-12-15
R0004641,O00084359,Damaged item,2025-01-10
R0004642,O00084363,Damaged item,2025-05-26
R0004643,O00084415,Damaged item,2024-07-08
R0004644,O00084422,Quality issue,2025-11-06
R0004645,O00084446,Quality issue,2026-01-01
R0004646,O00084451,Late delivery,2024-10-12
R0004647,O00084466,Quality issue,2025-07-12
R0004648,O00084483,Quality issue,2025-10-29
R0004649,O00084492,Size issue,2025-08-31
R0004650,O00084496,Late delivery,2024-09-06
R0004651,O00084508,Damaged item,2024-07-19
R0004652,O00084529,Damaged item,2026-01-03
R0004653,O00084538,Damaged item,2024-02-14
R0004654,O00084553,Changed mind,2024-07-18
R0004655,O00084565,Damaged item,2025-12-01
R0004656,O00084615,Size issue,2025-12-14
R0004657,O00084645,Changed mind,2023-09-27
R0004658,O00084680,Quality issue,2024-09-01
R0004659,O00084681,Wrong item,2025-06-23
R0004660,O00084683,Quality issue,2026-01-25
R0004661,O00084688,Changed mind,2025-12-28
R0004662,O00084697,Quality issue,2026-01-13
R0004663,O00084747,Late delivery,2023-07-06
R0004664,O00084752,Damaged item,2024-03-19
R0004665,O00084767,Wrong item,2025-11-23
R0004666,O00084772,Late delivery,2026-01-04
R0004667,O00084784,Late delivery,2025-10-19
R0004668,O00084798,Quality issue,2025-04-19
R0004669,O00084829,Size issue,2025-06-28
R0004670,O00084840,Quality issue,2025-08-20
R0004671,O00084849,Late delivery,2024-12-09
R0004672,O00084852,Size issue,2025-12-08
R0004673,O00084861,Quality issue,2025-01-10
R0004674,O00084877,Changed mind,2024-09-07
R0004675,O00084936,Size issue,2025-12-17
R0004676,O00084945,Size issue,2024-11-25
R0004677,O00084959,Damaged item,2024-08-27
R0004678,O00084987,Size issue,2025-11-19
R0004679,O00085020,Quality issue,2025-11-16
R0004680,O00085033,Changed mind,2025-09-11
R0004681,O00085051,Size issue,2025-01-04
R0004682,O00085053,Wrong item,2025-04-27
R0004683,O00085068,Late delivery,2026-01-11
R0004684,O00085071,Damaged item,2025-01-23
R0004685,O00085075,Quality issue,2025-04-02
R0004686,O00085110,Late delivery,2024-07-16
R0004687,O00085120,Wrong item,2025-05-25
R0004688,O00085189,Changed mind,2025-05-27
R0004689,O00085225,Quality issue,2025-12-25
R0004690,O00085228,Late delivery,2024-12-31
R0004691,O00085285,Changed mind,2023-11-29
R0004692,O00085314,Size issue,2023-05-13
R0004693,O00085331,Quality issue,2025-06-16
R0004694,O00085343,Changed mind,2025-12-07
R0004695,O00085346,Wrong item,2025-12-07
R0004696,O00085406,Quality issue,2025-12-26
R0004697,O00085420,Damaged item,2025-01-26
R0004698,O00085451,Quality issue,2024-06-01
R0004699,O00085463,Late delivery,2025-01-28
R0004700,O00085465,Damaged item,2025-08-15
R0004701,O00085466,Quality issue,2025-10-02
R0004702,O00085468,Damaged item,2023-11-11
R0004703,O00085474,Size issue,2024-05-14
R0004704,O00085479,Size issue,2025-12-12
R0004705,O00085518,Damaged item,2023-07-12
R0004706,O00085568,Changed mind,2025-05-07
R0004707,O00085577,Wrong item,2024-12-24
R0004708,O00085587,Size issue,2025-10-16
R0004709,O00085600,Size issue,2026-01-09
R0004710,O00085603,Quality issue,2025-04-13
R0004711,O00085607,Late delivery,2025-12-01
R0004712,O00085614,Changed mind,2025-09-15
R0004713,O00085642,Changed mind,2025-04-30
R0004714,O00085647,Quality issue,2025-08-15
R0004715,O00085725,Quality issue,2024-12-24
R0004716,O00085731,Quality issue,2025-06-19
R0004717,O00085745,Quality issue,2024-09-05
R0004718,O00085758,Damaged item,2023-05-31
R0004719,O00085766,Size issue,2024-01-12
R0004720,O00085805,Late delivery,2024-02-17
R0004721,O00085813,Size issue,2025-11-21
R0004722,O00085818,Size issue,2024-09-29
R0004723,O00085833,Damaged item,2025-01-10
R0004724,O00085854,Damaged item,2025-04-08
R0004725,O00085886,Quality issue,2025-09-19
R0004726,O00085904,Quality issue,2025-04-02
R0004727,O00085931,Size issue,2025-08-26
R0004728,O00085934,Damaged item,2025-12-09
R0004729,O00085955,Changed mind,2025-09-02
R0004730,O00086014,Changed mind,2025-09-12
R0004731,O00086027,Size issue,2023-10-20
R0004732,O00086044,Late delivery,2025-02-28
R0004733,O00086060,Size issue,2025-12-23
R0004734,O00086065,Late delivery,2025-12-28
R0004735,O00086147,Damaged item,2025-12-16
R0004736,O00086160,Quality issue,2024-07-14
R0004737,O00086162,Wrong item,2024-08-05
R0004738,O00086182,Damaged item,2025-08-30
R0004739,O00086185,Changed mind,2026-01-12
R0004740,O00086205,Quality issue,2025-12-14
R0004741,O00086266,Quality issue,2025-05-28
R0004742,O00086345,Quality issue,2025-09-26
R0004743,O00086360,Late delivery,2025-01-07
R0004744,O00086391,Damaged item,2025-08-26
R0004745,O00086398,Late delivery,2024-12-16
R0004746,O00086408,Changed mind,2025-05-12
R0004747,O00086422,Damaged item,2025-10-02
R0004748,O00086424,Size issue,2023-08-09
R0004749,O00086428,Size issue,2024-03-30
R0004750,O00086445,Changed mind,2024-05-30
R0004751,O00086449,Late delivery,2024-08-20
R0004752,O00086515,Quality issue,2023-03-11
R0004753,O00086569,Wrong item,2023-02-08
R0004754,O00086605,Late delivery,2026-01-21
R0004755,O00086641,Damaged item,2025-03-25
R0004756,O00086648,Changed mind,2025-02-01
R0004757,O00086662,Quality issue,2025-10-26
R0004758,O00086681,Size issue,2025-01-11
R0004759,O00086723,Wrong item,2025-01-27
R0004760,O00086726,Quality issue,2024-11-09
R0004761,O00086732,Size issue,2024-12-27
R0004762,O00086785,Quality issue,2024-10-19
R0004763,O00086801,Quality issue,2025-08-26
R0004764,O00086859,Changed mind,2023-07-29
R0004765,O00086893,Changed mind,2024-03-10
R0004766,O00086899,Quality issue,2025-01-22
R0004767,O00086901,Late delivery,2025-05-14
R0004768,O00086911,Wrong item,2026-01-14
R0004769,O00086935,Changed mind,2025-10-31
R0004770,O00086958,Quality issue,2025-12-28
R0004771,O00086962,Changed mind,2026-01-18
R0004772,O00086994,Wrong item,2025-06-29
R0004773,O00087056,Damaged item,2025-01-22
R0004774,O00087064,Changed mind,2023-07-25
R0004775,O00087087,Late delivery,2025-04-20
R0004776,O00087135,Wrong item,2025-06-12
R0004777,O00087149,Wrong item,2025-06-20
R0004778,O00087155,Quality issue,2025-11-04
R0004779,O00087168,Quality issue,2024-06-19
R0004780,O00087184,Changed mind,2025-08-18
R0004781,O00087189,Wrong item,2025-06-30
R0004782,O00087195,Quality issue,2025-12-02
R0004783,O00087197,Damaged item,2025-12-28
R0004784,O00087249,Size issue,2024-12-04
R0004785,O00087302,Damaged item,2025-11-25
R0004786,O00087318,Quality issue,2025-10-31
R0004787,O00087336,Size issue,2025-04-23
R0004788,O00087376,Damaged item,2026-01-17
R0004789,O00087378,Wrong item,2024-08-05
R0004790,O00087386,Quality issue,2025-11-23
R0004791,O00087414,Changed mind,2023-09-05
R0004792,O00087420,Quality issue,2025-09-05
R0004793,O00087455,Damaged item,2024-03-31
R0004794,O00087492,Changed mind,2025-05-16
R0004795,O00087511,Size issue,2023-05-28
R0004796,O00087516,Late delivery,2024-12-20
R0004797,O00087532,Damaged item,2025-07-04
R0004798,O00087544,Damaged item,2025-10-28
R0004799,O00087553,Late delivery,2025-12-03
R0004800,O00087583,Quality issue,2025-09-18
R0004801,O00087587,Size issue,2024-11-28
R0004802,O00087611,Changed mind,2025-12-07
R0004803,O00087620,Wrong item,2024-07-14
R0004804,O00087626,Quality issue,2024-12-09
R0004805,O00087644,Late delivery,2025-06-25
R0004806,O00087656,Size issue,2025-06-07
R0004807,O00087661,Changed mind,2023-12-16
R0004808,O00087665,Wrong item,2025-04-13
R0004809,O00087705,Changed mind,2025-07-01
R0004810,O00087707,Late delivery,2025-12-02
R0004811,O00087766,Damaged item,2025-12-06
R0004812,O00087777,Wrong item,2024-12-27
R0004813,O00087783,Late delivery,2025-08-23
R0004814,O00087788,Size issue,2025-06-23
R0004815,O00087816,Size issue,2024-04-24
R0004816,O00087844,Wrong item,2025-10-18
R0004817,O00087854,Late delivery,2025-08-19
R0004818,O00087893,Quality issue,2024-08-22
R0004819,O00087912,Size issue,2025-07-22
R0004820,O00087916,Changed mind,2025-12-23
R0004821,O00087933,Size issue,2026-01-23
R0004822,O00087945,Quality issue,2025-09-24
R0004823,O00087968,Quality issue,2025-09-15
R0004824,O00087973,Damaged item,2025-12-01
R0004825,O00087991,Changed mind,2024-11-01
R0004826,O00088013,Late delivery,2024-07-07
R0004827,O00088020,Quality issue,2025-05-25
R0004828,O00088028,Quality issue,2025-05-07
R0004829,O00088031,Quality issue,2026-01-02
R0004830,O00088032,Quality issue,2026-01-19
R0004831,O00088056,Damaged item,2023-05-09
R0004832,O00088079,Quality issue,2024-12-21
R0004833,O00088088,Damaged item,2023-12-31
R0004834,O00088109,Wrong item,2024-08-13
R0004835,O00088114,Size issue,2024-11-11
R0004836,O00088126,Late delivery,2024-04-18
R0004837,O00088146,Damaged item,2026-01-05
R0004838,O00088150,Quality issue,2025-11-19
R0004839,O00088152,Wrong item,2025-12-07
R0004840,O00088161,Changed mind,2025-07-12
R0004841,O00088248,Damaged item,2025-12-27
R0004842,O00088269,Wrong item,2025-10-08
R0004843,O00088319,Size issue,2025-11-27
R0004844,O00088322,Size issue,2024-11-24
R0004845,O00088328,Quality issue,2025-08-05
R0004846,O00088349,Quality issue,2024-12-30
R0004847,O00088361,Damaged item,2025-04-28
R0004848,O00088364,Quality issue,2024-03-27
R0004849,O00088367,Wrong item,2023-12-04
R0004850,O00088374,Quality issue,2025-04-09
R0004851,O00088375,Late delivery,2023-02-19
R0004852,O00088394,Changed mind,2026-01-14
R0004853,O00088418,Changed mind,2025-08-22
R0004854,O00088442,Late delivery,2025-11-15
R0004855,O00088485,Changed mind,2025-01-09
R0004856,O00088502,Changed mind,2024-09-23
R0004857,O00088566,Quality issue,2025-02-17
R0004858,O00088588,Wrong item,2025-04-12
R0004859,O00088602,Late delivery,2025-12-25
R0004860,O00088614,Quality issue,2025-04-09
R0004861,O00088626,Size issue,2024-02-03
R0004862,O00088651,Damaged item,2025-01-27
R0004863,O00088657,Wrong item,2023-11-24
R0004864,O00088672,Changed mind,2024-09-19
R0004865,O00088698,Damaged item,2025-12-15
R0004866,O00088716,Changed mind,2023-06-02
R0004867,O00088780,Late delivery,2024-11-11
R0004868,O00088854,Size issue,2025-08-28
R0004869,O00088861,Late delivery,2023-07-24
R0004870,O00088871,Late delivery,2024-03-18
R0004871,O00088880,Late delivery,2025-01-17
R0004872,O00088892,Late delivery,2024-03-13
R0004873,O00088904,Damaged item,2025-11-24
R0004874,O00088905,Quality issue,2025-11-15
R0004875,O00088917,Quality issue,2025-04-01
R0004876,O00088921,Size issue,2025-09-12
R0004877,O00088924,Late delivery,2025-12-20
R0004878,O00088958,Late delivery,2025-01-16
R0004879,O00089025,Quality issue,2024-12-08
R0004880,O00089043,Damaged item,2025-12-28
R0004881,O00089056,Changed mind,2025-08-11
R0004882,O00089064,Damaged item,2025-10-10
R0004883,O00089069,Damaged item,2024-12-21
R0004884,O00089070,Size issue,2025-04-15
R0004885,O00089075,Changed mind,2025-03-19
R0004886,O00089209,Quality issue,2024-12-21
R0004887,O00089216,Size issue,2026-01-10
R0004888,O00089228,Wrong item,2025-10-12
R0004889,O00089266,Quality issue,2024-04-18
R0004890,O00089267,Damaged item,2024-07-27
R0004891,O00089268,Late delivery,2024-09-26
R0004892,O00089272,Late delivery,2025-08-06
R0004893,O00089273,Quality issue,2024-05-04
R0004894,O00089278,Quality issue,2025-12-07
R0004895,O00089283,Quality issue,2025-01-09
R0004896,O00089292,Quality issue,2025-11-02
R0004897,O00089345,Late delivery,2025-07-22
R0004898,O00089364,Late delivery,2025-12-29
R0004899,O00089387,Size issue,2023-09-21
R0004900,O00089391,Damaged item,2025-12-30
R0004901,O00089393,Size issue,2026-01-08
R0004902,O00089411,Wrong item,2024-12-02
R0004903,O00089421,Quality issue,2025-08-11
R0004904,O00089433,Late delivery,2025-05-20
R0004905,O00089434,Late delivery,2025-08-11
R0004906,O00089441,Size issue,2025-12-03
R0004907,O00089442,Size issue,2025-11-21
R0004908,O00089454,Quality issue,2026-01-16
R0004909,O00089459,Damaged item,2025-07-29
R0004910,O00089511,Quality issue,2025-02-06
R0004911,O00089532,Size issue,2024-11-13
R0004912,O00089533,Wrong item,2025-06-06
R0004913,O00089546,Wrong item,2024-11-13
R0004914,O00089578,Wrong item,2025-04-04
R0004915,O00089579,Late delivery,2025-05-20
R0004916,O00089632,Changed mind,2025-05-26
R0004917,O00089662,Late delivery,2025-01-24
R0004918,O00089677,Size issue,2025-12-31
R0004919,O00089680,Late delivery,2023-11-05
R0004920,O00089682,Size issue,2024-04-18
R0004921,O00089704,Changed mind,2024-12-22
R0004922,O00089732,Size issue,2026-01-02
R0004923,O00089735,Wrong item,2025-11-10
R0004924,O00089752,Damaged item,2025-10-16
R0004925,O00089762,Late delivery,2024-02-04
R0004926,O00089792,Damaged item,2025-12-29
R0004927,O00089795,Quality issue,2026-01-11
R0004928,O00089799,Size issue,2023-12-11
R0004929,O00089813,Damaged item,2025-12-11
R0004930,O00089854,Size issue,2024-06-27
R0004931,O00089887,Changed mind,2025-03-13
R0004932,O00089900,Quality issue,2023-10-05
R0004933,O00089920,Late delivery,2025-03-02
R0004934,O00089931,Size issue,2025-11-03
R0004935,O00089965,Quality issue,2025-12-23
R0004936,O00090063,Quality issue,2025-05-31
R0004937,O00090082,Size issue,2025-08-22
R0004938,O00090095,Quality issue,2025-03-01
R0004939,O00090106,Late delivery,2024-12-24
R0004940,O00090115,Changed mind,2025-04-04
R0004941,O00090120,Changed mind,2025-10-06
R0004942,O00090160,Quality issue,2024-10-07
R0004943,O00090168,Quality issue,2025-01-14
R0004944,O00090198,Changed mind,2025-09-11
R0004945,O00090202,Late delivery,2025-11-19
R0004946,O00090205,Late delivery,2026-01-25
R0004947,O00090219,Late delivery,2025-07-12
R0004948,O00090268,Wrong item,2025-03-31
R0004949,O00090294,Changed mind,2025-06-04
R0004950,O00090298,Late delivery,2025-07-31
R0004951,O00090301,Late delivery,2025-09-13
R0004952,O00090316,Damaged item,2024-11-22
R0004953,O00090333,Quality issue,2025-10-08
R0004954,O00090334,Damaged item,2025-08-05
R0004955,O00090381,Wrong item,2025-09-08
R0004956,O00090431,Late delivery,2024-12-24
R0004957,O00090439,Quality issue,2025-03-26
R0004958,O00090455,Wrong item,2026-01-04
R0004959,O00090465,Changed mind,2025-08-04
R0004960,O00090508,Changed mind,2025-08-04
R0004961,O00090567,Size issue,2024-06-09
R0004962,O00090595,Damaged item,2024-12-18
R0004963,O00090598,Damaged item,2025-07-13
R0004964,O00090603,Quality issue,2023-12-01
R0004965,O00090604,Damaged item,2024-02-21
R0004966,O00090606,Quality issue,2024-01-10
R0004967,O00090613,Late delivery,2023-07-17
R0004968,O00090620,Damaged item,2024-06-11
R0004969,O00090624,Size issue,2024-11-12
R0004970,O00090635,Late delivery,2024-02-15
R0004971,O00090637,Quality issue,2024-05-15
R0004972,O00090648,Damaged item,2023-12-15
R0004973,O00090649,Wrong item,2025-04-02
R0004974,O00090655,Wrong item,2025-07-19
R0004975,O00090666,Size issue,2025-09-16
R0004976,O00090678,Changed mind,2024-09-06
R0004977,O00090684,Quality issue,2025-12-17
R0004978,O00090695,Wrong item,2025-07-16
R0004979,O00090717,Size issue,2025-08-26
R0004980,O00090726,Wrong item,2024-11-14
R0004981,O00090763,Damaged item,2025-02-07
R0004982,O00090770,Size issue,2025-09-15
R0004983,O00090784,Quality issue,2024-06-10
R0004984,O00090869,Damaged item,2025-11-18
R0004985,O00090889,Damaged item,2025-12-21
R0004986,O00090939,Changed mind,2025-03-13
R0004987,O00090956,Quality issue,2024-06-27
R0004988,O00090981,Changed mind,2024-11-18
R0004989,O00090986,Damaged item,2024-04-06
R0004990,O00090989,Damaged item,2026-01-03
R0004991,O00090994,Wrong item,2025-02-25
R0004992,O00091035,Changed mind,2025-05-23
R0004993,O00091036,Wrong item,2024-12-24
R0004994,O00091049,Quality issue,2023-08-18
R0004995,O00091056,Size issue,2025-01-06
R0004996,O00091062,Quality issue,2024-06-07
R0004997,O00091085,Damaged item,2023-06-14
R0004998,O00091092,Size issue,2024-08-26
R0004999,O00091136,Quality issue,2025-09-08
R0005000,O00091157,Changed mind,2025-09-10
R0005001,O00091169,Quality issue,2025-04-14
R0005002,O00091183,Size issue,2025-05-03
R0005003,O00091223,Size issue,2024-08-25
R0005004,O00091227,Damaged item,2023-09-02
R0005005,O00091259,Late delivery,2025-04-04
R0005006,O00091264,Damaged item,2025-07-25
R0005007,O00091274,Wrong item,2025-12-30
R0005008,O00091315,Late delivery,2024-08-22
R0005009,O00091321,Quality issue,2025-05-18
R0005010,O00091323,Size issue,2025-05-18
R0005011,O00091327,Late delivery,2024-05-23
R0005012,O00091328,Size issue,2024-09-12
R0005013,O00091333,Quality issue,2025-09-13
R0005014,O00091359,Quality issue,2025-09-06
R0005015,O00091361,Late delivery,2025-11-22
R0005016,O00091367,Damaged item,2024-11-27
R0005017,O00091378,Quality issue,2024-12-01
R0005018,O00091394,Late delivery,2026-01-19
R0005019,O00091426,Quality issue,2024-12-19
R0005020,O00091441,Quality issue,2023-08-06
R0005021,O00091461,Size issue,2025-07-03
R0005022,O00091462,Quality issue,2025-08-10
R0005023,O00091476,Late delivery,2024-08-01
R0005024,O00091494,Damaged item,2024-02-20
R0005025,O00091530,Damaged item,2025-05-18
R0005026,O00091542,Quality issue,2025-09-15
R0005027,O00091592,Size issue,2025-11-04
R0005028,O00091602,Quality issue,2023-04-19
R0005029,O00091633,Changed mind,2025-11-19
R0005030,O00091634,Late delivery,2024-02-23
R0005031,O00091647,Damaged item,2025-03-28
R0005032,O00091649,Late delivery,2025-11-06
R0005033,O00091669,Late delivery,2026-01-26
R0005034,O00091683,Late delivery,2025-02-09
R0005035,O00091692,Late delivery,2024-10-23
R0005036,O00091712,Size issue,2024-03-28
R0005037,O00091758,Damaged item,2024-07-23
R0005038,O00091764,Size issue,2025-01-20
R0005039,O00091779,Changed mind,2025-08-08
R0005040,O00091789,Damaged item,2026-01-15
R0005041,O00091809,Damaged item,2024-10-13
R0005042,O00091834,Wrong item,2025-08-29
R0005043,O00091841,Late delivery,2025-12-30
R0005044,O00091858,Damaged item,2025-11-02
R0005045,O00091917,Quality issue,2024-05-13
R0005046,O00091938,Wrong item,2025-09-26
R0005047,O00091968,Quality issue,2025-11-26
R0005048,O00091988,Changed mind,2026-01-19
R0005049,O00092000,Changed mind,2024-10-10
R0005050,O00092077,Wrong item,2025-12-05
R0005051,O00092094,Quality issue,2026-01-13
R0005052,O00092133,Wrong item,2025-06-18
R0005053,O00092134,Size issue,2025-10-18
R0005054,O00092178,Changed mind,2025-11-06
R0005055,O00092186,Late delivery,2025-06-22
R0005056,O00092201,Changed mind,2024-07-02
R0005057,O00092212,Wrong item,2025-01-28
R0005058,O00092217,Quality issue,2026-01-16
R0005059,O00092229,Changed mind,2024-03-31
R0005060,O00092257,Changed mind,2025-10-29
R0005061,O00092270,Damaged item,2025-12-22
R0005062,O00092305,Late delivery,2025-12-17
R0005063,O00092309,Quality issue,2025-11-24
R0005064,O00092354,Quality issue,2025-12-31
R0005065,O00092366,Damaged item,2023-12-24
R0005066,O00092368,Wrong item,2025-08-22
R0005067,O00092418,Damaged item,2026-01-04
R0005068,O00092426,Quality issue,2026-01-04
R0005069,O00092432,Damaged item,2023-05-25
R0005070,O00092445,Wrong item,2024-08-29
R0005071,O00092448,Quality issue,2025-08-16
R0005072,O00092499,Changed mind,2025-11-24
R0005073,O00092544,Size issue,2024-12-08
R0005074,O00092574,Size issue,2025-01-28
R0005075,O00092579,Changed mind,2025-09-19
R0005076,O00092587,Quality issue,2025-07-31
R0005077,O00092593,Late delivery,2025-10-04
R0005078,O00092611,Wrong item,2025-09-02
R0005079,O00092612,Quality issue,2025-08-28
R0005080,O00092618,Quality issue,2025-10-04
R0005081,O00092629,Damaged item,2025-12-06
R0005082,O00092631,Quality issue,2025-12-08
R0005083,O00092638,Late delivery,2025-04-05
R0005084,O00092642,Wrong item,2025-06-08
R0005085,O00092658,Late delivery,2025-11-26
R0005086,O00092662,Quality issue,2026-01-16
R0005087,O00092672,Quality issue,2025-07-27
R0005088,O00092703,Size issue,2024-08-29
R0005089,O00092743,Size issue,2025-02-03
R0005090,O00092746,Quality issue,2023-07-28
R0005091,O00092753,Damaged item,2025-09-08
R0005092,O00092822,Late delivery,2025-10-02
R0005093,O00092844,Changed mind,2025-10-28
R0005094,O00092862,Late delivery,2024-12-08
R0005095,O00092864,Wrong item,2023-08-24
R0005096,O00092883,Late delivery,2025-05-31
R0005097,O00092891,Wrong item,2023-02-15
R0005098,O00092898,Size issue,2025-04-11
R0005099,O00092913,Late delivery,2025-08-27
R0005100,O00092943,Wrong item,2025-01-07
R0005101,O00092961,Changed mind,2025-12-09
R0005102,O00092978,Wrong item,2024-10-07
R0005103,O00092984,Damaged item,2024-07-31
R0005104,O00092988,Size issue,2024-11-26
R0005105,O00093005,Wrong item,2025-12-17
R0005106,O00093011,Changed mind,2025-03-26
R0005107,O00093055,Changed mind,2025-08-17
R0005108,O00093063,Quality issue,2024-08-05
R0005109,O00093138,Changed mind,2025-06-22
R0005110,O00093161,Late delivery,2024-12-27
R0005111,O00093167,Quality issue,2025-12-20
R0005112,O00093177,Late delivery,2024-12-17
R0005113,O00093190,Quality issue,2026-01-01
R0005114,O00093191,Damaged item,2024-06-09
R0005115,O00093198,Late delivery,2024-11-14
R0005116,O00093212,Changed mind,2025-10-23
R0005117,O00093219,Late delivery,2026-01-08
R0005118,O00093222,Damaged item,2026-01-07
R0005119,O00093225,Size issue,2025-12-28
R0005120,O00093236,Wrong item,2025-08-11
R0005121,O00093252,Wrong item,2025-08-17
R0005122,O00093289,Changed mind,2024-01-03
R0005123,O00093335,Damaged item,2024-11-20
R0005124,O00093350,Size issue,2025-12-30
R0005125,O00093356,Damaged item,2025-12-06
R0005126,O00093381,Changed mind,2025-05-31
R0005127,O00093450,Late delivery,2025-10-08
R0005128,O00093506,Changed mind,2025-11-24
R0005129,O00093508,Quality issue,2025-12-15
R0005130,O00093542,Damaged item,2025-12-03
R0005131,O00093543,Late delivery,2025-11-15
R0005132,O00093548,Damaged item,2023-04-18
R0005133,O00093571,Quality issue,2026-01-03
R0005134,O00093589,Size issue,2025-04-12
R0005135,O00093617,Quality issue,2023-11-11
R0005136,O00093634,Late delivery,2025-09-07
R0005137,O00093642,Late delivery,2024-12-09
R0005138,O00093656,Quality issue,2024-09-06
R0005139,O00093692,Quality issue,2026-01-03
R0005140,O00093700,Quality issue,2023-07-31
R0005141,O00093703,Damaged item,2025-07-19
R0005142,O00093706,Quality issue,2024-05-04
R0005143,O00093707,Size issue,2024-09-06
R0005144,O00093730,Wrong item,2025-04-24
R0005145,O00093755,Wrong item,2025-10-09
R0005146,O00093762,Wrong item,2025-01-28
R0005147,O00093775,Late delivery,2024-02-18
R0005148,O00093806,Late delivery,2025-01-21
R0005149,O00093843,Changed mind,2025-04-25
R0005150,O00093861,Changed mind,2023-10-27
R0005151,O00093885,Size issue,2025-10-29
R0005152,O00093890,Size issue,2025-09-16
R0005153,O00093891,Damaged item,2025-12-08
R0005154,O00093895,Size issue,2026-01-06
R0005155,O00093899,Size issue,2025-10-30
R0005156,O00093909,Size issue,2024-01-19
R0005157,O00093910,Late delivery,2024-01-30
R0005158,O00093917,Quality issue,2025-07-06
R0005159,O00093937,Quality issue,2025-04-17
R0005160,O00093959,Size issue,2025-11-11
R0005161,O00093963,Changed mind,2025-12-04
R0005162,O00093968,Damaged item,2023-11-30
R0005163,O00093972,Late delivery,2025-07-24
R0005164,O00093974,Quality issue,2024-05-25
R0005165,O00093981,Quality issue,2025-06-13
R0005166,O00093998,Late delivery,2024-05-09
R0005167,O00094007,Quality issue,2025-12-28
R0005168,O00094022,Late delivery,2025-12-25
R0005169,O00094029,Damaged item,2024-07-03
R0005170,O00094084,Quality issue,2025-11-13
R0005171,O00094101,Late delivery,2025-06-27
R0005172,O00094141,Size issue,2026-01-11
R0005173,O00094161,Wrong item,2025-08-10
R0005174,O00094168,Damaged item,2025-11-12
R0005175,O00094175,Quality issue,2023-06-15
R0005176,O00094202,Size issue,2025-10-21
R0005177,O00094204,Size issue,2025-09-17
R0005178,O00094211,Size issue,2026-01-05
R0005179,O00094219,Late delivery,2025-11-26
R0005180,O00094251,Size issue,2025-10-20
R0005181,O00094262,Size issue,2025-12-17
R0005182,O00094280,Damaged item,2025-08-20
R0005183,O00094319,Wrong item,2025-12-18
R0005184,O00094350,Changed mind,2024-09-21
R0005185,O00094356,Size issue,2026-01-14
R0005186,O00094365,Size issue,2024-02-18
R0005187,O00094368,Late delivery,2025-08-15
R0005188,O00094398,Quality issue,2025-10-17
R0005189,O00094406,Damaged item,2025-08-18
R0005190,O00094426,Damaged item,2025-07-24
R0005191,O00094496,Late delivery,2025-10-10
R0005192,O00094499,Late delivery,2023-09-24
R0005193,O00094531,Late delivery,2026-01-03
R0005194,O00094604,Quality issue,2025-11-19
R0005195,O00094619,Late delivery,2026-01-29
R0005196,O00094663,Wrong item,2025-06-09
R0005197,O00094669,Late delivery,2025-11-21
R0005198,O00094700,Wrong item,2023-11-06
R0005199,O00094713,Late delivery,2025-09-25
R0005200,O00094722,Late delivery,2025-10-04
R0005201,O00094755,Late delivery,2025-10-15
R0005202,O00094768,Size issue,2025-06-23
R0005203,O00094801,Size issue,2025-06-06
R0005204,O00094802,Quality issue,2024-11-04
R0005205,O00094805,Size issue,2025-09-03
R0005206,O00094853,Late delivery,2025-01-30
R0005207,O00094877,Quality issue,2025-05-11
R0005208,O00094913,Late delivery,2025-01-01
R0005209,O00094924,Size issue,2025-09-17
R0005210,O00094945,Quality issue,2024-11-14
R0005211,O00094957,Damaged item,2026-01-01
R0005212,O00094967,Wrong item,2023-09-08
R0005213,O00094971,Size issue,2024-06-12
R0005214,O00094981,Damaged item,2024-07-09
R0005215,O00095021,Damaged item,2025-12-13
R0005216,O00095054,Changed mind,2025-10-06
R0005217,O00095069,Damaged item,2024-08-08
R0005218,O00095082,Late delivery,2025-08-25
R0005219,O00095083,Wrong item,2025-09-12
R0005220,O00095086,Late delivery,2025-01-21
R0005221,O00095118,Changed mind,2024-12-13
R0005222,O00095135,Late delivery,2025-10-27
R0005223,O00095155,Quality issue,2025-12-21
R0005224,O00095156,Wrong item,2025-11-08
R0005225,O00095166,Damaged item,2024-12-29
R0005226,O00095194,Damaged item,2025-11-10
R0005227,O00095216,Quality issue,2025-12-21
R0005228,O00095232,Late delivery,2024-11-20
R0005229,O00095253,Quality issue,2025-12-24
R0005230,O00095270,Wrong item,2025-01-31
R0005231,O00095353,Damaged item,2025-12-17
R0005232,O00095366,Damaged item,2025-12-01
R0005233,O00095373,Quality issue,2023-01-16
R0005234,O00095385,Wrong item,2025-03-12
R0005235,O00095388,Late delivery,2025-06-22
R0005236,O00095389,Wrong item,2025-07-16
R0005237,O00095422,Size issue,2024-11-05
R0005238,O00095428,Wrong item,2025-05-10
R0005239,O00095461,Quality issue,2024-06-27
R0005240,O00095471,Quality issue,2025-10-05
R0005241,O00095499,Size issue,2024-12-07
R0005242,O00095525,Late delivery,2023-04-11
R0005243,O00095548,Size issue,2026-01-19
R0005244,O00095556,Size issue,2024-06-23
R0005245,O00095589,Quality issue,2025-08-02
R0005246,O00095597,Damaged item,2025-12-02
R0005247,O00095638,Wrong item,2026-01-16
R0005248,O00095641,Quality issue,2024-06-04
R0005249,O00095646,Size issue,2025-07-31
R0005250,O00095662,Late delivery,2025-07-30
R0005251,O00095677,Wrong item,2024-08-28
R0005252,O00095712,Wrong item,2025-09-28
R0005253,O00095743,Late delivery,2025-12-11
R0005254,O00095747,Size issue,2026-01-01
R0005255,O00095812,Damaged item,2026-01-03
R0005256,O00095877,Quality issue,2025-09-09
R0005257,O00095907,Size issue,2025-12-14
R0005258,O00095928,Damaged item,2025-10-19
R0005259,O00095929,Changed mind,2025-12-24
R0005260,O00095961,Damaged item,2025-10-01
R0005261,O00095969,Damaged item,2025-01-28
R0005262,O00095993,Quality issue,2024-02-21
R0005263,O00096019,Wrong item,2025-09-19
R0005264,O00096060,Damaged item,2025-10-07
R0005265,O00096066,Damaged item,2024-12-04
R0005266,O00096067,Size issue,2025-08-28
R0005267,O00096099,Size issue,2025-07-25
R0005268,O00096100,Wrong item,2025-08-23
R0005269,O00096105,Late delivery,2024-12-23
R0005270,O00096119,Late delivery,2025-05-22
R0005271,O00096134,Damaged item,2024-11-21
R0005272,O00096164,Size issue,2024-10-18
R0005273,O00096223,Size issue,2025-11-19
R0005274,O00096230,Wrong item,2025-12-14
R0005275,O00096236,Damaged item,2026-01-17
R0005276,O00096271,Quality issue,2025-08-02
R0005277,O00096319,Size issue,2025-11-08
R0005278,O00096335,Size issue,2025-11-01
R0005279,O00096345,Size issue,2026-01-03
R0005280,O00096350,Late delivery,2026-01-09
R0005281,O00096370,Late delivery,2025-11-24
R0005282,O00096390,Size issue,2025-08-05
R0005283,O00096396,Changed mind,2023-05-09
R0005284,O00096442,Quality issue,2024-01-04
R0005285,O00096473,Wrong item,2025-06-24
R0005286,O00096476,Late delivery,2025-10-14
R0005287,O00096489,Wrong item,2026-01-02
R0005288,O00096507,Late delivery,2024-03-25
R0005289,O00096524,Size issue,2025-12-03
R0005290,O00096547,Size issue,2025-05-28
R0005291,O00096550,Quality issue,2025-07-20
R0005292,O00096557,Changed mind,2025-11-20
R0005293,O00096565,Wrong item,2024-11-30
R0005294,O00096592,Late delivery,2025-12-15
R0005295,O00096609,Quality issue,2025-12-18
R0005296,O00096612,Late delivery,2025-12-26
R0005297,O00096619,Late delivery,2024-05-23
R0005298,O00096630,Damaged item,2023-11-08
R0005299,O00096639,Changed mind,2023-09-27
R0005300,O00096712,Changed mind,2026-01-07
R0005301,O00096795,Changed mind,2025-09-05
R0005302,O00096799,Damaged item,2024-03-26
R0005303,O00096802,Wrong item,2024-01-21
R0005304,O00096807,Size issue,2023-12-09
R0005305,O00096818,Quality issue,2025-10-24
R0005306,O00096851,Changed mind,2026-01-13
R0005307,O00096854,Damaged item,2025-10-26
R0005308,O00096944,Wrong item,2025-01-03
R0005309,O00096956,Quality issue,2024-10-03
R0005310,O00096973,Damaged item,2026-01-08
R0005311,O00096991,Damaged item,2024-08-20
R0005312,O00096996,Late delivery,2025-06-25
R0005313,O00097010,Damaged item,2025-10-30
R0005314,O00097038,Damaged item,2025-10-01
R0005315,O00097048,Damaged item,2024-07-16
R0005316,O00097053,Wrong item,2025-05-12
R0005317,O00097062,Size issue,2024-11-04
R0005318,O00097070,Changed mind,2024-07-07
R0005319,O00097072,Changed mind,2024-01-03
R0005320,O00097126,Damaged item,2025-12-15
R0005321,O00097145,Size issue,2025-10-10
R0005322,O00097156,Wrong item,2025-04-26
R0005323,O00097161,Changed mind,2025-07-29
R0005324,O00097173,Quality issue,2025-05-25
R0005325,O00097260,Quality issue,2025-07-16
R0005326,O00097297,Wrong item,2024-12-01
R0005327,O00097301,Wrong item,2025-02-04
R0005328,O00097305,Size issue,2026-01-03
R0005329,O00097317,Late delivery,2026-01-20
R0005330,O00097320,Quality issue,2025-10-21
R0005331,O00097324,Quality issue,2025-11-17
R0005332,O00097327,Late delivery,2025-12-16
R0005333,O00097335,Quality issue,2025-09-26
R0005334,O00097337,Size issue,2026-01-17
R0005335,O00097346,Late delivery,2025-01-21
R0005336,O00097387,Damaged item,2025-06-24
R0005337,O00097397,Late delivery,2026-01-02
R0005338,O00097399,Changed mind,2025-06-08
R0005339,O00097400,Damaged item,2025-10-30
R0005340,O00097417,Damaged item,2025-01-30
R0005341,O00097434,Quality issue,2025-06-09
R0005342,O00097443,Quality issue,2025-08-16
R0005343,O00097507,Late delivery,2023-12-31
R0005344,O00097522,Size issue,2025-09-07
R0005345,O00097527,Damaged item,2026-01-13
R0005346,O00097574,Late delivery,2024-09-19
R0005347,O00097576,Quality issue,2025-06-02
R0005348,O00097585,Damaged item,2023-07-16
R0005349,O00097590,Wrong item,2025-01-24
R0005350,O00097693,Wrong item,2026-01-10
R0005351,O00097715,Damaged item,2025-12-26
R0005352,O00097720,Changed mind,2024-02-19
R0005353,O00097724,Wrong item,2025-02-27
R0005354,O00097746,Damaged item,2025-06-29
R0005355,O00097757,Damaged item,2025-08-30
R0005356,O00097771,Wrong item,2024-12-25
R0005357,O00097781,Damaged item,2025-05-06
R0005358,O00097789,Damaged item,2025-09-16
R0005359,O00097816,Damaged item,2025-06-15
R0005360,O00097842,Damaged item,2025-05-13
R0005361,O00097852,Size issue,2025-09-27
R0005362,O00097881,Changed mind,2025-01-08
R0005363,O00097884,Late delivery,2025-04-28
R0005364,O00097896,Size issue,2025-12-31
R0005365,O00097898,Wrong item,2026-01-10
R0005366,O00097901,Quality issue,2024-07-12
R0005367,O00097909,Late delivery,2023-12-15
R0005368,O00097980,Quality issue,2026-01-18
R0005369,O00097981,Changed mind,2026-01-09
R0005370,O00098042,Quality issue,2025-03-12
R0005371,O00098112,Size issue,2024-07-19
R0005372,O00098119,Quality issue,2025-06-07
R0005373,O00098126,Damaged item,2026-01-23
R0005374,O00098127,Size issue,2023-07-26
R0005375,O00098150,Damaged item,2025-07-04
R0005376,O00098165,Quality issue,2024-07-10
R0005377,O00098183,Changed mind,2025-12-09
R0005378,O00098200,Quality issue,2025-11-04
R0005379,O00098210,Quality issue,2025-09-24
R0005380,O00098244,Changed mind,2025-12-07
R0005381,O00098250,Quality issue,2025-10-10
R0005382,O00098294,Wrong item,2026-01-01
R0005383,O00098320,Late delivery,2025-03-18
R0005384,O00098327,Changed mind,2025-06-04
R0005385,O00098350,Quality issue,2026-01-13
R0005386,O00098367,Quality issue,2025-06-30
R0005387,O00098376,Damaged item,2024-01-16
R0005388,O00098382,Quality issue,2025-03-29
R0005389,O00098406,Quality issue,2025-08-15
R0005390,O00098407,Damaged item,2025-02-28
R0005391,O00098409,Late delivery,2025-06-14
R0005392,O00098414,Late delivery,2024-12-29
R0005393,O00098417,Quality issue,2024-05-28
R0005394,O00098439,Size issue,2025-01-02
R0005395,O00098451,Changed mind,2025-05-04
R0005396,O00098521,Late delivery,2025-07-04
R0005397,O00098528,Changed mind,2026-01-17
R0005398,O00098532,Changed mind,2024-07-19
R0005399,O00098535,Damaged item,2025-10-19
R0005400,O00098605,Late delivery,2024-03-15
R0005401,O00098613,Damaged item,2025-09-28
R0005402,O00098655,Size issue,2024-04-17
R0005403,O00098658,Late delivery,2025-06-01
R0005404,O00098660,Size issue,2025-12-07
R0005405,O00098669,Size issue,2025-01-15
R0005406,O00098695,Damaged item,2026-01-09
R0005407,O00098706,Changed mind,2023-11-21
R0005408,O00098720,Wrong item,2025-12-04
R0005409,O00098722,Wrong item,2024-07-04
R0005410,O00098729,Changed mind,2025-09-05
R0005411,O00098771,Changed mind,2023-09-09
R0005412,O00098817,Quality issue,2025-02-24
R0005413,O00098841,Wrong item,2023-12-16
R0005414,O00098842,Wrong item,2024-02-04
R0005415,O00098845,Quality issue,2024-10-15
R0005416,O00098859,Late delivery,2023-10-06
R0005417,O00098878,Damaged item,2025-08-27
R0005418,O00098913,Late delivery,2025-11-17
R0005419,O00098924,Late delivery,2023-11-30
R0005420,O00098937,Quality issue,2025-07-04
R0005421,O00098940,Size issue,2025-08-04
R0005422,O00098944,Damaged item,2026-01-16
R0005423,O00098976,Quality issue,2025-08-11
R0005424,O00098990,Damaged item,2025-12-12
R0005425,O00099014,Quality issue,2025-10-08
R0005426,O00099025,Size issue,2024-09-30
R0005427,O00099083,Damaged item,2025-10-28
R0005428,O00099095,Quality issue,2024-12-28
R0005429,O00099133,Size issue,2025-12-19
R0005430,O00099141,Quality issue,2025-06-23
R0005431,O00099150,Damaged item,2023-07-23
R0005432,O00099156,Quality issue,2026-01-24
R0005433,O00099159,Changed mind,2025-11-27
R0005434,O00099166,Changed mind,2026-01-15
R0005435,O00099193,Late delivery,2025-11-14
R0005436,O00099207,Size issue,2025-01-14
R0005437,O00099212,Late delivery,2025-08-03
R0005438,O00099221,Late delivery,2024-09-25
R0005439,O00099230,Damaged item,2025-01-20
R0005440,O00099270,Wrong item,2026-01-18
R0005441,O00099313,Changed mind,2025-12-06
R0005442,O00099333,Changed mind,2025-05-23
R0005443,O00099340,Damaged item,2025-02-18
R0005444,O00099344,Wrong item,2025-12-15
R0005445,O00099364,Late delivery,2023-12-31
R0005446,O00099366,Quality issue,2025-02-14
R0005447,O00099386,Quality issue,2026-01-08
R0005448,O00099388,Quality issue,2023-10-15
R0005449,O00099395,Changed mind,2023-11-13
R0005450,O00099409,Late delivery,2025-09-07
R0005451,O00099414,Changed mind,2024-01-07
R0005452,O00099434,Wrong item,2024-12-04
R0005453,O00099448,Damaged item,2025-09-26
R0005454,O00099451,Quality issue,2023-12-19
R0005455,O00099458,Quality issue,2023-10-14
R0005456,O00099469,Quality issue,2025-05-12
R0005457,O00099472,Size issue,2025-02-26
R0005458,O00099476,Late delivery,2025-12-07
R0005459,O00099485,Late delivery,2025-11-04
R0005460,O00099486,Wrong item,2025-11-26
R0005461,O00099506,Quality issue,2025-02-26
R0005462,O00099534,Size issue,2026-01-13
R0005463,O00099540,Late delivery,2025-11-08
R0005464,O00099545,Changed mind,2025-11-12
R0005465,O00099564,Changed mind,2026-01-07
R0005466,O00099572,Late delivery,2023-09-25
R0005467,O00099594,Damaged item,2025-12-25
R0005468,O00099627,Quality issue,2025-02-23
R0005469,O00099647,Damaged item,2025-05-14
R0005470,O00099657,Quality issue,2025-07-24
R0005471,O00099688,Wrong item,2025-11-30
R0005472,O00099691,Quality issue,2023-12-26
R0005473,O00099702,Changed mind,2023-12-05
R0005474,O00099744,Damaged item,2025-01-22
R0005475,O00099765,Wrong item,2025-12-06
R0005476,O00099767,Size issue,2025-08-17
R0005477,O00099779,Late delivery,2026-01-03
R0005478,O00099852,Quality issue,2025-01-11
R0005479,O00099854,Quality issue,2025-03-19
R0005480,O00099856,Changed mind,2025-06-07
R0005481,O00099874,Wrong item,2025-03-20
R0005482,O00099896,Changed mind,2025-11-24
R0005483,O00099897,Quality issue,2024-06-03
R0005484,O00099906,Quality issue,2025-05-02
R0005485,O00099910,Late delivery,2025-10-25
R0005486,O00099912,Changed mind,2025-02-23
R0005487,O00099927,Size issue,2026-01-14
R0005488,O00099931,Damaged item,2023-08-23
R0005489,O00099933,Changed mind,2024-03-18
R0005490,O00099953,Changed mind,2025-10-06
R0005491,O00099986,Quality issue,2025-08-14
R0005492,O00099994,Wrong item,2024-12-03
R0005493,O00100010,Quality issue,2025-12-04
R0005494,O00100013,Quality issue,2025-06-13
R0005495,O00100027,Wrong item,2023-04-26
R0005496,O00100053,Size issue,2026-01-14
R0005497,O00100065,Changed mind,2025-11-29
R0005498,O00100077,Damaged item,2024-12-20
R0005499,O00100087,Damaged item,2025-07-05
R0005500,O00100097,Damaged item,2024-03-05
R0005501,O00100102,Changed mind,2024-12-12
R0005502,O00100110,Late delivery,2025-04-10
R0005503,O00100131,Wrong item,2025-05-19
R0005504,O00100142,Size issue,2023-05-31
R0005505,O00100148,Changed mind,2024-02-23
R0005506,O00100212,Wrong item,2024-12-12
R0005507,O00100224,Quality issue,2023-12-15
R0005508,O00100231,Changed mind,2023-07-10
R0005509,O00100236,Damaged item,2023-08-04
R0005510,O00100266,Damaged item,2025-11-17
R0005511,O00100285,Size issue,2025-07-17
R0005512,O00100296,Size issue,2024-12-06
R0005513,O00100316,Size issue,2025-07-04
R0005514,O00100334,Size issue,2025-09-07
R0005515,O00100337,Wrong item,2025-12-25
R0005516,O00100346,Late delivery,2024-10-07
R0005517,O00100352,Changed mind,2024-08-11
R0005518,O00100353,Wrong item,2025-03-29
R0005519,O00100382,Late delivery,2025-11-30
R0005520,O00100397,Quality issue,2024-06-06
R0005521,O00100440,Quality issue,2024-09-21
R0005522,O00100493,Wrong item,2025-08-10
R0005523,O00100499,Late delivery,2025-12-27
R0005524,O00100506,Damaged item,2025-04-07
R0005525,O00100511,Size issue,2025-08-05
R0005526,O00100529,Damaged item,2025-11-17
R0005527,O00100531,Quality issue,2025-07-05
R0005528,O00100578,Damaged item,2024-11-28
R0005529,O00100596,Changed mind,2025-12-19
R0005530,O00100620,Changed mind,2024-10-21
R0005531,O00100625,Size issue,2024-12-19
R0005532,O00100630,Late delivery,2025-12-25
R0005533,O00100644,Wrong item,2025-10-13
R0005534,O00100646,Late delivery,2025-12-17
R0005535,O00100667,Damaged item,2025-08-03
R0005536,O00100671,Quality issue,2024-03-05
R0005537,O00100679,Quality issue,2024-06-18
R0005538,O00100707,Size issue,2024-08-09
R0005539,O00100712,Late delivery,2025-12-05
R0005540,O00100726,Damaged item,2024-03-14
R0005541,O00100775,Quality issue,2025-08-27
R0005542,O00100781,Changed mind,2025-12-30
R0005543,O00100791,Quality issue,2025-04-07
R0005544,O00100793,Late delivery,2025-01-18
R0005545,O00100822,Quality issue,2025-12-15
R0005546,O00100833,Quality issue,2025-03-22
R0005547,O00100863,Changed mind,2024-06-26
R0005548,O00100880,Damaged item,2025-12-26
R0005549,O00100881,Size issue,2026-01-18
R0005550,O00100885,Quality issue,2025-04-18
R0005551,O00100901,Late delivery,2025-05-26
R0005552,O00100907,Wrong item,2024-06-04
R0005553,O00100935,Quality issue,2025-06-29
R0005554,O00100980,Changed mind,2025-06-10
R0005555,O00100983,Damaged item,2026-01-10
R0005556,O00100985,Damaged item,2025-10-10
R0005557,O00100999,Size issue,2025-10-16
R0005558,O00101004,Quality issue,2024-06-05
R0005559,O00101006,Changed mind,2024-12-06
R0005560,O00101033,Quality issue,2023-07-26
R0005561,O00101036,Wrong item,2024-11-24
R0005562,O00101039,Late delivery,2025-01-04
R0005563,O00101052,Changed mind,2025-11-29
R0005564,O00101062,Quality issue,2025-12-16
R0005565,O00101067,Quality issue,2024-04-26
R0005566,O00101151,Quality issue,2025-03-23
R0005567,O00101226,Quality issue,2025-06-23
R0005568,O00101229,Quality issue,2025-08-15
R0005569,O00101231,Changed mind,2025-10-14
R0005570,O00101245,Changed mind,2025-08-24
R0005571,O00101254,Late delivery,2024-05-31
R0005572,O00101261,Quality issue,2025-08-11
R0005573,O00101280,Size issue,2025-09-23
R0005574,O00101307,Quality issue,2024-11-26
R0005575,O00101342,Late delivery,2026-01-17
R0005576,O00101357,Damaged item,2025-07-10
R0005577,O00101361,Wrong item,2025-12-24
R0005578,O00101385,Quality issue,2025-08-31
R0005579,O00101424,Late delivery,2024-08-14
R0005580,O00101432,Quality issue,2023-08-14
R0005581,O00101435,Damaged item,2024-07-16
R0005582,O00101467,Late delivery,2025-11-15
R0005583,O00101471,Late delivery,2026-01-02
R0005584,O00101482,Changed mind,2025-05-08
R0005585,O00101486,Wrong item,2024-12-24
R0005586,O00101492,Changed mind,2025-09-11
R0005587,O00101539,Size issue,2025-08-02
R0005588,O00101544,Wrong item,2025-10-14
R0005589,O00101561,Size issue,2025-10-21
R0005590,O00101593,Late delivery,2025-07-05
R0005591,O00101597,Quality issue,2024-12-08
R0005592,O00101613,Quality issue,2025-11-14
R0005593,O00101616,Damaged item,2025-12-30
R0005594,O00101634,Quality issue,2024-01-24
R0005595,O00101657,Wrong item,2023-04-19
R0005596,O00101658,Damaged item,2024-12-28
R0005597,O00101662,Quality issue,2025-10-18
R0005598,O00101663,Damaged item,2024-03-19
R0005599,O00101671,Damaged item,2025-05-26
R0005600,O00101683,Late delivery,2025-07-12
R0005601,O00101688,Changed mind,2023-09-11
R0005602,O00101689,Quality issue,2024-01-27
R0005603,O00101699,Size issue,2025-01-25
R0005604,O00101703,Quality issue,2024-05-31
R0005605,O00101748,Damaged item,2025-12-13
R0005606,O00101776,Changed mind,2025-06-11
R0005607,O00101814,Late delivery,2025-12-22
R0005608,O00101833,Quality issue,2026-01-07
R0005609,O00101896,Damaged item,2025-10-28
R0005610,O00101902,Late delivery,2025-11-17
R0005611,O00101907,Quality issue,2023-07-23
R0005612,O00101911,Changed mind,2025-08-30
R0005613,O00101912,Damaged item,2023-04-01
R0005614,O00101922,Size issue,2024-06-15
R0005615,O00101923,Damaged item,2024-03-04
R0005616,O00101926,Damaged item,2025-01-17
R0005617,O00101962,Wrong item,2026-01-18
R0005618,O00101968,Changed mind,2026-01-03
R0005619,O00101999,Size issue,2024-03-17
R0005620,O00102027,Changed mind,2024-10-22
R0005621,O00102033,Late delivery,2025-11-09
R0005622,O00102048,Quality issue,2023-12-08
R0005623,O00102152,Quality issue,2024-08-09
R0005624,O00102154,Late delivery,2024-11-24
R0005625,O00102174,Late delivery,2025-12-06
R0005626,O00102175,Wrong item,2026-01-10
R0005627,O00102181,Wrong item,2023-03-20
R0005628,O00102188,Damaged item,2024-11-19
R0005629,O00102196,Wrong item,2025-09-18
R0005630,O00102198,Changed mind,2026-01-15
R0005631,O00102256,Late delivery,2026-01-29
R0005632,O00102259,Size issue,2025-12-21
R0005633,O00102270,Size issue,2024-02-12
R0005634,O00102281,Damaged item,2025-11-21
R0005635,O00102306,Damaged item,2025-11-30
R0005636,O00102323,Late delivery,2025-03-24
R0005637,O00102326,Size issue,2025-08-16
R0005638,O00102387,Quality issue,2024-11-01
R0005639,O00102447,Size issue,2026-01-03
R0005640,O00102464,Late delivery,2024-12-10
R0005641,O00102490,Changed mind,2024-04-18
R0005642,O00102500,Changed mind,2024-06-10
R0005643,O00102505,Quality issue,2026-01-25
R0005644,O00102539,Wrong item,2024-02-05
R0005645,O00102571,Quality issue,2025-07-22
R0005646,O00102615,Size issue,2025-10-13
R0005647,O00102641,Wrong item,2025-06-20
R0005648,O00102666,Quality issue,2026-01-09
R0005649,O00102674,Damaged item,2024-10-26
R0005650,O00102734,Size issue,2025-03-15
R0005651,O00102749,Size issue,2024-06-07
R0005652,O00102785,Damaged item,2026-01-02
R0005653,O00102790,Size issue,2023-12-26
R0005654,O00102797,Size issue,2023-07-17
R0005655,O00102807,Late delivery,2024-06-25
R0005656,O00102810,Late delivery,2025-04-01
R0005657,O00102840,Wrong item,2024-12-15
R0005658,O00102847,Quality issue,2025-11-03
R0005659,O00102856,Size issue,2025-11-14
R0005660,O00102859,Changed mind,2025-12-02
R0005661,O00102889,Size issue,2025-12-12
R0005662,O00102895,Quality issue,2025-12-14
R0005663,O00102900,Quality issue,2023-04-19
R0005664,O00102950,Wrong item,2025-10-30
R0005665,O00102986,Late delivery,2025-09-06
R0005666,O00103001,Late delivery,2025-01-03
R0005667,O00103042,Size issue,2023-11-22
R0005668,O00103045,Size issue,2024-03-09
R0005669,O00103046,Size issue,2024-04-03
R0005670,O00103054,Quality issue,2024-12-10
R0005671,O00103057,Late delivery,2025-02-15
R0005672,O00103076,Quality issue,2025-02-03
R0005673,O00103080,Size issue,2025-10-02
R0005674,O00103102,Late delivery,2024-05-07
R0005675,O00103109,Changed mind,2025-10-30
R0005676,O00103127,Late delivery,2025-12-01
R0005677,O00103135,Wrong item,2025-04-04
R0005678,O00103154,Quality issue,2025-06-22
R0005679,O00103162,Quality issue,2025-09-30
R0005680,O00103170,Late delivery,2025-06-27
R0005681,O00103173,Size issue,2023-02-12
R0005682,O00103199,Size issue,2025-07-23
R0005683,O00103256,Late delivery,2025-11-03
R0005684,O00103257,Quality issue,2025-12-23
R0005685,O00103263,Damaged item,2025-11-27
R0005686,O00103264,Changed mind,2025-12-05
R0005687,O00103269,Changed mind,2026-01-18
R0005688,O00103286,Damaged item,2025-11-02
R0005689,O00103302,Damaged item,2025-12-10
R0005690,O00103326,Quality issue,2025-12-22
R0005691,O00103330,Wrong item,2025-11-22
R0005692,O00103342,Size issue,2025-09-12
R0005693,O00103355,Size issue,2026-01-04
R0005694,O00103357,Wrong item,2024-11-23
R0005695,O00103385,Late delivery,2025-10-11
R0005696,O00103399,Size issue,2025-01-01
R0005697,O00103404,Quality issue,2025-06-06
R0005698,O00103430,Damaged item,2025-12-17
R0005699,O00103443,Changed mind,2024-12-05
R0005700,O00103459,Late delivery,2025-12-14
R0005701,O00103479,Changed mind,2025-07-28
R0005702,O00103481,Damaged item,2024-10-29
R0005703,O00103512,Quality issue,2024-12-12
R0005704,O00103514,Size issue,2023-09-08
R0005705,O00103550,Changed mind,2025-12-15
R0005706,O00103571,Changed mind,2026-01-12
R0005707,O00103590,Late delivery,2023-10-07
R0005708,O00103595,Wrong item,2024-02-05
R0005709,O00103635,Late delivery,2024-03-18
R0005710,O00103642,Damaged item,2025-07-10
R0005711,O00103661,Damaged item,2025-11-14
R0005712,O00103672,Damaged item,2026-01-17
R0005713,O00103675,Wrong item,2024-12-05
R0005714,O00103679,Wrong item,2025-09-03
R0005715,O00103691,Late delivery,2024-12-10
R0005716,O00103734,Quality issue,2025-06-07
R0005717,O00103740,Damaged item,2025-11-04
R0005718,O00103767,Quality issue,2025-12-30
R0005719,O00103809,Damaged item,2024-01-18
R0005720,O00103823,Size issue,2024-12-02
R0005721,O00103826,Changed mind,2024-12-13
R0005722,O00103828,Size issue,2025-01-14
R0005723,O00103860,Size issue,2024-01-07
R0005724,O00103893,Quality issue,2024-10-22
R0005725,O00103938,Quality issue,2024-09-08
R0005726,O00103940,Size issue,2024-10-09
R0005727,O00103996,Damaged item,2024-12-14
R0005728,O00104008,Damaged item,2023-04-13
R0005729,O00104010,Damaged item,2023-06-04
R0005730,O00104012,Changed mind,2023-09-25
R0005731,O00104019,Late delivery,2024-01-29
R0005732,O00104044,Wrong item,2025-10-12
R0005733,O00104051,Changed mind,2025-07-14
R0005734,O00104058,Size issue,2023-10-10
R0005735,O00104079,Quality issue,2025-08-24
R0005736,O00104101,Changed mind,2025-12-14
R0005737,O00104120,Size issue,2023-02-12
R0005738,O00104123,Size issue,2023-12-15
R0005739,O00104130,Changed mind,2026-01-20
R0005740,O00104163,Late delivery,2024-07-04
R0005741,O00104208,Wrong item,2024-11-17
R0005742,O00104210,Damaged item,2025-12-07
R0005743,O00104298,Size issue,2025-09-07
R0005744,O00104300,Changed mind,2025-09-09
R0005745,O00104307,Size issue,2025-11-09
R0005746,O00104326,Size issue,2025-11-24
R0005747,O00104330,Quality issue,2024-03-14
R0005748,O00104340,Changed mind,2025-05-09
R0005749,O00104360,Changed mind,2025-10-13
R0005750,O00104376,Late delivery,2024-02-07
R0005751,O00104402,Wrong item,2025-09-24
R0005752,O00104416,Size issue,2025-12-27
R0005753,O00104417,Damaged item,2025-04-06
R0005754,O00104422,Size issue,2025-12-19
R0005755,O00104434,Damaged item,2026-01-02
R0005756,O00104444,Changed mind,2025-09-29
R0005757,O00104455,Quality issue,2026-01-08
R0005758,O00104479,Damaged item,2025-04-19
R0005759,O00104480,Changed mind,2025-07-21
R0005760,O00104502,Wrong item,2023-11-26
R0005761,O00104508,Size issue,2024-12-04
R0005762,O00104515,Changed mind,2025-09-14
R0005763,O00104535,Size issue,2025-12-10
R0005764,O00104536,Quality issue,2025-12-09
R0005765,O00104538,Quality issue,2024-11-22
R0005766,O00104541,Wrong item,2025-04-09
R0005767,O00104550,Size issue,2025-04-21
R0005768,O00104575,Size issue,2024-11-15
R0005769,O00104616,Wrong item,2025-08-30
R0005770,O00104647,Damaged item,2025-10-25
R0005771,O00104648,Late delivery,2025-10-31
R0005772,O00104649,Size issue,2025-11-06
R0005773,O00104652,Late delivery,2024-10-05
R0005774,O00104673,Changed mind,2025-12-22
R0005775,O00104714,Changed mind,2025-12-23
R0005776,O00104725,Damaged item,2025-03-01
R0005777,O00104740,Wrong item,2023-12-15
R0005778,O00104749,Changed mind,2025-02-18
R0005779,O00104761,Damaged item,2025-07-26
R0005780,O00104765,Size issue,2025-12-22
R0005781,O00104801,Damaged item,2025-12-26
R0005782,O00104805,Late delivery,2025-10-28
R0005783,O00104828,Size issue,2025-10-06
R0005784,O00104834,Late delivery,2025-10-25
R0005785,O00104857,Late delivery,2025-12-17
R0005786,O00104890,Damaged item,2025-11-08
R0005787,O00104892,Late delivery,2023-10-17
R0005788,O00104927,Wrong item,2024-11-22
R0005789,O00104965,Damaged item,2024-12-15
R0005790,O00104987,Late delivery,2024-04-21
R0005791,O00105051,Damaged item,2023-04-24
R0005792,O00105091,Wrong item,2025-06-26
R0005793,O00105111,Size issue,2024-05-02
R0005794,O00105115,Size issue,2025-12-17
R0005795,O00105138,Quality issue,2023-09-10
R0005796,O00105143,Quality issue,2025-11-16
R0005797,O00105156,Damaged item,2025-10-28
R0005798,O00105164,Quality issue,2025-12-24
R0005799,O00105180,Quality issue,2025-11-27
R0005800,O00105208,Late delivery,2024-12-04
R0005801,O00105243,Quality issue,2024-03-05
R0005802,O00105259,Size issue,2025-11-19
R0005803,O00105272,Changed mind,2025-11-21
R0005804,O00105283,Size issue,2025-09-05
R0005805,O00105293,Damaged item,2024-02-06
R0005806,O00105318,Quality issue,2025-11-12
R0005807,O00105329,Changed mind,2025-01-15
R0005808,O00105344,Late delivery,2025-03-10
R0005809,O00105360,Wrong item,2025-09-18
R0005810,O00105421,Damaged item,2025-04-25
R0005811,O00105436,Damaged item,2024-06-06
R0005812,O00105453,Size issue,2025-08-16
R0005813,O00105479,Quality issue,2025-12-15
R0005814,O00105527,Wrong item,2024-12-08
R0005815,O00105618,Quality issue,2026-01-05
R0005816,O00105666,Late delivery,2025-05-05
R0005817,O00105667,Quality issue,2025-07-18
R0005818,O00105681,Wrong item,2023-08-03
R0005819,O00105686,Late delivery,2025-06-01
R0005820,O00105703,Damaged item,2025-06-12
R0005821,O00105736,Size issue,2024-01-12
R0005822,O00105737,Damaged item,2024-11-19
R0005823,O00105755,Changed mind,2026-01-01
R0005824,O00105797,Size issue,2026-01-13
R0005825,O00105857,Quality issue,2025-05-15
R0005826,O00105889,Quality issue,2024-02-11
R0005827,O00105902,Changed mind,2024-05-03
R0005828,O00105914,Changed mind,2024-12-08
R0005829,O00105926,Wrong item,2025-02-18
R0005830,O00105955,Damaged item,2026-01-27
R0005831,O00105990,Damaged item,2025-05-25
R0005832,O00105994,Damaged item,2026-01-01
R0005833,O00106064,Quality issue,2024-01-19
R0005834,O00106072,Damaged item,2024-12-06
R0005835,O00106078,Damaged item,2025-01-12
R0005836,O00106095,Wrong item,2025-12-20
R0005837,O00106099,Wrong item,2025-01-17
R0005838,O00106113,Changed mind,2023-12-18
R0005839,O00106133,Late delivery,2026-01-05
R0005840,O00106134,Changed mind,2026-01-30
R0005841,O00106141,Wrong item,2024-03-18
R0005842,O00106155,Wrong item,2026-01-19
R0005843,O00106177,Quality issue,2025-11-21
R0005844,O00106194,Quality issue,2026-01-09
R0005845,O00106203,Late delivery,2025-10-08
R0005846,O00106212,Damaged item,2024-08-21
R0005847,O00106244,Late delivery,2025-12-19
R0005848,O00106255,Damaged item,2025-12-09
R0005849,O00106273,Wrong item,2025-01-16
R0005850,O00106344,Wrong item,2026-01-02
R0005851,O00106370,Quality issue,2025-12-14
R0005852,O00106385,Size issue,2025-03-01
R0005853,O00106400,Wrong item,2024-12-01
R0005854,O00106403,Quality issue,2025-01-21
R0005855,O00106443,Wrong item,2025-01-04
R0005856,O00106457,Changed mind,2026-01-02
R0005857,O00106472,Damaged item,2025-07-27
R0005858,O00106489,Quality issue,2025-12-01
R0005859,O00106511,Late delivery,2025-07-09
R0005860,O00106633,Changed mind,2025-11-30
R0005861,O00106686,Damaged item,2023-12-04
R0005862,O00106734,Changed mind,2024-01-20
R0005863,O00106752,Size issue,2025-10-16
R0005864,O00106797,Quality issue,2024-07-18
R0005865,O00106805,Changed mind,2025-05-02
R0005866,O00106832,Wrong item,2024-01-09
R0005867,O00106834,Size issue,2024-07-01
R0005868,O00106844,Wrong item,2025-09-12
R0005869,O00106861,Quality issue,2024-08-14
R0005870,O00106869,Late delivery,2025-11-30
R0005871,O00106872,Quality issue,2025-11-07
R0005872,O00106873,Size issue,2026-01-16
R0005873,O00106877,Changed mind,2025-08-01
R0005874,O00106894,Wrong item,2025-12-03
R0005875,O00106936,Damaged item,2025-11-27
R0005876,O00106941,Damaged item,2026-01-09
R0005877,O00106950,Damaged item,2026-01-07
R0005878,O00106972,Damaged item,2024-09-15
R0005879,O00107012,Quality issue,2025-11-25
R0005880,O00107016,Size issue,2023-05-24
R0005881,O00107028,Quality issue,2024-11-08
R0005882,O00107052,Late delivery,2025-11-21
R0005883,O00107095,Changed mind,2025-04-29
R0005884,O00107131,Changed mind,2023-07-12
R0005885,O00107141,Changed mind,2025-04-08
R0005886,O00107150,Quality issue,2025-10-14
R0005887,O00107178,Changed mind,2023-05-13
R0005888,O00107183,Damaged item,2024-03-22
R0005889,O00107212,Quality issue,2026-01-18
R0005890,O00107213,Late delivery,2025-05-04
R0005891,O00107214,Size issue,2024-03-09
R0005892,O00107215,Late delivery,2024-11-03
R0005893,O00107217,Wrong item,2025-09-29
R0005894,O00107218,Late delivery,2025-07-20
R0005895,O00107231,Wrong item,2024-01-18
R0005896,O00107249,Quality issue,2026-01-09
R0005897,O00107288,Size issue,2025-10-27
R0005898,O00107293,Damaged item,2024-09-30
R0005899,O00107313,Quality issue,2024-08-04
R0005900,O00107317,Size issue,2025-02-27
R0005901,O00107320,Quality issue,2025-11-24
R0005902,O00107321,Quality issue,2023-07-06
R0005903,O00107332,Quality issue,2024-07-14
R0005904,O00107353,Wrong item,2025-05-07
R0005905,O00107375,Damaged item,2025-10-10
R0005906,O00107382,Wrong item,2024-09-28
R0005907,O00107391,Late delivery,2025-10-13
R0005908,O00107468,Damaged item,2025-02-19
R0005909,O00107495,Damaged item,2026-01-02
R0005910,O00107527,Late delivery,2025-07-20
R0005911,O00107539,Late delivery,2024-12-16
R0005912,O00107553,Late delivery,2025-09-25
R0005913,O00107567,Quality issue,2025-11-23
R0005914,O00107582,Damaged item,2025-04-29
R0005915,O00107632,Changed mind,2023-08-16
R0005916,O00107669,Quality issue,2025-04-30
R0005917,O00107695,Late delivery,2023-09-04
R0005918,O00107696,Wrong item,2024-08-10
R0005919,O00107742,Wrong item,2024-02-19
R0005920,O00107743,Late delivery,2024-04-27
R0005921,O00107745,Quality issue,2024-05-31
R0005922,O00107793,Damaged item,2025-10-17
R0005923,O00107803,Damaged item,2026-01-14
R0005924,O00107840,Late delivery,2025-09-27
R0005925,O00107849,Late delivery,2025-12-27
R0005926,O00107860,Quality issue,2025-08-07
R0005927,O00107863,Wrong item,2023-08-29
R0005928,O00107884,Damaged item,2025-02-01
R0005929,O00107919,Changed mind,2025-12-20
R0005930,O00107956,Quality issue,2025-11-19
R0005931,O00107959,Wrong item,2025-11-21
R0005932,O00107970,Wrong item,2025-09-25
R0005933,O00107972,Wrong item,2025-11-02
R0005934,O00108015,Wrong item,2025-08-29
R0005935,O00108022,Size issue,2026-01-09
R0005936,O00108023,Damaged item,2023-12-05
R0005937,O00108031,Quality issue,2025-08-18
R0005938,O00108077,Damaged item,2025-08-11
R0005939,O00108084,Size issue,2023-12-31
R0005940,O00108087,Damaged item,2024-03-22
R0005941,O00108119,Damaged item,2023-12-26
R0005942,O00108132,Damaged item,2025-12-26
R0005943,O00108141,Changed mind,2025-05-19
R0005944,O00108158,Size issue,2025-08-09
R0005945,O00108195,Damaged item,2025-10-18
R0005946,O00108199,Quality issue,2025-11-29
R0005947,O00108242,Quality issue,2025-07-01
R0005948,O00108274,Changed mind,2025-03-16
R0005949,O00108285,Late delivery,2025-12-26
R0005950,O00108289,Size issue,2025-11-19
R0005951,O00108296,Late delivery,2026-01-06
R0005952,O00108302,Wrong item,2025-03-14
R0005953,O00108303,Quality issue,2025-03-30
R0005954,O00108309,Late delivery,2026-01-05
R0005955,O00108327,Late delivery,2025-06-21
R0005956,O00108334,Late delivery,2024-04-15
R0005957,O00108342,Size issue,2025-11-23
R0005958,O00108362,Quality issue,2025-12-27
R0005959,O00108376,Changed mind,2025-10-03
R0005960,O00108398,Quality issue,2026-01-15
R0005961,O00108460,Quality issue,2025-01-20
R0005962,O00108477,Wrong item,2024-12-28
R0005963,O00108530,Size issue,2024-04-16
R0005964,O00108547,Changed mind,2024-08-04
R0005965,O00108557,Wrong item,2025-09-14
R0005966,O00108563,Size issue,2025-01-04
R0005967,O00108566,Quality issue,2025-11-27
R0005968,O00108568,Size issue,2025-01-31
R0005969,O00108573,Changed mind,2024-06-21
R0005970,O00108582,Changed mind,2025-12-26
R0005971,O00108597,Late delivery,2025-09-22
R0005972,O00108613,Damaged item,2025-09-06
R0005973,O00108624,Size issue,2023-09-16
R0005974,O00108660,Changed mind,2025-01-04
R0005975,O00108664,Wrong item,2025-05-03
R0005976,O00108672,Size issue,2024-09-30
R0005977,O00108674,Size issue,2025-03-01
R0005978,O00108689,Quality issue,2024-07-01
R0005979,O00108697,Quality issue,2025-01-07
R0005980,O00108733,Quality issue,2024-10-27
R0005981,O00108785,Late delivery,2025-12-26
R0005982,O00108791,Wrong item,2023-12-02
R0005983,O00108792,Wrong item,2024-01-03
R0005984,O00108793,Wrong item,2024-01-02
R0005985,O00108802,Damaged item,2024-06-28
R0005986,O00108816,Size issue,2025-06-12
R0005987,O00108827,Size issue,2025-07-12
R0005988,O00108831,Quality issue,2025-09-10
R0005989,O00108865,Wrong item,2024-10-26
R0005990,O00108889,Wrong item,2025-05-05
R0005991,O00108909,Damaged item,2024-11-10
R0005992,O00108920,Changed mind,2024-02-27
R0005993,O00108933,Wrong item,2023-11-03
R0005994,O00108934,Quality issue,2024-01-08
R0005995,O00108935,Wrong item,2023-12-24
R0005996,O00108950,Size issue,2025-11-13
R0005997,O00108979,Changed mind,2024-10-08
R0005998,O00109016,Wrong item,2025-11-23
R0005999,O00109026,Quality issue,2025-12-17
R0006000,O00109050,Late delivery,2025-10-26
R0006001,O00109068,Changed mind,2025-11-25
R0006002,O00109078,Damaged item,2025-09-20
R0006003,O00109115,Damaged item,2025-12-28
R0006004,O00109128,Wrong item,2024-12-12
R0006005,O00109159,Size issue,2025-07-29
R0006006,O00109161,Size issue,2025-12-15
R0006007,O00109170,Late delivery,2025-12-31
R0006008,O00109200,Size issue,2025-04-26
R0006009,O00109201,Changed mind,2026-01-17
R0006010,O00109207,Size issue,2025-04-29
R0006011,O00109216,Size issue,2023-11-17
R0006012,O00109296,Late delivery,2025-06-03
R0006013,O00109306,Changed mind,2026-01-18
R0006014,O00109348,Wrong item,2025-06-15
R0006015,O00109350,Size issue,2025-10-05
R0006016,O00109360,Quality issue,2025-11-25
R0006017,O00109382,Size issue,2024-05-19
R0006018,O00109413,Wrong item,2024-02-26
R0006019,O00109433,Size issue,2024-08-11
R0006020,O00109440,Changed mind,2025-12-23
R0006021,O00109448,Size issue,2024-09-05
R0006022,O00109485,Damaged item,2024-10-21
R0006023,O00109558,Size issue,2025-10-02
R0006024,O00109559,Damaged item,2025-09-29
R0006025,O00109588,Quality issue,2025-03-07
R0006026,O00109589,Wrong item,2025-03-24
R0006027,O00109601,Wrong item,2025-05-05
R0006028,O00109613,Late delivery,2026-01-12
R0006029,O00109631,Size issue,2025-12-09
R0006030,O00109636,Wrong item,2023-10-22
R0006031,O00109643,Damaged item,2024-10-08
R0006032,O00109646,Wrong item,2025-03-28
R0006033,O00109656,Damaged item,2024-07-22
R0006034,O00109666,Wrong item,2023-03-03
R0006035,O00109713,Damaged item,2026-01-17
R0006036,O00109717,Quality issue,2025-10-15
R0006037,O00109755,Size issue,2026-01-24
R0006038,O00109828,Late delivery,2025-03-22
R0006039,O00109835,Late delivery,2024-12-28
R0006040,O00109878,Wrong item,2024-08-27
R0006041,O00109883,Quality issue,2025-09-07
R0006042,O00109887,Damaged item,2025-12-22
R0006043,O00109888,Changed mind,2025-05-06
R0006044,O00109909,Damaged item,2025-09-20
R0006045,O00109914,Changed mind,2023-12-04
R0006046,O00109915,Quality issue,2025-07-01
R0006047,O00109917,Late delivery,2023-10-03
R0006048,O00109937,Quality issue,2025-07-26
R0006049,O00109982,Late delivery,2025-11-28
R0006050,O00110031,Quality issue,2025-12-11
R0006051,O00110051,Size issue,2026-01-25
R0006052,O00110062,Size issue,2025-09-28
R0006053,O00110079,Size issue,2025-09-20
R0006054,O00110090,Wrong item,2026-01-13
R0006055,O00110105,Size issue,2023-12-28
R0006056,O00110115,Wrong item,2024-10-15
R0006057,O00110122,Quality issue,2025-06-28
R0006058,O00110165,Wrong item,2024-04-28
R0006059,O00110176,Changed mind,2025-02-28
R0006060,O00110195,Wrong item,2025-03-21
R0006061,O00110244,Quality issue,2025-05-29
R0006062,O00110276,Changed mind,2025-12-15
R0006063,O00110311,Changed mind,2025-07-04
R0006064,O00110314,Damaged item,2025-08-07
R0006065,O00110326,Quality issue,2025-11-18
R0006066,O00110364,Size issue,2024-01-11
R0006067,O00110416,Damaged item,2025-12-28
R0006068,O00110421,Wrong item,2024-10-10
R0006069,O00110437,Quality issue,2024-12-30
R0006070,O00110467,Quality issue,2025-12-31
R0006071,O00110478,Damaged item,2024-07-14
R0006072,O00110497,Late delivery,2025-06-19
R0006073,O00110525,Damaged item,2025-09-09
R0006074,O00110533,Wrong item,2025-12-24
R0006075,O00110558,Size issue,2025-07-13
R0006076,O00110573,Quality issue,2025-03-07
R0006077,O00110583,Size issue,2024-04-28
R0006078,O00110635,Changed mind,2024-12-05
R0006079,O00110640,Changed mind,2025-02-18
R0006080,O00110670,Quality issue,2025-01-03
R0006081,O00110704,Changed mind,2025-08-05
R0006082,O00110706,Quality issue,2025-08-08
R0006083,O00110714,Wrong item,2025-12-26
R0006084,O00110742,Quality issue,2025-07-03
R0006085,O00110756,Size issue,2023-10-09
R0006086,O00110810,Late delivery,2024-06-27
R0006087,O00110813,Late delivery,2025-12-19
R0006088,O00110822,Wrong item,2024-09-22
R0006089,O00110861,Wrong item,2025-02-19
R0006090,O00110892,Size issue,2025-10-14
R0006091,O00110895,Wrong item,2025-12-30
R0006092,O00110918,Quality issue,2025-12-20
R0006093,O00110952,Late delivery,2025-08-18
R0006094,O00110972,Damaged item,2025-11-11
R0006095,O00110984,Wrong item,2025-09-10
R0006096,O00110989,Late delivery,2024-12-30
R0006097,O00111007,Quality issue,2025-07-07
R0006098,O00111030,Quality issue,2025-03-20
R0006099,O00111035,Changed mind,2026-01-07
R0006100,O00111063,Size issue,2023-09-24
R0006101,O00111114,Quality issue,2025-09-03
R0006102,O00111120,Size issue,2025-10-25
R0006103,O00111179,Changed mind,2025-01-04
R0006104,O00111195,Quality issue,2024-04-07
R0006105,O00111196,Damaged item,2024-06-14
R0006106,O00111201,Changed mind,2024-12-12
R0006107,O00111221,Damaged item,2023-12-27
R0006108,O00111241,Damaged item,2023-12-26
R0006109,O00111263,Damaged item,2025-06-03
R0006110,O00111276,Wrong item,2025-07-28
R0006111,O00111299,Quality issue,2023-10-31
R0006112,O00111300,Damaged item,2024-09-15
R0006113,O00111303,Size issue,2025-02-18
R0006114,O00111314,Late delivery,2023-12-19
R0006115,O00111339,Quality issue,2025-06-07
R0006116,O00111432,Late delivery,2024-09-21
R0006117,O00111450,Quality issue,2025-09-24
R0006118,O00111494,Damaged item,2025-12-12
R0006119,O00111495,Wrong item,2026-01-06
R0006120,O00111505,Changed mind,2025-04-19
R0006121,O00111506,Wrong item,2025-12-10
R0006122,O00111533,Size issue,2023-11-05
R0006123,O00111540,Wrong item,2024-12-17
R0006124,O00111557,Damaged item,2025-09-02
R0006125,O00111558,Quality issue,2025-10-22
R0006126,O00111576,Damaged item,2024-05-10
R0006127,O00111581,Size issue,2025-03-21
R0006128,O00111607,Wrong item,2025-12-05
R0006129,O00111618,Damaged item,2023-11-11
R0006130,O00111640,Size issue,2025-01-28
R0006131,O00111658,Damaged item,2025-11-10
R0006132,O00111659,Damaged item,2025-12-14
R0006133,O00111667,Late delivery,2025-12-09
R0006134,O00111684,Quality issue,2023-08-10
R0006135,O00111716,Wrong item,2024-04-23
R0006136,O00111720,Quality issue,2025-05-31
R0006137,O00111807,Late delivery,2025-11-20
R0006138,O00111993,Damaged item,2025-03-27
R0006139,O00111999,Quality issue,2025-09-23
R0006140,O00112027,Size issue,2025-08-13
R0006141,O00112033,Late delivery,2023-10-08
R0006142,O00112034,Wrong item,2024-05-22
R0006143,O00112056,Late delivery,2023-11-10
R0006144,O00112058,Damaged item,2025-01-20
R0006145,O00112068,Quality issue,2024-03-13
R0006146,O00112074,Size issue,2024-12-12
R0006147,O00112092,Quality issue,2025-11-26
R0006148,O00112128,Late delivery,2025-04-10
R0006149,O00112129,Changed mind,2025-04-03
R0006150,O00112133,Size issue,2025-06-15
R0006151,O00112137,Late delivery,2025-11-01
R0006152,O00112142,Quality issue,2025-12-20
R0006153,O00112171,Quality issue,2025-03-01
R0006154,O00112180,Damaged item,2025-10-05
R0006155,O00112198,Quality issue,2023-11-30
R0006156,O00112212,Quality issue,2025-06-24
R0006157,O00112217,Quality issue,2025-12-03
R0006158,O00112226,Size issue,2025-11-05
R0006159,O00112247,Damaged item,2025-05-31
R0006160,O00112263,Wrong item,2025-08-14
R0006161,O00112295,Changed mind,2024-06-24
R0006162,O00112304,Wrong item,2025-08-26
R0006163,O00112312,Damaged item,2025-05-27
R0006164,O00112314,Changed mind,2025-07-24
R0006165,O00112325,Size issue,2026-01-09
R0006166,O00112332,Changed mind,2025-08-16
R0006167,O00112356,Changed mind,2025-10-27
R0006168,O00112444,Quality issue,2025-10-10
R0006169,O00112480,Late delivery,2024-12-31
R0006170,O00112502,Changed mind,2025-01-04
R0006171,O00112520,Size issue,2025-09-26
R0006172,O00112529,Late delivery,2025-01-02
R0006173,O00112546,Size issue,2025-02-03
R0006174,O00112568,Wrong item,2024-04-04
R0006175,O00112580,Late delivery,2024-06-20
R0006176,O00112592,Damaged item,2024-12-21
R0006177,O00112608,Quality issue,2025-12-22
R0006178,O00112663,Damaged item,2024-12-05
R0006179,O00112678,Wrong item,2025-11-12
R0006180,O00112706,Late delivery,2025-06-29
R0006181,O00112719,Size issue,2025-12-16
R0006182,O00112728,Wrong item,2024-07-26
R0006183,O00112730,Size issue,2024-12-20
R0006184,O00112742,Damaged item,2025-10-03
R0006185,O00112748,Damaged item,2025-12-20
R0006186,O00112772,Changed mind,2025-09-19
R0006187,O00112780,Changed mind,2025-10-16
R0006188,O00112788,Quality issue,2024-03-06
R0006189,O00112819,Quality issue,2025-07-14
R0006190,O00112824,Late delivery,2024-12-25
R0006191,O00112838,Size issue,2024-04-11
R0006192,O00112841,Quality issue,2025-10-23
R0006193,O00112861,Quality issue,2023-06-12
R0006194,O00112905,Size issue,2025-03-09
R0006195,O00112923,Late delivery,2024-10-30
R0006196,O00112932,Damaged item,2025-12-24
R0006197,O00112952,Changed mind,2024-04-24
R0006198,O00112972,Late delivery,2024-06-09
R0006199,O00112984,Wrong item,2026-01-03
R0006200,O00112986,Changed mind,2023-12-14
R0006201,O00112990,Changed mind,2025-08-10
R0006202,O00112997,Quality issue,2025-11-24
R0006203,O00113003,Size issue,2025-09-22
R0006204,O00113018,Size issue,2025-10-03
R0006205,O00113063,Wrong item,2024-10-26
R0006206,O00113071,Size issue,2025-08-21
R0006207,O00113101,Wrong item,2025-11-26
R0006208,O00113109,Size issue,2025-11-09
R0006209,O00113110,Size issue,2025-10-31
R0006210,O00113202,Wrong item,2025-09-05
R0006211,O00113226,Late delivery,2025-08-18
R0006212,O00113232,Wrong item,2023-08-29
R0006213,O00113247,Quality issue,2024-12-22
R0006214,O00113261,Quality issue,2026-01-05
R0006215,O00113270,Quality issue,2025-07-06
R0006216,O00113327,Damaged item,2025-07-19
R0006217,O00113360,Changed mind,2025-02-26
R0006218,O00113377,Late delivery,2024-12-18
R0006219,O00113393,Changed mind,2024-05-05
R0006220,O00113404,Damaged item,2024-11-15
R0006221,O00113429,Damaged item,2025-11-09
R0006222,O00113487,Size issue,2024-04-03
R0006223,O00113494,Quality issue,2025-02-20
R0006224,O00113498,Size issue,2024-10-11
R0006225,O00113499,Quality issue,2025-10-19
R0006226,O00113512,Quality issue,2026-01-04
R0006227,O00113521,Wrong item,2023-07-12
R0006228,O00113539,Size issue,2025-10-07
R0006229,O00113564,Wrong item,2025-12-21
R0006230,O00113573,Changed mind,2024-07-23
R0006231,O00113577,Quality issue,2025-01-25
R0006232,O00113590,Size issue,2026-01-04
R0006233,O00113600,Quality issue,2023-04-29
R0006234,O00113613,Quality issue,2024-08-16
R0006235,O00113632,Quality issue,2025-12-12
R0006236,O00113651,Size issue,2025-06-01
R0006237,O00113658,Damaged item,2025-07-03
R0006238,O00113659,Changed mind,2025-07-17
R0006239,O00113674,Late delivery,2025-05-20
R0006240,O00113688,Size issue,2025-07-08
R0006241,O00113706,Changed mind,2025-08-09
R0006242,O00113710,Damaged item,2026-01-11
R0006243,O00113730,Late delivery,2024-12-13
R0006244,O00113737,Changed mind,2025-10-11
R0006245,O00113749,Size issue,2025-11-18
R0006246,O00113761,Damaged item,2025-01-03
R0006247,O00113778,Damaged item,2025-06-02
R0006248,O00113783,Wrong item,2025-11-05
R0006249,O00113786,Changed mind,2026-01-01
R0006250,O00113823,Damaged item,2025-12-06
R0006251,O00113856,Quality issue,2025-12-18
R0006252,O00113866,Wrong item,2025-01-10
R0006253,O00113872,Changed mind,2024-11-29
R0006254,O00113903,Size issue,2025-01-25
R0006255,O00113917,Damaged item,2023-10-05
R0006256,O00113935,Late delivery,2025-04-08
R0006257,O00113941,Damaged item,2025-11-25
R0006258,O00113943,Size issue,2025-12-01
R0006259,O00113953,Changed mind,2025-12-26
R0006260,O00113969,Damaged item,2025-03-04
R0006261,O00113999,Quality issue,2026-01-02
R0006262,O00114000,Quality issue,2025-06-17
R0006263,O00114001,Size issue,2025-09-20
R0006264,O00114013,Quality issue,2025-09-30
R0006265,O00114045,Late delivery,2025-10-03
R0006266,O00114046,Changed mind,2025-11-12
R0006267,O00114078,Quality issue,2026-01-01
R0006268,O00114084,Damaged item,2025-07-05
R0006269,O00114306,Wrong item,2025-10-28
R0006270,O00114315,Quality issue,2025-09-26
R0006271,O00114362,Changed mind,2023-06-14
R0006272,O00114381,Damaged item,2025-11-26
R0006273,O00114404,Late delivery,2025-09-15
R0006274,O00114407,Size issue,2025-11-06
R0006275,O00114415,Quality issue,2024-08-06
R0006276,O00114432,Quality issue,2024-01-10
R0006277,O00114450,Size issue,2025-12-19
R0006278,O00114461,Quality issue,2025-12-16
R0006279,O00114471,Quality issue,2024-10-28
R0006280,O00114477,Wrong item,2025-10-26
R0006281,O00114482,Late delivery,2023-11-09
R0006282,O00114493,Size issue,2025-06-06
R0006283,O00114499,Damaged item,2024-04-03
R0006284,O00114529,Damaged item,2025-07-28
R0006285,O00114610,Size issue,2025-12-18
R0006286,O00114615,Changed mind,2026-01-22
R0006287,O00114647,Changed mind,2025-03-24
R0006288,O00114659,Quality issue,2026-01-23
R0006289,O00114662,Damaged item,2023-07-13
R0006290,O00114673,Damaged item,2025-02-03
R0006291,O00114682,Changed mind,2025-06-30
R0006292,O00114733,Quality issue,2026-01-21
R0006293,O00114805,Quality issue,2024-07-12
R0006294,O00114830,Late delivery,2024-03-21
R0006295,O00114832,Wrong item,2024-09-25
R0006296,O00114874,Wrong item,2025-08-27
R0006297,O00114907,Changed mind,2024-08-30
R0006298,O00114916,Quality issue,2025-11-15
R0006299,O00114920,Late delivery,2024-06-17
R0006300,O00114928,Size issue,2025-04-25
R0006301,O00114942,Quality issue,2025-05-20
R0006302,O00114948,Quality issue,2024-10-12
R0006303,O00114965,Quality issue,2024-09-19
R0006304,O00114975,Changed mind,2024-09-16
R0006305,O00114999,Late delivery,2025-12-09
R0006306,O00115000,Damaged item,2025-12-25
R0006307,O00115007,Quality issue,2024-12-26
R0006308,O00115009,Size issue,2025-03-12
R0006309,O00115018,Damaged item,2025-01-20
R0006310,O00115055,Wrong item,2024-12-03
R0006311,O00115085,Late delivery,2025-01-24
R0006312,O00115099,Quality issue,2025-06-30
R0006313,O00115112,Damaged item,2025-11-04
R0006314,O00115126,Changed mind,2025-08-06
R0006315,O00115131,Late delivery,2025-05-21
R0006316,O00115141,Late delivery,2024-10-12
R0006317,O00115142,Quality issue,2024-11-25
R0006318,O00115152,Quality issue,2025-06-22
R0006319,O00115175,Damaged item,2025-09-20
R0006320,O00115231,Quality issue,2025-10-24
R0006321,O00115233,Damaged item,2024-09-12
R0006322,O00115246,Quality issue,2023-10-12
R0006323,O00115279,Damaged item,2023-12-28
R0006324,O00115302,Damaged item,2023-12-11
R0006325,O00115318,Damaged item,2024-07-22
R0006326,O00115336,Wrong item,2025-02-28
R0006327,O00115345,Quality issue,2024-01-02
R0006328,O00115354,Quality issue,2024-11-29
R0006329,O00115385,Changed mind,2025-12-13
R0006330,O00115386,Late delivery,2025-12-09
R0006331,O00115392,Late delivery,2025-09-07
R0006332,O00115400,Size issue,2024-12-30
R0006333,O00115403,Size issue,2025-06-11
R0006334,O00115423,Quality issue,2025-12-06
R0006335,O00115429,Damaged item,2024-06-11
R0006336,O00115445,Quality issue,2024-05-25
R0006337,O00115461,Size issue,2024-07-31
R0006338,O00115523,Damaged item,2025-09-10
R0006339,O00115542,Damaged item,2025-04-28
R0006340,O00115547,Size issue,2025-07-20
R0006341,O00115576,Size issue,2025-09-20
R0006342,O00115597,Wrong item,2024-08-08
R0006343,O00115605,Damaged item,2025-08-31
R0006344,O00115610,Size issue,2025-02-23
R0006345,O00115648,Size issue,2024-09-23
R0006346,O00115649,Wrong item,2024-12-19
R0006347,O00115683,Damaged item,2025-10-19
R0006348,O00115705,Wrong item,2024-09-17
R0006349,O00115713,Quality issue,2025-03-13
R0006350,O00115779,Quality issue,2025-12-15
R0006351,O00115823,Damaged item,2025-10-20
R0006352,O00115828,Damaged item,2025-07-19
R0006353,O00115871,Size issue,2024-12-19
R0006354,O00115880,Changed mind,2025-07-24
R0006355,O00115923,Changed mind,2025-11-26
R0006356,O00115933,Damaged item,2025-12-03
R0006357,O00115958,Wrong item,2025-06-09
R0006358,O00115959,Quality issue,2025-07-02
R0006359,O00116011,Wrong item,2025-12-02
R0006360,O00116037,Late delivery,2025-08-12
R0006361,O00116041,Size issue,2025-12-02
R0006362,O00116046,Late delivery,2024-04-21
R0006363,O00116057,Quality issue,2025-05-17
R0006364,O00116071,Wrong item,2024-07-21
R0006365,O00116073,Quality issue,2025-07-04
R0006366,O00116137,Late delivery,2024-09-04
R0006367,O00116147,Damaged item,2024-03-17
R0006368,O00116155,Damaged item,2025-11-21
R0006369,O00116160,Changed mind,2025-05-30
R0006370,O00116167,Size issue,2025-05-07
R0006371,O00116183,Wrong item,2024-07-20
R0006372,O00116190,Changed mind,2025-05-16
R0006373,O00116192,Size issue,2025-05-16
R0006374,O00116307,Changed mind,2025-10-14
R0006375,O00116360,Wrong item,2025-11-04
R0006376,O00116385,Size issue,2025-02-03
R0006377,O00116402,Size issue,2024-03-05
R0006378,O00116409,Changed mind,2025-10-15
R0006379,O00116429,Size issue,2025-12-15
R0006380,O00116431,Changed mind,2024-05-05
R0006381,O00116432,Wrong item,2025-03-11
R0006382,O00116450,Wrong item,2025-12-13
R0006383,O00116456,Changed mind,2025-06-09
R0006384,O00116466,Wrong item,2025-12-27
R0006385,O00116481,Changed mind,2023-06-03
R0006386,O00116495,Quality issue,2025-11-11
R0006387,O00116500,Late delivery,2025-12-08
R0006388,O00116521,Changed mind,2025-09-01
R0006389,O00116530,Quality issue,2025-01-20
R0006390,O00116583,Late delivery,2024-11-24
R0006391,O00116585,Size issue,2025-06-20
R0006392,O00116595,Wrong item,2025-01-27
R0006393,O00116606,Wrong item,2025-08-17
R0006394,O00116627,Changed mind,2025-12-21
R0006395,O00116642,Size issue,2024-08-08
R0006396,O00116660,Size issue,2024-03-23
R0006397,O00116695,Damaged item,2024-12-01
R0006398,O00116703,Changed mind,2025-09-18
R0006399,O00116764,Size issue,2025-05-02
R0006400,O00116766,Late delivery,2025-11-22
R0006401,O00116772,Damaged item,2025-10-08
R0006402,O00116779,Size issue,2026-01-01
R0006403,O00116780,Damaged item,2026-01-13
R0006404,O00116792,Size issue,2025-05-03
R0006405,O00116859,Quality issue,2026-01-03
R0006406,O00116901,Size issue,2025-06-22
R0006407,O00116929,Damaged item,2025-12-23
R0006408,O00116932,Damaged item,2024-08-18
R0006409,O00116934,Damaged item,2025-04-09
R0006410,O00116943,Damaged item,2025-10-17
R0006411,O00116955,Quality issue,2025-06-12
R0006412,O00116959,Quality issue,2025-01-27
R0006413,O00116960,Wrong item,2026-01-01
R0006414,O00116979,Changed mind,2025-01-01
R0006415,O00116983,Damaged item,2024-04-03
R0006416,O00117023,Quality issue,2025-07-31
R0006417,O00117066,Wrong item,2024-11-23
R0006418,O00117076,Wrong item,2025-04-18
R0006419,O00117099,Quality issue,2025-06-28
R0006420,O00117101,Quality issue,2024-05-31
R0006421,O00117133,Wrong item,2025-11-25
R0006422,O00117144,Late delivery,2026-01-21
R0006423,O00117164,Late delivery,2024-06-27
R0006424,O00117172,Late delivery,2024-12-11
R0006425,O00117213,Damaged item,2026-01-29
R0006426,O00117249,Quality issue,2023-10-20
R0006427,O00117253,Changed mind,2024-03-05
R0006428,O00117268,Quality issue,2025-06-12
R0006429,O00117283,Quality issue,2025-05-20
R0006430,O00117295,Size issue,2025-11-24
R0006431,O00117304,Late delivery,2025-09-12
R0006432,O00117363,Wrong item,2025-10-16
R0006433,O00117376,Damaged item,2025-11-24
R0006434,O00117382,Quality issue,2024-09-11
R0006435,O00117426,Size issue,2024-03-07
R0006436,O00117467,Damaged item,2024-09-20
R0006437,O00117471,Quality issue,2025-03-16
R0006438,O00117474,Quality issue,2025-11-07
R0006439,O00117520,Wrong item,2026-01-09
R0006440,O00117523,Late delivery,2024-02-11
R0006441,O00117537,Quality issue,2023-11-23
R0006442,O00117541,Size issue,2025-08-15
R0006443,O00117546,Quality issue,2023-12-10
R0006444,O00117564,Damaged item,2025-12-04
R0006445,O00117566,Wrong item,2024-01-13
R0006446,O00117571,Wrong item,2025-09-18
R0006447,O00117586,Size issue,2025-10-14
R0006448,O00117602,Late delivery,2025-06-13
R0006449,O00117642,Late delivery,2024-09-23
R0006450,O00117651,Late delivery,2025-06-28
R0006451,O00117681,Wrong item,2024-11-07
R0006452,O00117688,Changed mind,2025-04-18
R0006453,O00117704,Damaged item,2025-02-07
R0006454,O00117715,Wrong item,2025-08-06
R0006455,O00117731,Quality issue,2025-04-16
R0006456,O00117792,Changed mind,2026-01-05
R0006457,O00117845,Changed mind,2025-06-02
R0006458,O00117872,Quality issue,2023-06-19
R0006459,O00117931,Late delivery,2025-04-22
R0006460,O00117959,Late delivery,2023-11-30
R0006461,O00117964,Wrong item,2025-06-09
R0006462,O00117993,Late delivery,2024-04-10
R0006463,O00117997,Changed mind,2024-10-09
R0006464,O00118011,Late delivery,2024-02-25
R0006465,O00118033,Damaged item,2025-12-10
R0006466,O00118034,Wrong item,2025-12-23
R0006467,O00118058,Wrong item,2025-09-16
R0006468,O00118104,Late delivery,2023-11-09
R0006469,O00118115,Quality issue,2024-12-01
R0006470,O00118123,Quality issue,2026-01-16
R0006471,O00118136,Late delivery,2025-06-03
R0006472,O00118163,Changed mind,2025-08-14
R0006473,O00118167,Wrong item,2025-10-02
R0006474,O00118190,Late delivery,2025-02-11
R0006475,O00118234,Changed mind,2024-10-14
R0006476,O00118245,Late delivery,2025-12-08
R0006477,O00118248,Changed mind,2026-01-11
R0006478,O00118249,Wrong item,2023-12-28
R0006479,O00118267,Wrong item,2025-01-15
R0006480,O00118273,Changed mind,2025-11-14
R0006481,O00118304,Size issue,2023-09-07
R0006482,O00118327,Changed mind,2025-11-09
R0006483,O00118340,Quality issue,2025-03-22
R0006484,O00118344,Late delivery,2025-04-26
R0006485,O00118354,Size issue,2025-12-24
R0006486,O00118361,Wrong item,2025-08-30
R0006487,O00118388,Late delivery,2025-03-16
R0006488,O00118397,Wrong item,2025-02-10
R0006489,O00118400,Quality issue,2024-08-04
R0006490,O00118445,Late delivery,2026-01-08
R0006491,O00118461,Changed mind,2023-11-09
R0006492,O00118496,Wrong item,2025-09-23
R0006493,O00118580,Quality issue,2025-12-12
R0006494,O00118583,Damaged item,2025-12-11
R0006495,O00118585,Late delivery,2023-09-03
R0006496,O00118593,Damaged item,2024-09-28
R0006497,O00118608,Damaged item,2023-03-28
R0006498,O00118637,Size issue,2025-01-05
R0006499,O00118643,Quality issue,2025-09-04
R0006500,O00118653,Late delivery,2024-09-28
R0006501,O00118663,Damaged item,2025-11-25
R0006502,O00118667,Changed mind,2026-01-05
R0006503,O00118678,Wrong item,2023-08-14
R0006504,O00118713,Quality issue,2025-05-04
R0006505,O00118715,Quality issue,2025-08-23
R0006506,O00118752,Size issue,2024-05-01
R0006507,O00118754,Wrong item,2025-07-11
R0006508,O00118775,Quality issue,2025-09-19
R0006509,O00118787,Size issue,2024-03-17
R0006510,O00118798,Damaged item,2025-04-13
R0006511,O00118819,Wrong item,2024-02-27
R0006512,O00118836,Size issue,2026-01-18
R0006513,O00118867,Damaged item,2025-01-21
R0006514,O00118869,Quality issue,2025-06-30
R0006515,O00118884,Changed mind,2025-05-03
R0006516,O00118890,Changed mind,2024-10-06
R0006517,O00118901,Late delivery,2025-08-27
R0006518,O00118903,Wrong item,2025-10-25
R0006519,O00118929,Wrong item,2025-03-30
R0006520,O00118939,Late delivery,2024-08-21
R0006521,O00118966,Changed mind,2025-02-06
R0006522,O00118968,Damaged item,2025-12-11
R0006523,O00118989,Size issue,2025-12-01
R0006524,O00118995,Damaged item,2023-10-09
R0006525,O00119000,Late delivery,2023-12-04
R0006526,O00119049,Damaged item,2025-06-14
R0006527,O00119078,Changed mind,2025-11-23
R0006528,O00119120,Damaged item,2025-08-03
R0006529,O00119128,Changed mind,2025-08-04
R0006530,O00119158,Damaged item,2025-11-29
R0006531,O00119160,Wrong item,2025-12-08
R0006532,O00119170,Wrong item,2025-07-14
R0006533,O00119178,Quality issue,2025-11-15
R0006534,O00119179,Late delivery,2025-11-30
R0006535,O00119195,Late delivery,2025-06-23
R0006536,O00119216,Changed mind,2025-01-30
R0006537,O00119236,Quality issue,2023-12-05
R0006538,O00119242,Size issue,2025-04-17
R0006539,O00119272,Wrong item,2025-06-17
R0006540,O00119292,Size issue,2023-05-30
R0006541,O00119309,Quality issue,2025-04-14
R0006542,O00119349,Changed mind,2025-11-16
R0006543,O00119385,Quality issue,2025-09-04
R0006544,O00119423,Wrong item,2025-09-03
R0006545,O00119475,Quality issue,2025-08-25
R0006546,O00119480,Quality issue,2025-04-29
R0006547,O00119497,Wrong item,2026-01-11
R0006548,O00119540,Damaged item,2023-11-23
R0006549,O00119562,Size issue,2025-12-17
R0006550,O00119568,Late delivery,2025-07-14
R0006551,O00119578,Damaged item,2025-11-05
R0006552,O00119596,Changed mind,2023-11-13
R0006553,O00119616,Quality issue,2023-09-12
R0006554,O00119637,Size issue,2026-01-18
R0006555,O00119690,Quality issue,2024-06-22
R0006556,O00119709,Late delivery,2026-01-19
R0006557,O00119722,Quality issue,2026-01-25
R0006558,O00119725,Damaged item,2025-06-29
R0006559,O00119736,Quality issue,2025-10-03
R0006560,O00119739,Quality issue,2025-02-10
R0006561,O00119819,Changed mind,2025-01-21
R0006562,O00119840,Wrong item,2025-06-20
R0006563,O00119846,Size issue,2025-09-17
R0006564,O00119871,Changed mind,2024-03-14
R0006565,O00119880,Late delivery,2025-11-30
R0006566,O00119891,Quality issue,2025-09-02
R0006567,O00119902,Late delivery,2024-02-05
R0006568,O00119910,Damaged item,2025-04-26
R0006569,O00119926,Quality issue,2023-11-23
R0006570,O00119933,Quality issue,2025-02-12
R0006571,O00119947,Damaged item,2025-11-29
R0006572,O00119955,Wrong item,2025-03-11
R0006573,O00119985,Wrong item,2025-08-04
R0006574,O00119989,Changed mind,2024-10-09
R0006575,O00120045,Wrong item,2023-04-15
R0006576,O00120048,Damaged item,2023-10-16
R0006577,O00120064,Size issue,2024-03-15
R0006578,O00120066,Late delivery,2024-04-13
R0006579,O00120070,Quality issue,2024-11-20
R0006580,O00120096,Late delivery,2026-01-15
R0006581,O00120123,Damaged item,2024-11-28
R0006582,O00120130,Changed mind,2025-07-05
R0006583,O00120163,Damaged item,2025-12-22
R0006584,O00120211,Quality issue,2025-12-12
R0006585,O00120237,Late delivery,2025-11-26
R0006586,O00120240,Wrong item,2025-09-18
R0006587,O00120255,Quality issue,2025-09-24
R0006588,O00120260,Damaged item,2023-08-12
R0006589,O00120266,Damaged item,2024-10-31
R0006590,O00120286,Quality issue,2025-08-14
R0006591,O00120291,Size issue,2025-05-30
R0006592,O00120320,Late delivery,2025-09-20
R0006593,O00120335,Quality issue,2024-05-02
R0006594,O00120391,Late delivery,2023-06-08
R0006595,O00120399,Size issue,2023-12-13
R0006596,O00120410,Wrong item,2025-07-15
R0006597,O00120424,Damaged item,2025-10-23
R0006598,O00120438,Quality issue,2024-04-30
R0006599,O00120447,Late delivery,2024-02-17
R0006600,O00120484,Quality issue,2025-06-14
R0006601,O00120497,Quality issue,2023-10-08
R0006602,O00120501,Damaged item,2024-06-05
R0006603,O00120506,Quality issue,2025-12-15
R0006604,O00120536,Changed mind,2024-06-21
R0006605,O00120538,Damaged item,2025-06-26
R0006606,O00120540,Quality issue,2026-01-08
R0006607,O00120560,Quality issue,2025-12-11
R0006608,O00120572,Size issue,2025-08-22
R0006609,O00120578,Quality issue,2025-12-16
R0006610,O00120582,Wrong item,2024-10-20
R0006611,O00120598,Changed mind,2026-01-17
R0006612,O00120601,Size issue,2025-09-02
R0006613,O00120602,Size issue,2024-09-04
R0006614,O00120605,Quality issue,2024-09-13
R0006615,O00120616,Quality issue,2024-12-09
R0006616,O00120633,Wrong item,2025-01-07
R0006617,O00120649,Quality issue,2024-01-17
R0006618,O00120665,Late delivery,2025-05-01
R0006619,O00120668,Quality issue,2025-07-25
R0006620,O00120696,Damaged item,2024-01-17
R0006621,O00120703,Wrong item,2025-12-21
R0006622,O00120722,Size issue,2024-01-14
R0006623,O00120732,Size issue,2025-02-13
R0006624,O00120741,Quality issue,2025-05-13
R0006625,O00120752,Late delivery,2026-01-12
R0006626,O00120764,Quality issue,2023-06-04
R0006627,O00120787,Wrong item,2025-12-10
R0006628,O00120849,Size issue,2026-01-22
R0006629,O00120868,Damaged item,2025-06-19
R0006630,O00120883,Damaged item,2024-06-19
R0006631,O00120898,Damaged item,2024-12-28
R0006632,O00120904,Damaged item,2026-01-13
R0006633,O00120920,Size issue,2025-11-01
R0006634,O00120940,Late delivery,2025-05-29
R0006635,O00120941,Quality issue,2025-05-25
R0006636,O00120959,Quality issue,2024-10-23
R0006637,O00121005,Wrong item,2025-05-23
R0006638,O00121021,Late delivery,2025-01-05
R0006639,O00121040,Damaged item,2024-09-17
R0006640,O00121077,Wrong item,2023-06-21
R0006641,O00121102,Damaged item,2025-01-04
R0006642,O00121103,Damaged item,2025-02-15
R0006643,O00121105,Late delivery,2025-05-06
R0006644,O00121185,Changed mind,2024-03-23
R0006645,O00121194,Damaged item,2025-10-02
R0006646,O00121199,Late delivery,2025-12-27
R0006647,O00121206,Size issue,2025-01-23
R0006648,O00121211,Late delivery,2025-09-10
R0006649,O00121224,Damaged item,2025-12-17
R0006650,O00121339,Damaged item,2024-09-09
R0006651,O00121368,Changed mind,2024-07-23
R0006652,O00121379,Size issue,2025-10-10
R0006653,O00121387,Quality issue,2025-12-19
R0006654,O00121389,Damaged item,2024-09-12
R0006655,O00121398,Late delivery,2025-07-18
R0006656,O00121427,Size issue,2024-12-23
R0006657,O00121432,Wrong item,2026-01-07
R0006658,O00121436,Late delivery,2025-01-14
R0006659,O00121447,Late delivery,2025-01-18
R0006660,O00121453,Changed mind,2025-08-27
R0006661,O00121468,Late delivery,2026-01-08
R0006662,O00121470,Late delivery,2025-12-03
R0006663,O00121484,Size issue,2023-02-26
R0006664,O00121506,Damaged item,2025-06-18
R0006665,O00121516,Damaged item,2025-04-21
R0006666,O00121524,Wrong item,2023-03-29
R0006667,O00121537,Damaged item,2024-01-08
R0006668,O00121554,Late delivery,2023-08-11
R0006669,O00121560,Damaged item,2024-12-06
R0006670,O00121561,Wrong item,2025-01-22
R0006671,O00121562,Changed mind,2024-02-28
R0006672,O00121579,Damaged item,2025-12-15
R0006673,O00121581,Size issue,2025-12-14
R0006674,O00121606,Late delivery,2025-08-19
R0006675,O00121621,Late delivery,2025-02-03
R0006676,O00121622,Changed mind,2025-02-18
R0006677,O00121623,Late delivery,2025-06-04
R0006678,O00121626,Damaged item,2025-10-24
R0006679,O00121649,Changed mind,2023-12-03
R0006680,O00121651,Changed mind,2024-09-14
R0006681,O00121663,Quality issue,2025-12-28
R0006682,O00121687,Damaged item,2025-05-12
R0006683,O00121693,Wrong item,2025-02-01
R0006684,O00121704,Damaged item,2025-12-16
R0006685,O00121733,Wrong item,2025-02-08
R0006686,O00121750,Quality issue,2025-07-12
R0006687,O00121778,Size issue,2023-10-21
R0006688,O00121796,Quality issue,2023-03-22
R0006689,O00121825,Quality issue,2024-11-16
R0006690,O00121828,Quality issue,2025-09-19
R0006691,O00121845,Wrong item,2026-01-02
R0006692,O00121889,Damaged item,2025-10-28
R0006693,O00121891,Changed mind,2024-08-22
R0006694,O00121907,Damaged item,2025-01-24
R0006695,O00121941,Quality issue,2024-07-18
R0006696,O00121966,Damaged item,2024-09-19
R0006697,O00121984,Wrong item,2025-12-17
R0006698,O00122002,Size issue,2026-01-11
R0006699,O00122055,Damaged item,2025-09-20
R0006700,O00122059,Changed mind,2024-10-28
R0006701,O00122063,Wrong item,2025-06-18
R0006702,O00122083,Quality issue,2023-07-30
R0006703,O00122085,Wrong item,2023-11-25
R0006704,O00122087,Wrong item,2025-01-27
R0006705,O00122092,Late delivery,2023-07-09
R0006706,O00122100,Wrong item,2025-03-04
R0006707,O00122134,Wrong item,2025-12-25
R0006708,O00122146,Late delivery,2024-01-16
R0006709,O00122148,Late delivery,2024-11-30
R0006710,O00122158,Size issue,2024-11-18
R0006711,O00122160,Late delivery,2024-12-02
R0006712,O00122195,Late delivery,2025-12-03
R0006713,O00122211,Damaged item,2025-11-08
R0006714,O00122217,Late delivery,2025-03-27
R0006715,O00122218,Size issue,2023-04-03
R0006716,O00122219,Late delivery,2025-12-02
R0006717,O00122234,Wrong item,2024-12-30
R0006718,O00122271,Late delivery,2023-08-25
R0006719,O00122279,Damaged item,2023-12-20
R0006720,O00122320,Quality issue,2025-12-21
R0006721,O00122347,Wrong item,2026-01-20
R0006722,O00122357,Damaged item,2025-04-25
R0006723,O00122380,Changed mind,2026-01-18
R0006724,O00122382,Late delivery,2025-11-02
R0006725,O00122386,Late delivery,2025-11-13
R0006726,O00122391,Size issue,2024-03-22
R0006727,O00122401,Size issue,2026-01-07
R0006728,O00122455,Quality issue,2024-12-16
R0006729,O00122460,Late delivery,2025-11-26
R0006730,O00122500,Quality issue,2025-07-28
R0006731,O00122516,Quality issue,2025-03-03
R0006732,O00122549,Size issue,2023-10-24
R0006733,O00122574,Damaged item,2023-06-06
R0006734,O00122586,Changed mind,2024-11-20
R0006735,O00122598,Quality issue,2025-03-29
R0006736,O00122609,Quality issue,2023-11-17
R0006737,O00122714,Changed mind,2025-12-14
R0006738,O00122726,Size issue,2025-12-12
R0006739,O00122745,Late delivery,2024-02-14
R0006740,O00122753,Size issue,2024-12-15
R0006741,O00122766,Damaged item,2024-04-29
R0006742,O00122792,Damaged item,2025-04-13
R0006743,O00122799,Damaged item,2025-06-04
R0006744,O00122813,Quality issue,2025-09-01
R0006745,O00122863,Changed mind,2025-12-09
R0006746,O00122892,Damaged item,2025-08-31
R0006747,O00122906,Damaged item,2025-10-31
R0006748,O00122913,Late delivery,2025-10-08
R0006749,O00122939,Late delivery,2024-03-16
R0006750,O00122972,Damaged item,2024-08-03
R0006751,O00123024,Damaged item,2024-10-19
R0006752,O00123025,Changed mind,2024-12-03
R0006753,O00123029,Changed mind,2025-12-04
R0006754,O00123049,Damaged item,2025-07-01
R0006755,O00123056,Quality issue,2024-06-16
R0006756,O00123073,Damaged item,2025-09-08
R0006757,O00123107,Wrong item,2025-09-10
R0006758,O00123147,Late delivery,2024-11-29
R0006759,O00123167,Quality issue,2023-05-04
R0006760,O00123170,Damaged item,2023-12-29
R0006761,O00123205,Size issue,2026-01-12
R0006762,O00123261,Changed mind,2026-01-15
R0006763,O00123301,Quality issue,2025-11-14
R0006764,O00123319,Damaged item,2025-11-08
R0006765,O00123380,Damaged item,2025-09-05
R0006766,O00123389,Damaged item,2024-09-09
R0006767,O00123400,Damaged item,2023-02-06
R0006768,O00123418,Wrong item,2024-11-20
R0006769,O00123422,Quality issue,2026-01-09
R0006770,O00123426,Quality issue,2024-11-09
R0006771,O00123451,Wrong item,2025-02-01
R0006772,O00123465,Late delivery,2025-05-29
R0006773,O00123467,Changed mind,2025-11-14
R0006774,O00123468,Wrong item,2026-01-16
R0006775,O00123488,Late delivery,2026-01-12
R0006776,O00123506,Wrong item,2025-11-03
R0006777,O00123540,Late delivery,2025-11-30
R0006778,O00123554,Size issue,2025-12-04
R0006779,O00123566,Changed mind,2023-12-29
R0006780,O00123582,Quality issue,2025-11-28
R0006781,O00123585,Size issue,2025-08-31
R0006782,O00123598,Late delivery,2025-09-14
R0006783,O00123650,Damaged item,2025-06-22
R0006784,O00123659,Changed mind,2024-04-04
R0006785,O00123663,Wrong item,2025-07-29
R0006786,O00123701,Damaged item,2024-08-11
R0006787,O00123710,Quality issue,2025-04-23
R0006788,O00123711,Quality issue,2025-07-15
R0006789,O00123730,Damaged item,2025-09-04
R0006790,O00123738,Wrong item,2025-07-10
R0006791,O00123793,Changed mind,2026-01-01
R0006792,O00123794,Wrong item,2025-12-27
R0006793,O00123818,Quality issue,2025-04-04
R0006794,O00123827,Damaged item,2024-06-11
R0006795,O00123831,Wrong item,2024-10-02
R0006796,O00123833,Quality issue,2024-10-18
R0006797,O00123883,Late delivery,2025-09-22
R0006798,O00123927,Quality issue,2025-12-01
R0006799,O00123956,Late delivery,2025-08-26
R0006800,O00123970,Damaged item,2025-08-20
R0006801,O00124013,Changed mind,2025-06-13
R0006802,O00124016,Wrong item,2025-09-10
R0006803,O00124021,Size issue,2024-01-13
R0006804,O00124048,Quality issue,2025-08-03
R0006805,O00124068,Changed mind,2024-11-15
R0006806,O00124077,Quality issue,2025-08-15
R0006807,O00124081,Quality issue,2025-01-01
R0006808,O00124082,Quality issue,2025-07-23
R0006809,O00124084,Size issue,2024-04-30
R0006810,O00124087,Changed mind,2025-05-10
R0006811,O00124088,Changed mind,2023-04-27
R0006812,O00124100,Late delivery,2024-10-27
R0006813,O00124101,Size issue,2024-11-14
R0006814,O00124103,Wrong item,2024-12-09
R0006815,O00124110,Quality issue,2025-02-26
R0006816,O00124114,Size issue,2025-06-30
R0006817,O00124142,Late delivery,2025-08-24
R0006818,O00124172,Changed mind,2026-01-09
R0006819,O00124176,Changed mind,2025-10-25
R0006820,O00124207,Wrong item,2026-01-16
R0006821,O00124226,Late delivery,2025-08-07
R0006822,O00124255,Late delivery,2024-05-29
R0006823,O00124258,Wrong item,2024-09-01
R0006824,O00124259,Damaged item,2024-10-06
R0006825,O00124263,Size issue,2024-12-24
R0006826,O00124277,Quality issue,2025-07-31
R0006827,O00124302,Damaged item,2025-01-19
R0006828,O00124318,Late delivery,2025-12-30
R0006829,O00124328,Late delivery,2025-03-26
R0006830,O00124347,Late delivery,2024-05-19
R0006831,O00124364,Late delivery,2024-11-16
R0006832,O00124369,Late delivery,2024-10-06
R0006833,O00124376,Quality issue,2025-12-04
R0006834,O00124394,Quality issue,2024-10-11
R0006835,O00124398,Late delivery,2024-12-06
R0006836,O00124400,Size issue,2025-06-30
R0006837,O00124420,Size issue,2024-06-15
R0006838,O00124422,Quality issue,2025-03-12
R0006839,O00124455,Wrong item,2025-09-18
R0006840,O00124481,Quality issue,2025-08-10
R0006841,O00124482,Quality issue,2025-08-10
R0006842,O00124518,Damaged item,2025-12-31
R0006843,O00124538,Size issue,2024-10-08
R0006844,O00124541,Wrong item,2024-12-20
R0006845,O00124546,Damaged item,2025-12-12
R0006846,O00124547,Changed mind,2024-09-07
R0006847,O00124552,Wrong item,2026-01-24
R0006848,O00124560,Size issue,2024-12-07
R0006849,O00124571,Late delivery,2026-01-18
R0006850,O00124614,Damaged item,2024-05-28
R0006851,O00124637,Size issue,2025-01-09
R0006852,O00124656,Late delivery,2025-09-18
R0006853,O00124665,Size issue,2025-12-05
R0006854,O00124673,Quality issue,2024-12-04
R0006855,O00124675,Quality issue,2025-12-31
R0006856,O00124785,Late delivery,2026-01-17
R0006857,O00124800,Damaged item,2025-12-26
R0006858,O00124806,Changed mind,2023-08-09
R0006859,O00124840,Wrong item,2025-12-04
R0006860,O00124847,Late delivery,2025-01-14
R0006861,O00124859,Quality issue,2025-05-29
R0006862,O00124865,Damaged item,2025-11-22
R0006863,O00124912,Size issue,2025-07-05
R0006864,O00124953,Size issue,2024-11-21
R0006865,O00124956,Damaged item,2025-07-08
R0006866,O00124995,Changed mind,2026-01-10
R0006867,O00125036,Quality issue,2024-12-08
R0006868,O00125055,Late delivery,2024-09-04
R0006869,O00125060,Size issue,2025-08-22
R0006870,O00125061,Wrong item,2025-09-28
R0006871,O00125069,Damaged item,2024-08-14
R0006872,O00125081,Wrong item,2024-11-16
R0006873,O00125091,Changed mind,2024-03-05
R0006874,O00125104,Damaged item,2025-11-03
R0006875,O00125124,Wrong item,2025-06-11
R0006876,O00125139,Size issue,2025-03-16
R0006877,O00125158,Wrong item,2025-08-27
R0006878,O00125168,Changed mind,2024-03-24
R0006879,O00125178,Damaged item,2025-01-30
R0006880,O00125227,Quality issue,2025-07-20
R0006881,O00125235,Late delivery,2024-11-24
R0006882,O00125263,Late delivery,2024-12-31
R0006883,O00125268,Quality issue,2025-07-22
R0006884,O00125290,Damaged item,2024-07-27
R0006885,O00125331,Damaged item,2025-04-09
R0006886,O00125335,Size issue,2025-12-30
R0006887,O00125391,Wrong item,2024-07-07
R0006888,O00125412,Wrong item,2026-01-07
R0006889,O00125414,Wrong item,2025-01-06
R0006890,O00125430,Damaged item,2025-05-03
R0006891,O00125477,Late delivery,2025-08-17
R0006892,O00125486,Changed mind,2023-06-28
R0006893,O00125489,Wrong item,2024-01-12
R0006894,O00125494,Changed mind,2025-11-07
R0006895,O00125503,Changed mind,2024-09-26
R0006896,O00125519,Late delivery,2024-11-08
R0006897,O00125565,Quality issue,2024-08-03
R0006898,O00125566,Late delivery,2024-10-29
R0006899,O00125568,Quality issue,2024-11-27
R0006900,O00125589,Damaged item,2025-08-17
R0006901,O00125591,Late delivery,2025-12-30
R0006902,O00125626,Changed mind,2025-11-04
R0006903,O00125648,Late delivery,2025-01-07
R0006904,O00125653,Changed mind,2025-10-23
R0006905,O00125668,Changed mind,2026-01-05
R0006906,O00125716,Late delivery,2025-11-29
R0006907,O00125729,Changed mind,2025-12-06
R0006908,O00125730,Size issue,2025-12-13
R0006909,O00125770,Wrong item,2026-01-07
R0006910,O00125772,Wrong item,2025-01-16
R0006911,O00125775,Wrong item,2026-01-02
R0006912,O00125806,Quality issue,2024-10-08
R0006913,O00125808,Late delivery,2024-12-23
R0006914,O00125809,Size issue,2024-12-31
R0006915,O00125811,Changed mind,2025-01-25
R0006916,O00125817,Late delivery,2025-12-04
R0006917,O00125839,Wrong item,2023-07-26
R0006918,O00125871,Size issue,2025-12-28
R0006919,O00125907,Damaged item,2024-11-16
R0006920,O00125930,Wrong item,2024-06-24
R0006921,O00125949,Quality issue,2025-11-02
R0006922,O00125984,Wrong item,2023-11-12
R0006923,O00125996,Damaged item,2024-12-25
R0006924,O00126017,Quality issue,2025-09-28
R0006925,O00126023,Size issue,2024-10-06
R0006926,O00126042,Late delivery,2025-06-11
R0006927,O00126046,Late delivery,2025-09-22
R0006928,O00126053,Late delivery,2025-12-29
R0006929,O00126081,Changed mind,2025-09-03
R0006930,O00126083,Damaged item,2025-11-27
R0006931,O00126085,Wrong item,2025-12-31
R0006932,O00126088,Wrong item,2024-09-27
R0006933,O00126097,Wrong item,2024-09-06
R0006934,O00126099,Late delivery,2026-01-14
R0006935,O00126174,Quality issue,2025-12-19
R0006936,O00126176,Size issue,2026-01-05
R0006937,O00126235,Late delivery,2025-11-09
R0006938,O00126274,Late delivery,2024-11-28
R0006939,O00126301,Wrong item,2026-01-20
R0006940,O00126310,Quality issue,2023-12-06
R0006941,O00126325,Quality issue,2025-10-10
R0006942,O00126340,Late delivery,2023-12-15
R0006943,O00126343,Size issue,2024-08-12
R0006944,O00126368,Size issue,2024-11-12
R0006945,O00126374,Size issue,2026-01-17
R0006946,O00126405,Changed mind,2024-10-02
R0006947,O00126431,Quality issue,2025-02-10
R0006948,O00126505,Quality issue,2023-05-04
R0006949,O00126520,Changed mind,2025-04-05
R0006950,O00126531,Size issue,2025-11-15
R0006951,O00126533,Quality issue,2025-12-10
R0006952,O00126547,Size issue,2024-12-17
R0006953,O00126567,Late delivery,2023-06-12
R0006954,O00126573,Late delivery,2026-01-10
R0006955,O00126578,Late delivery,2025-04-16
R0006956,O00126618,Damaged item,2025-07-23
R0006957,O00126643,Damaged item,2026-01-11
R0006958,O00126650,Wrong item,2025-07-29
R0006959,O00126705,Quality issue,2024-12-29
R0006960,O00126725,Quality issue,2025-12-25
R0006961,O00126736,Damaged item,2025-11-14
R0006962,O00126747,Changed mind,2023-12-21
R0006963,O00126755,Size issue,2024-12-07
R0006964,O00126772,Late delivery,2024-03-16
R0006965,O00126785,Size issue,2025-06-03
R0006966,O00126794,Late delivery,2024-06-04
R0006967,O00126803,Changed mind,2024-06-26
R0006968,O00126810,Changed mind,2023-10-26
R0006969,O00126815,Late delivery,2024-12-09
R0006970,O00126817,Damaged item,2025-08-23
R0006971,O00126830,Changed mind,2025-11-16
R0006972,O00126839,Late delivery,2026-01-01
R0006973,O00126855,Wrong item,2024-11-04
R0006974,O00126864,Quality issue,2025-03-26
R0006975,O00126880,Changed mind,2023-07-15
R0006976,O00126916,Wrong item,2025-12-08
R0006977,O00126918,Late delivery,2025-12-31
R0006978,O00126922,Size issue,2024-08-07
R0006979,O00126948,Quality issue,2023-09-09
R0006980,O00126961,Quality issue,2023-12-17
R0006981,O00126962,Damaged item,2023-09-07
R0006982,O00126969,Damaged item,2025-09-06
R0006983,O00126971,Damaged item,2026-01-22
R0006984,O00126987,Quality issue,2025-12-11
R0006985,O00127001,Changed mind,2025-01-03
R0006986,O00127004,Late delivery,2025-11-03
R0006987,O00127011,Changed mind,2025-12-03
R0006988,O00127026,Size issue,2025-11-16
R0006989,O00127032,Late delivery,2025-11-22
R0006990,O00127042,Quality issue,2024-11-04
R0006991,O00127060,Wrong item,2023-09-21
R0006992,O00127110,Damaged item,2026-01-06
R0006993,O00127171,Damaged item,2024-12-03
R0006994,O00127187,Late delivery,2025-05-05
R0006995,O00127259,Changed mind,2023-08-09
R0006996,O00127287,Wrong item,2025-10-06
R0006997,O00127297,Damaged item,2025-06-06
R0006998,O00127325,Wrong item,2025-09-30
R0006999,O00127340,Damaged item,2024-08-15
R0007000,O00127372,Damaged item,2025-01-08
R0007001,O00127385,Damaged item,2025-09-11
R0007002,O00127410,Late delivery,2023-06-08
R0007003,O00127415,Changed mind,2024-12-01
R0007004,O00127430,Wrong item,2024-02-18
R0007005,O00127499,Quality issue,2025-03-19
R0007006,O00127544,Quality issue,2024-11-30
R0007007,O00127545,Damaged item,2024-12-08
R0007008,O00127561,Damaged item,2025-12-13
R0007009,O00127573,Damaged item,2026-01-06
R0007010,O00127580,Damaged item,2025-07-31
R0007011,O00127593,Late delivery,2024-04-27
R0007012,O00127600,Size issue,2025-04-25
R0007013,O00127608,Quality issue,2025-09-02
R0007014,O00127611,Quality issue,2023-10-26
R0007015,O00127617,Quality issue,2024-06-27
R0007016,O00127652,Quality issue,2024-01-03
R0007017,O00127654,Quality issue,2025-06-28
R0007018,O00127693,Late delivery,2025-12-19
R0007019,O00127731,Changed mind,2025-06-28
R0007020,O00127734,Late delivery,2024-08-23
R0007021,O00127739,Size issue,2025-11-24
R0007022,O00127801,Damaged item,2025-06-12
R0007023,O00127853,Damaged item,2025-05-10
R0007024,O00127925,Quality issue,2026-01-28
R0007025,O00127990,Changed mind,2023-12-03
R0007026,O00128009,Changed mind,2024-11-30
R0007027,O00128026,Quality issue,2025-10-14
R0007028,O00128028,Damaged item,2023-12-12
R0007029,O00128039,Quality issue,2025-11-16
R0007030,O00128046,Changed mind,2023-10-28
R0007031,O00128074,Late delivery,2023-09-18
R0007032,O00128078,Damaged item,2024-09-10
R0007033,O00128091,Wrong item,2026-01-26
R0007034,O00128098,Late delivery,2025-10-27
R0007035,O00128100,Wrong item,2026-01-07
R0007036,O00128102,Size issue,2025-12-30
R0007037,O00128147,Late delivery,2024-05-08
R0007038,O00128162,Quality issue,2026-01-02
R0007039,O00128166,Size issue,2025-11-24
R0007040,O00128194,Quality issue,2025-10-28
R0007041,O00128197,Damaged item,2025-12-24
R0007042,O00128239,Wrong item,2025-02-19
R0007043,O00128247,Quality issue,2023-12-13
R0007044,O00128251,Damaged item,2024-11-25
R0007045,O00128270,Damaged item,2024-09-16
R0007046,O00128288,Wrong item,2024-12-27
R0007047,O00128291,Quality issue,2023-02-11
R0007048,O00128300,Quality issue,2024-09-16
R0007049,O00128348,Quality issue,2025-08-25
R0007050,O00128356,Size issue,2024-10-01
R0007051,O00128416,Size issue,2024-11-18
R0007052,O00128461,Changed mind,2026-01-15
R0007053,O00128488,Wrong item,2025-08-28
R0007054,O00128493,Damaged item,2025-01-05
R0007055,O00128537,Changed mind,2025-12-02
R0007056,O00128545,Wrong item,2025-09-07
R0007057,O00128563,Quality issue,2025-10-31
R0007058,O00128565,Damaged item,2024-09-29
R0007059,O00128611,Damaged item,2025-07-18
R0007060,O00128625,Late delivery,2024-12-27
R0007061,O00128651,Wrong item,2023-08-14
R0007062,O00128665,Wrong item,2025-12-15
R0007063,O00128687,Quality issue,2025-03-31
R0007064,O00128718,Damaged item,2025-09-16
R0007065,O00128727,Quality issue,2025-11-14
R0007066,O00128739,Late delivery,2024-10-04
R0007067,O00128747,Late delivery,2025-11-19
R0007068,O00128772,Damaged item,2023-11-02
R0007069,O00128800,Wrong item,2025-12-05
R0007070,O00128804,Size issue,2026-01-14
R0007071,O00128810,Late delivery,2025-01-20
R0007072,O00128812,Late delivery,2025-06-22
R0007073,O00128826,Wrong item,2025-10-02
R0007074,O00128838,Late delivery,2025-03-28
R0007075,O00128842,Late delivery,2026-01-15
R0007076,O00128882,Wrong item,2023-07-07
R0007077,O00128885,Wrong item,2024-09-18
R0007078,O00128899,Quality issue,2023-07-04
R0007079,O00128928,Damaged item,2025-01-01
R0007080,O00128945,Damaged item,2025-05-03
R0007081,O00128959,Damaged item,2025-01-29
R0007082,O00128985,Quality issue,2024-10-25
R0007083,O00129009,Size issue,2026-01-19
R0007084,O00129016,Quality issue,2025-12-06
R0007085,O00129041,Size issue,2025-06-05
R0007086,O00129054,Late delivery,2024-08-18
R0007087,O00129090,Size issue,2025-07-29
R0007088,O00129107,Wrong item,2025-11-24
R0007089,O00129126,Quality issue,2023-12-02
R0007090,O00129154,Quality issue,2024-04-02
R0007091,O00129169,Changed mind,2025-10-19
R0007092,O00129178,Wrong item,2025-05-10
R0007093,O00129179,Size issue,2023-07-22
R0007094,O00129186,Late delivery,2026-01-17
R0007095,O00129241,Size issue,2025-12-15
R0007096,O00129257,Size issue,2023-10-19
R0007097,O00129295,Wrong item,2025-07-29
R0007098,O00129326,Changed mind,2024-01-12
R0007099,O00129354,Wrong item,2025-12-27
R0007100,O00129383,Quality issue,2025-01-08
R0007101,O00129456,Wrong item,2025-02-16
R0007102,O00129552,Quality issue,2026-02-03
R0007103,O00129559,Quality issue,2025-10-08
R0007104,O00129585,Wrong item,2025-10-30
R0007105,O00129636,Late delivery,2025-10-01
R0007106,O00129643,Wrong item,2025-10-01
R0007107,O00129647,Damaged item,2025-11-20
R0007108,O00129657,Late delivery,2025-08-08
R0007109,O00129676,Changed mind,2024-10-30
R0007110,O00129681,Size issue,2025-10-03
R0007111,O00129700,Late delivery,2023-09-12
R0007112,O00129711,Damaged item,2023-12-11
R0007113,O00129743,Quality issue,2025-11-01
R0007114,O00129744,Quality issue,2025-12-06
R0007115,O00129780,Size issue,2025-10-29
R0007116,O00129781,Changed mind,2025-12-21
R0007117,O00129792,Damaged item,2026-02-04
R0007118,O00129796,Wrong item,2023-05-10
R0007119,O00129800,Damaged item,2023-10-02
R0007120,O00129810,Damaged item,2025-09-10
R0007121,O00129833,Damaged item,2023-08-26
R0007122,O00129840,Damaged item,2025-01-06
R0007123,O00129845,Late delivery,2024-11-24
R0007124,O00129847,Quality issue,2025-09-02
R0007125,O00129877,Quality issue,2025-11-08
R0007126,O00129886,Late delivery,2024-12-29
R0007127,O00129894,Changed mind,2025-10-31
R0007128,O00129912,Size issue,2025-12-21
R0007129,O00129939,Changed mind,2024-01-11
R0007130,O00129953,Damaged item,2025-10-02
R0007131,O00129967,Changed mind,2025-11-08
R0007132,O00129984,Quality issue,2026-01-11
R0007133,O00129991,Damaged item,2026-01-17
R0007134,O00129997,Late delivery,2025-03-29
R0007135,O00130029,Changed mind,2025-11-03
R0007136,O00130033,Size issue,2024-04-23
R0007137,O00130085,Changed mind,2024-09-07
R0007138,O00130089,Late delivery,2025-01-05
R0007139,O00130106,Quality issue,2024-11-22
R0007140,O00130124,Size issue,2024-12-29
R0007141,O00130132,Late delivery,2025-12-06
R0007142,O00130180,Damaged item,2024-09-11
R0007143,O00130198,Changed mind,2025-06-30
R0007144,O00130221,Wrong item,2025-12-18
R0007145,O00130281,Late delivery,2024-02-14
R0007146,O00130293,Quality issue,2023-10-01
R0007147,O00130303,Changed mind,2024-05-27
R0007148,O00130326,Quality issue,2024-07-16
R0007149,O00130344,Damaged item,2025-01-03
R0007150,O00130347,Changed mind,2023-10-03
R0007151,O00130348,Size issue,2025-09-19
R0007152,O00130386,Wrong item,2026-01-06
R0007153,O00130400,Late delivery,2025-12-24
R0007154,O00130457,Size issue,2025-09-27
R0007155,O00130469,Quality issue,2025-11-05
R0007156,O00130481,Wrong item,2025-11-23
R0007157,O00130487,Wrong item,2025-01-17
R0007158,O00130500,Late delivery,2025-01-02
R0007159,O00130506,Size issue,2025-05-13
R0007160,O00130513,Damaged item,2025-09-01
R0007161,O00130522,Damaged item,2025-09-28
R0007162,O00130537,Wrong item,2026-01-24
R0007163,O00130576,Wrong item,2025-08-27
R0007164,O00130588,Size issue,2026-01-03
R0007165,O00130609,Damaged item,2025-11-24
R0007166,O00130629,Changed mind,2024-03-30
R0007167,O00130634,Quality issue,2025-04-20
R0007168,O00130640,Changed mind,2026-01-12
R0007169,O00130643,Size issue,2025-12-08
R0007170,O00130651,Quality issue,2026-01-10
R0007171,O00130653,Changed mind,2026-01-01
R0007172,O00130670,Late delivery,2025-12-23
R0007173,O00130681,Wrong item,2025-02-04
R0007174,O00130695,Late delivery,2025-09-11
R0007175,O00130702,Size issue,2025-12-13
R0007176,O00130710,Damaged item,2024-12-28
R0007177,O00130731,Size issue,2024-09-14
R0007178,O00130739,Damaged item,2025-10-30
R0007179,O00130748,Changed mind,2024-12-12
R0007180,O00130777,Damaged item,2025-02-22
R0007181,O00130778,Changed mind,2025-10-18
R0007182,O00130790,Damaged item,2024-06-25
R0007183,O00130801,Wrong item,2025-10-08
R0007184,O00130805,Late delivery,2023-02-27
R0007185,O00130825,Quality issue,2025-12-29
R0007186,O00130835,Quality issue,2025-10-01
R0007187,O00130847,Changed mind,2025-03-04
R0007188,O00130911,Size issue,2024-10-03
R0007189,O00130975,Wrong item,2026-02-03
R0007190,O00130980,Damaged item,2024-10-04
R0007191,O00130990,Late delivery,2025-12-20
R0007192,O00131003,Damaged item,2025-11-26
R0007193,O00131057,Damaged item,2025-12-28
R0007194,O00131107,Size issue,2024-11-02
R0007195,O00131135,Damaged item,2025-10-29
R0007196,O00131144,Size issue,2024-01-13
R0007197,O00131158,Quality issue,2025-03-05
R0007198,O00131170,Quality issue,2025-06-09
R0007199,O00131176,Damaged item,2025-11-24
R0007200,O00131193,Quality issue,2025-11-06
R0007201,O00131208,Changed mind,2025-01-05
R0007202,O00131222,Damaged item,2025-11-28
R0007203,O00131227,Size issue,2025-08-27
R0007204,O00131240,Late delivery,2025-10-30
R0007205,O00131244,Late delivery,2026-01-22
R0007206,O00131299,Size issue,2024-12-26
R0007207,O00131301,Quality issue,2025-05-19
R0007208,O00131314,Late delivery,2024-06-11
R0007209,O00131329,Quality issue,2024-03-03
R0007210,O00131347,Late delivery,2024-01-01
R0007211,O00131363,Damaged item,2024-09-25
R0007212,O00131378,Damaged item,2025-10-22
R0007213,O00131379,Size issue,2025-11-03
R0007214,O00131386,Size issue,2026-01-06
R0007215,O00131391,Damaged item,2025-06-10
R0007216,O00131395,Changed mind,2025-01-18
R0007217,O00131409,Damaged item,2024-11-28
R0007218,O00131425,Size issue,2024-12-23
R0007219,O00131436,Late delivery,2025-10-08
R0007220,O00131448,Damaged item,2025-08-17
R0007221,O00131464,Late delivery,2025-05-19
R0007222,O00131469,Damaged item,2025-09-07
R0007223,O00131473,Quality issue,2025-08-13
R0007224,O00131474,Quality issue,2026-01-09
R0007225,O00131486,Changed mind,2025-10-18
R0007226,O00131506,Damaged item,2025-12-21
R0007227,O00131534,Wrong item,2026-01-17
R0007228,O00131536,Size issue,2024-09-30
R0007229,O00131563,Quality issue,2025-04-24
R0007230,O00131564,Wrong item,2025-05-29
R0007231,O00131606,Wrong item,2025-09-27
R0007232,O00131633,Damaged item,2024-11-16
R0007233,O00131646,Size issue,2024-03-04
R0007234,O00131700,Changed mind,2025-12-03
R0007235,O00131717,Damaged item,2025-12-05
R0007236,O00131720,Size issue,2024-06-01
R0007237,O00131723,Damaged item,2025-06-17
R0007238,O00131731,Damaged item,2025-01-31
R0007239,O00131760,Damaged item,2024-05-05
R0007240,O00131774,Wrong item,2025-07-27
R0007241,O00131779,Late delivery,2025-11-26
R0007242,O00131826,Changed mind,2024-11-27
R0007243,O00131827,Changed mind,2024-07-09
R0007244,O00131845,Size issue,2023-11-25
R0007245,O00131848,Quality issue,2024-05-01
R0007246,O00131904,Quality issue,2025-12-12
R0007247,O00131927,Quality issue,2026-01-11
R0007248,O00131928,Wrong item,2026-01-18
R0007249,O00131938,Late delivery,2023-12-30
R0007250,O00131946,Damaged item,2025-12-16
R0007251,O00131950,Late delivery,2025-11-23
R0007252,O00131975,Late delivery,2024-08-31
R0007253,O00131981,Changed mind,2025-09-06
R0007254,O00131986,Size issue,2025-12-24
R0007255,O00131996,Wrong item,2025-04-11
R0007256,O00132004,Wrong item,2025-12-20
R0007257,O00132005,Damaged item,2026-01-03
R0007258,O00132024,Changed mind,2025-05-03
R0007259,O00132042,Changed mind,2026-01-05
R0007260,O00132063,Size issue,2025-09-24
R0007261,O00132102,Quality issue,2024-12-30
R0007262,O00132124,Quality issue,2025-11-14
R0007263,O00132129,Quality issue,2023-10-31
R0007264,O00132131,Damaged item,2024-05-21
R0007265,O00132146,Size issue,2024-12-10
R0007266,O00132156,Damaged item,2023-11-03
R0007267,O00132227,Size issue,2023-12-09
R0007268,O00132242,Size issue,2023-08-01
R0007269,O00132244,Quality issue,2025-06-03
R0007270,O00132252,Size issue,2025-01-09
R0007271,O00132256,Quality issue,2025-11-26
R0007272,O00132258,Wrong item,2024-11-16
R0007273,O00132265,Quality issue,2024-03-26
R0007274,O00132312,Size issue,2025-10-23
R0007275,O00132318,Wrong item,2025-01-02
R0007276,O00132320,Damaged item,2025-10-26
R0007277,O00132322,Quality issue,2023-12-23
R0007278,O00132341,Damaged item,2024-01-19
R0007279,O00132351,Size issue,2025-07-14
R0007280,O00132358,Damaged item,2024-06-29
R0007281,O00132360,Changed mind,2024-10-25
R0007282,O00132368,Changed mind,2025-08-02
R0007283,O00132387,Late delivery,2026-01-01
R0007284,O00132395,Changed mind,2024-12-04
R0007285,O00132407,Size issue,2025-11-09
R0007286,O00132409,Size issue,2025-06-10
R0007287,O00132432,Quality issue,2025-10-28
R0007288,O00132474,Late delivery,2025-02-22
R0007289,O00132493,Quality issue,2025-03-27
R0007290,O00132512,Damaged item,2026-01-07
R0007291,O00132533,Damaged item,2023-12-10
R0007292,O00132576,Wrong item,2026-01-18
R0007293,O00132593,Wrong item,2024-06-06
R0007294,O00132622,Quality issue,2025-04-25
R0007295,O00132635,Changed mind,2025-11-18
R0007296,O00132695,Damaged item,2024-09-03
R0007297,O00132717,Quality issue,2025-04-13
R0007298,O00132746,Damaged item,2025-01-24
R0007299,O00132749,Quality issue,2024-06-17
R0007300,O00132757,Late delivery,2025-07-19
R0007301,O00132802,Damaged item,2025-12-27
R0007302,O00132818,Late delivery,2025-08-25
R0007303,O00132821,Size issue,2025-12-04
R0007304,O00132841,Wrong item,2025-11-21
R0007305,O00132864,Late delivery,2025-08-05
R0007306,O00132872,Quality issue,2024-12-08
R0007307,O00132890,Damaged item,2026-01-17
R0007308,O00132901,Size issue,2025-08-02
R0007309,O00132960,Changed mind,2025-05-11
R0007310,O00132988,Size issue,2026-01-08
R0007311,O00132997,Late delivery,2026-01-07
R0007312,O00133014,Size issue,2024-02-18
R0007313,O00133024,Damaged item,2025-12-27
R0007314,O00133039,Changed mind,2025-12-12
R0007315,O00133047,Late delivery,2025-11-30
R0007316,O00133077,Size issue,2025-09-28
R0007317,O00133102,Quality issue,2024-12-10
R0007318,O00133141,Quality issue,2025-08-31
R0007319,O00133198,Wrong item,2025-05-27
R0007320,O00133202,Late delivery,2023-08-04
R0007321,O00133272,Quality issue,2024-05-26
R0007322,O00133348,Quality issue,2025-07-18
R0007323,O00133350,Quality issue,2025-10-11
R0007324,O00133369,Size issue,2025-12-06
R0007325,O00133371,Quality issue,2024-10-12
R0007326,O00133391,Damaged item,2026-01-22
R0007327,O00133432,Quality issue,2024-10-29
R0007328,O00133435,Damaged item,2024-12-12
R0007329,O00133454,Size issue,2025-05-09
R0007330,O00133456,Changed mind,2026-01-14
R0007331,O00133479,Late delivery,2025-02-03
R0007332,O00133499,Late delivery,2025-02-24
R0007333,O00133519,Late delivery,2025-04-02
R0007334,O00133526,Damaged item,2025-09-30
R0007335,O00133543,Changed mind,2025-03-07
R0007336,O00133546,Wrong item,2024-09-09
R0007337,O00133587,Quality issue,2024-04-21
R0007338,O00133604,Wrong item,2025-12-05
R0007339,O00133641,Late delivery,2025-12-22
R0007340,O00133655,Size issue,2023-08-18
R0007341,O00133689,Damaged item,2024-08-14
R0007342,O00133697,Late delivery,2024-10-05
R0007343,O00133709,Late delivery,2025-08-18
R0007344,O00133716,Wrong item,2024-12-13
R0007345,O00133729,Quality issue,2025-04-16
R0007346,O00133756,Changed mind,2024-07-25
R0007347,O00133762,Changed mind,2024-07-25
R0007348,O00133765,Damaged item,2025-07-07
R0007349,O00133787,Changed mind,2025-05-16
R0007350,O00133827,Late delivery,2025-10-02
R0007351,O00133846,Changed mind,2025-04-27
R0007352,O00134001,Size issue,2025-10-09
R0007353,O00134010,Size issue,2025-12-28
R0007354,O00134017,Wrong item,2023-05-08
R0007355,O00134019,Wrong item,2025-06-12
R0007356,O00134032,Size issue,2025-07-12
R0007357,O00134061,Quality issue,2025-06-12
R0007358,O00134068,Quality issue,2025-01-11
R0007359,O00134076,Late delivery,2024-10-02
R0007360,O00134091,Quality issue,2025-04-18
R0007361,O00134154,Damaged item,2025-01-02
R0007362,O00134156,Damaged item,2024-12-28
R0007363,O00134179,Size issue,2025-12-07
R0007364,O00134190,Late delivery,2025-11-11
R0007365,O00134214,Late delivery,2025-08-19
R0007366,O00134215,Size issue,2025-08-28
R0007367,O00134218,Changed mind,2025-11-10
R0007368,O00134232,Damaged item,2025-07-25
R0007369,O00134245,Late delivery,2026-01-28
R0007370,O00134261,Changed mind,2025-05-23
R0007371,O00134378,Size issue,2025-12-14
R0007372,O00134379,Size issue,2025-12-31
R0007373,O00134393,Changed mind,2024-01-20
R0007374,O00134409,Size issue,2025-10-14
R0007375,O00134411,Damaged item,2025-11-16
R0007376,O00134440,Damaged item,2025-08-18
R0007377,O00134445,Wrong item,2024-02-09
R0007378,O00134461,Damaged item,2025-09-19
R0007379,O00134465,Wrong item,2025-10-15
R0007380,O00134502,Quality issue,2025-04-26
R0007381,O00134545,Late delivery,2023-11-20
R0007382,O00134554,Size issue,2025-09-22
R0007383,O00134575,Changed mind,2025-12-14
R0007384,O00134578,Wrong item,2025-10-22
R0007385,O00134611,Quality issue,2024-11-07
R0007386,O00134618,Quality issue,2024-12-04
R0007387,O00134636,Late delivery,2023-10-09
R0007388,O00134664,Wrong item,2024-06-03
R0007389,O00134676,Changed mind,2025-06-01
R0007390,O00134680,Damaged item,2025-09-15
R0007391,O00134708,Damaged item,2025-08-07
R0007392,O00134714,Late delivery,2024-11-28
R0007393,O00134783,Late delivery,2025-09-11
R0007394,O00134797,Quality issue,2025-11-20
R0007395,O00134815,Wrong item,2025-09-18
R0007396,O00134852,Quality issue,2025-12-25
R0007397,O00134865,Changed mind,2024-06-13
R0007398,O00134887,Late delivery,2024-05-27
R0007399,O00134894,Changed mind,2025-08-15
R0007400,O00134914,Quality issue,2025-03-23
R0007401,O00134924,Damaged item,2024-12-09
R0007402,O00134929,Changed mind,2023-12-19
R0007403,O00134944,Size issue,2024-03-06
R0007404,O00134957,Wrong item,2025-08-06
R0007405,O00135015,Quality issue,2024-11-26
R0007406,O00135026,Quality issue,2024-11-12
R0007407,O00135065,Quality issue,2026-01-08
R0007408,O00135067,Damaged item,2024-09-13
R0007409,O00135073,Wrong item,2025-12-11
R0007410,O00135081,Damaged item,2024-08-02
R0007411,O00135084,Damaged item,2025-03-22
R0007412,O00135097,Changed mind,2025-11-03
R0007413,O00135098,Size issue,2026-01-16
R0007414,O00135106,Damaged item,2025-03-16
R0007415,O00135138,Wrong item,2023-05-12
R0007416,O00135153,Late delivery,2025-01-16
R0007417,O00135167,Changed mind,2024-03-07
R0007418,O00135176,Late delivery,2025-12-01
R0007419,O00135232,Late delivery,2025-12-13
R0007420,O00135332,Damaged item,2025-11-17
R0007421,O00135346,Size issue,2025-12-19
R0007422,O00135369,Damaged item,2025-11-22
R0007423,O00135397,Quality issue,2025-08-20
R0007424,O00135400,Quality issue,2025-12-13
R0007425,O00135402,Late delivery,2025-02-27
R0007426,O00135404,Wrong item,2025-10-07
R0007427,O00135422,Size issue,2025-11-19
R0007428,O00135451,Damaged item,2025-12-18
R0007429,O00135456,Quality issue,2025-01-17
R0007430,O00135458,Changed mind,2025-10-10
R0007431,O00135460,Wrong item,2025-10-30
R0007432,O00135464,Changed mind,2025-11-18
R0007433,O00135469,Late delivery,2025-12-11
R0007434,O00135500,Size issue,2025-10-03
R0007435,O00135527,Changed mind,2024-08-27
R0007436,O00135534,Damaged item,2025-02-25
R0007437,O00135536,Damaged item,2025-04-18
R0007438,O00135538,Changed mind,2025-06-29
R0007439,O00135545,Wrong item,2025-12-07
R0007440,O00135565,Wrong item,2026-01-19
R0007441,O00135579,Wrong item,2024-12-10
R0007442,O00135586,Quality issue,2025-01-11
R0007443,O00135589,Changed mind,2025-02-02
R0007444,O00135616,Quality issue,2024-07-22
R0007445,O00135620,Size issue,2025-01-05
R0007446,O00135623,Damaged item,2025-10-19
R0007447,O00135655,Damaged item,2023-12-22
R0007448,O00135686,Size issue,2025-04-06
R0007449,O00135707,Quality issue,2025-06-26
R0007450,O00135731,Size issue,2025-05-01
R0007451,O00135742,Late delivery,2025-12-17
R0007452,O00135790,Quality issue,2025-10-23
R0007453,O00135799,Late delivery,2025-12-25
R0007454,O00135901,Quality issue,2024-09-15
R0007455,O00135906,Changed mind,2025-07-27
R0007456,O00135929,Wrong item,2023-08-25
R0007457,O00135932,Wrong item,2025-12-23
R0007458,O00135933,Wrong item,2025-11-13
R0007459,O00135935,Late delivery,2026-01-01
R0007460,O00135941,Late delivery,2024-09-18
R0007461,O00135951,Late delivery,2025-09-13
R0007462,O00135955,Damaged item,2023-09-28
R0007463,O00135977,Late delivery,2026-01-01
R0007464,O00135980,Size issue,2026-01-02
R0007465,O00136017,Damaged item,2024-10-27
R0007466,O00136023,Changed mind,2025-09-05
R0007467,O00136035,Wrong item,2024-10-05
R0007468,O00136055,Changed mind,2025-04-12
R0007469,O00136060,Changed mind,2025-12-28
R0007470,O00136192,Late delivery,2023-08-21
R0007471,O00136193,Late delivery,2025-04-22
R0007472,O00136216,Size issue,2025-08-24
R0007473,O00136219,Damaged item,2025-11-28
R0007474,O00136252,Changed mind,2025-07-23
R0007475,O00136270,Late delivery,2026-01-13
R0007476,O00136302,Wrong item,2025-09-10
R0007477,O00136311,Damaged item,2025-10-07
R0007478,O00136321,Damaged item,2023-11-01
R0007479,O00136323,Changed mind,2025-01-07
R0007480,O00136382,Quality issue,2025-08-18
R0007481,O00136384,Damaged item,2025-09-26
R0007482,O00136386,Size issue,2025-11-11
R0007483,O00136392,Changed mind,2026-01-09
R0007484,O00136414,Wrong item,2025-05-11
R0007485,O00136435,Quality issue,2024-11-15
R0007486,O00136441,Quality issue,2025-04-23
R0007487,O00136478,Changed mind,2024-09-15
R0007488,O00136496,Quality issue,2024-05-05
R0007489,O00136508,Quality issue,2025-07-14
R0007490,O00136510,Wrong item,2025-10-07
R0007491,O00136511,Quality issue,2026-01-18
R0007492,O00136521,Late delivery,2025-07-08
R0007493,O00136522,Size issue,2024-02-10
R0007494,O00136584,Size issue,2024-01-04
R0007495,O00136605,Damaged item,2025-12-12
R0007496,O00136611,Damaged item,2025-11-05
R0007497,O00136623,Late delivery,2025-06-28
R0007498,O00136636,Quality issue,2026-01-14
R0007499,O00136684,Size issue,2025-07-23
R0007500,O00136688,Damaged item,2025-08-21
R0007501,O00136689,Late delivery,2025-08-17
R0007502,O00136698,Wrong item,2025-11-22
R0007503,O00136699,Damaged item,2025-12-08
R0007504,O00136700,Damaged item,2025-11-16
R0007505,O00136711,Quality issue,2025-12-11
R0007506,O00136758,Quality issue,2025-11-20
R0007507,O00136782,Size issue,2025-04-10
R0007508,O00136799,Wrong item,2025-10-10
R0007509,O00136801,Damaged item,2025-12-19
R0007510,O00136809,Wrong item,2025-08-18
R0007511,O00136813,Size issue,2025-12-03
R0007512,O00136824,Quality issue,2025-12-11
R0007513,O00136833,Size issue,2024-04-09
R0007514,O00136839,Size issue,2024-08-11
R0007515,O00136896,Quality issue,2025-08-11
R0007516,O00136899,Damaged item,2024-08-06
R0007517,O00136954,Late delivery,2025-10-27
R0007518,O00136964,Quality issue,2024-04-01
R0007519,O00136971,Size issue,2025-01-17
R0007520,O00136975,Changed mind,2025-09-26
R0007521,O00136995,Size issue,2024-05-28
R0007522,O00137029,Wrong item,2024-03-02
R0007523,O00137052,Size issue,2024-12-28
R0007524,O00137054,Size issue,2024-07-15
R0007525,O00137065,Quality issue,2025-01-12
R0007526,O00137127,Changed mind,2025-05-04
R0007527,O00137149,Damaged item,2024-12-11
R0007528,O00137152,Quality issue,2025-05-12
R0007529,O00137180,Damaged item,2025-03-19
R0007530,O00137192,Changed mind,2025-08-21
R0007531,O00137221,Wrong item,2025-08-17
R0007532,O00137225,Changed mind,2025-01-11
R0007533,O00137242,Wrong item,2025-06-19
R0007534,O00137295,Late delivery,2026-01-19
R0007535,O00137307,Wrong item,2024-12-14
R0007536,O00137309,Changed mind,2024-03-07
R0007537,O00137326,Quality issue,2023-05-18
R0007538,O00137376,Size issue,2025-11-20
R0007539,O00137382,Changed mind,2025-12-31
R0007540,O00137394,Wrong item,2025-12-21
R0007541,O00137400,Late delivery,2025-08-25
R0007542,O00137402,Size issue,2025-10-20
R0007543,O00137487,Wrong item,2023-11-25
R0007544,O00137515,Changed mind,2023-07-01
R0007545,O00137547,Late delivery,2025-12-29
R0007546,O00137561,Wrong item,2024-05-02
R0007547,O00137576,Quality issue,2025-12-25
R0007548,O00137622,Damaged item,2025-07-20
R0007549,O00137663,Late delivery,2025-08-31
R0007550,O00137706,Wrong item,2024-06-05
R0007551,O00137724,Late delivery,2024-12-18
R0007552,O00137727,Quality issue,2023-04-11
R0007553,O00137780,Wrong item,2024-05-03
R0007554,O00137785,Wrong item,2025-12-23
R0007555,O00137789,Wrong item,2024-11-11
R0007556,O00137792,Wrong item,2025-11-11
R0007557,O00137793,Quality issue,2025-11-17
R0007558,O00137795,Quality issue,2025-06-12
R0007559,O00137805,Late delivery,2024-05-30
R0007560,O00137815,Wrong item,2025-07-16
R0007561,O00137818,Quality issue,2025-11-22
R0007562,O00137833,Damaged item,2025-12-22
R0007563,O00137868,Size issue,2025-01-04
R0007564,O00137896,Late delivery,2025-05-20
R0007565,O00137904,Damaged item,2024-12-14
R0007566,O00137923,Wrong item,2025-12-17
R0007567,O00137928,Damaged item,2024-12-25
R0007568,O00137953,Damaged item,2025-12-16
R0007569,O00137955,Damaged item,2024-07-03
R0007570,O00137972,Damaged item,2025-12-26
R0007571,O00137973,Damaged item,2025-03-16
R0007572,O00137997,Changed mind,2025-05-16
R0007573,O00138000,Changed mind,2025-10-31
R0007574,O00138008,Changed mind,2024-09-24
R0007575,O00138046,Damaged item,2025-10-13
R0007576,O00138055,Changed mind,2023-08-26
R0007577,O00138091,Size issue,2025-10-26
R0007578,O00138118,Wrong item,2025-05-08
R0007579,O00138140,Quality issue,2025-01-13
R0007580,O00138155,Late delivery,2025-04-29
R0007581,O00138189,Damaged item,2025-12-13
R0007582,O00138218,Damaged item,2025-01-03
R0007583,O00138219,Wrong item,2025-04-25
R0007584,O00138231,Quality issue,2024-08-02
R0007585,O00138275,Size issue,2026-01-20
R0007586,O00138297,Wrong item,2023-11-23
R0007587,O00138313,Quality issue,2024-12-07
R0007588,O00138317,Size issue,2025-06-25
R0007589,O00138362,Wrong item,2024-08-29
R0007590,O00138369,Changed mind,2025-01-09
R0007591,O00138370,Quality issue,2025-01-11
R0007592,O00138371,Quality issue,2025-04-10
R0007593,O00138374,Wrong item,2026-01-23
R0007594,O00138379,Wrong item,2025-12-13
R0007595,O00138390,Changed mind,2025-07-20
R0007596,O00138410,Size issue,2025-01-17
R0007597,O00138411,Wrong item,2025-11-22
R0007598,O00138413,Damaged item,2024-09-16
R0007599,O00138418,Damaged item,2024-01-09
R0007600,O00138452,Quality issue,2024-01-10
R0007601,O00138474,Late delivery,2024-08-05
R0007602,O00138475,Quality issue,2025-06-06
R0007603,O00138503,Late delivery,2024-12-21
R0007604,O00138517,Changed mind,2025-05-20
R0007605,O00138544,Late delivery,2023-09-27
R0007606,O00138574,Damaged item,2025-06-10
R0007607,O00138584,Late delivery,2024-06-02
R0007608,O00138601,Damaged item,2026-01-05
R0007609,O00138602,Wrong item,2023-01-22
R0007610,O00138628,Changed mind,2025-07-15
R0007611,O00138655,Late delivery,2025-10-19
R0007612,O00138684,Wrong item,2023-06-08
R0007613,O00138711,Late delivery,2024-03-08
R0007614,O00138716,Wrong item,2024-08-22
R0007615,O00138737,Wrong item,2024-10-17
R0007616,O00138748,Quality issue,2025-11-05
R0007617,O00138763,Changed mind,2026-01-12
R0007618,O00138778,Size issue,2025-03-14
R0007619,O00138781,Changed mind,2025-08-07
R0007620,O00138821,Late delivery,2025-05-02
R0007621,O00138877,Late delivery,2025-01-09
R0007622,O00138879,Damaged item,2025-06-26
R0007623,O00138881,Size issue,2025-07-14
R0007624,O00138885,Size issue,2025-12-08
R0007625,O00138900,Late delivery,2025-11-06
R0007626,O00138902,Late delivery,2025-11-01
R0007627,O00138911,Damaged item,2024-03-25
R0007628,O00138918,Damaged item,2023-08-30
R0007629,O00138980,Quality issue,2025-01-30
R0007630,O00138998,Quality issue,2025-11-19
R0007631,O00139011,Damaged item,2024-01-12
R0007632,O00139020,Late delivery,2024-11-10
R0007633,O00139025,Quality issue,2025-07-23
R0007634,O00139051,Wrong item,2025-06-27
R0007635,O00139062,Damaged item,2025-06-30
R0007636,O00139065,Size issue,2025-07-18
R0007637,O00139093,Size issue,2025-08-29
R0007638,O00139125,Quality issue,2024-11-13
R0007639,O00139129,Damaged item,2025-12-12
R0007640,O00139157,Late delivery,2024-10-24
R0007641,O00139168,Quality issue,2024-05-23
R0007642,O00139173,Quality issue,2025-09-11
R0007643,O00139202,Late delivery,2025-07-14
R0007644,O00139203,Damaged item,2025-08-19
R0007645,O00139216,Damaged item,2025-12-19
R0007646,O00139225,Late delivery,2024-12-03
R0007647,O00139239,Late delivery,2025-05-15
R0007648,O00139241,Quality issue,2025-05-22
R0007649,O00139252,Size issue,2025-10-22
R0007650,O00139253,Changed mind,2025-11-09
R0007651,O00139255,Changed mind,2025-12-13
R0007652,O00139256,Changed mind,2025-12-11
R0007653,O00139273,Quality issue,2026-01-26
R0007654,O00139296,Damaged item,2024-11-20
R0007655,O00139297,Damaged item,2025-11-27
R0007656,O00139299,Damaged item,2024-01-20
R0007657,O00139313,Damaged item,2025-08-03
R0007658,O00139332,Late delivery,2023-12-12
R0007659,O00139333,Quality issue,2024-07-23
R0007660,O00139357,Damaged item,2023-11-11
R0007661,O00139388,Damaged item,2025-06-08
R0007662,O00139389,Late delivery,2025-06-14
R0007663,O00139403,Size issue,2025-08-04
R0007664,O00139418,Late delivery,2023-08-28
R0007665,O00139426,Size issue,2025-10-29
R0007666,O00139450,Quality issue,2025-02-20
R0007667,O00139468,Damaged item,2025-11-17
R0007668,O00139504,Changed mind,2026-01-08
R0007669,O00139531,Damaged item,2024-10-30
R0007670,O00139554,Wrong item,2024-10-27
R0007671,O00139571,Wrong item,2025-11-16
R0007672,O00139579,Wrong item,2026-01-23
R0007673,O00139637,Changed mind,2024-07-04
R0007674,O00139656,Wrong item,2025-09-13
R0007675,O00139657,Damaged item,2025-12-10
R0007676,O00139721,Damaged item,2025-12-05
R0007677,O00139752,Wrong item,2024-01-17
R0007678,O00139763,Size issue,2025-10-31
R0007679,O00139774,Late delivery,2024-01-17
R0007680,O00139809,Size issue,2024-08-19
R0007681,O00139820,Damaged item,2025-06-16
R0007682,O00139832,Changed mind,2025-11-28
R0007683,O00139851,Changed mind,2025-12-30
R0007684,O00139860,Wrong item,2024-12-15
R0007685,O00139930,Late delivery,2023-09-01
R0007686,O00139951,Wrong item,2025-04-22
R0007687,O00139981,Size issue,2024-06-29
R0007688,O00139983,Size issue,2024-07-18
R0007689,O00139990,Damaged item,2025-06-25
R0007690,O00139996,Size issue,2025-11-25
R0007691,O00140003,Damaged item,2024-10-09
R0007692,O00140006,Late delivery,2025-06-16
R0007693,O00140015,Damaged item,2024-06-19
R0007694,O00140027,Late delivery,2025-10-17
R0007695,O00140091,Wrong item,2024-09-24
R0007696,O00140099,Late delivery,2025-07-30
R0007697,O00140111,Size issue,2025-12-30
R0007698,O00140112,Size issue,2026-01-11
R0007699,O00140115,Quality issue,2023-05-16
R0007700,O00140117,Late delivery,2024-01-21
R0007701,O00140132,Late delivery,2025-11-20
R0007702,O00140163,Wrong item,2025-08-12
R0007703,O00140192,Quality issue,2025-09-18
R0007704,O00140194,Late delivery,2025-09-28
R0007705,O00140213,Wrong item,2025-10-17
R0007706,O00140247,Wrong item,2025-12-25
R0007707,O00140320,Wrong item,2024-11-25
R0007708,O00140328,Wrong item,2026-01-29
R0007709,O00140354,Quality issue,2025-07-17
R0007710,O00140423,Size issue,2025-09-07
R0007711,O00140429,Damaged item,2025-06-21
R0007712,O00140452,Size issue,2025-04-23
R0007713,O00140454,Size issue,2025-06-02
R0007714,O00140470,Size issue,2023-10-24
R0007715,O00140473,Quality issue,2024-12-09
R0007716,O00140476,Quality issue,2024-07-26
R0007717,O00140516,Late delivery,2025-11-29
R0007718,O00140533,Changed mind,2024-10-14
R0007719,O00140558,Late delivery,2025-08-20
R0007720,O00140562,Damaged item,2025-11-07
R0007721,O00140566,Quality issue,2025-08-25
R0007722,O00140600,Size issue,2025-08-19
R0007723,O00140614,Changed mind,2025-11-19
R0007724,O00140617,Wrong item,2025-11-27
R0007725,O00140685,Quality issue,2025-12-29
R0007726,O00140709,Changed mind,2025-11-20
R0007727,O00140719,Size issue,2025-11-24
R0007728,O00140727,Damaged item,2025-08-08
R0007729,O00140747,Late delivery,2025-08-01
R0007730,O00140752,Late delivery,2025-09-26
R0007731,O00140787,Quality issue,2025-12-30
R0007732,O00140792,Size issue,2025-08-26
R0007733,O00140816,Changed mind,2025-07-05
R0007734,O00140828,Size issue,2025-10-27
R0007735,O00140839,Damaged item,2023-08-14
R0007736,O00140852,Damaged item,2025-02-10
R0007737,O00140881,Size issue,2023-04-30
R0007738,O00140889,Quality issue,2024-07-17
R0007739,O00140927,Damaged item,2025-07-25
R0007740,O00140935,Damaged item,2024-10-31
R0007741,O00140988,Size issue,2024-06-24
R0007742,O00140994,Changed mind,2024-11-22
R0007743,O00141008,Damaged item,2026-01-17
R0007744,O00141010,Damaged item,2025-12-15
R0007745,O00141028,Late delivery,2026-01-17
R0007746,O00141072,Wrong item,2024-01-12
R0007747,O00141092,Quality issue,2025-10-30
R0007748,O00141141,Quality issue,2025-06-05
R0007749,O00141150,Size issue,2025-04-07
R0007750,O00141155,Damaged item,2025-08-03
R0007751,O00141177,Size issue,2024-06-17
R0007752,O00141213,Wrong item,2025-03-06
R0007753,O00141233,Wrong item,2025-05-28
R0007754,O00141238,Wrong item,2024-06-15
R0007755,O00141245,Damaged item,2025-01-10
R0007756,O00141267,Quality issue,2025-01-17
R0007757,O00141286,Changed mind,2025-04-22
R0007758,O00141322,Quality issue,2025-05-04
R0007759,O00141338,Late delivery,2023-06-11
R0007760,O00141340,Quality issue,2025-07-14
R0007761,O00141404,Quality issue,2025-08-27
R0007762,O00141445,Late delivery,2025-03-26
R0007763,O00141447,Wrong item,2026-01-03
R0007764,O00141451,Changed mind,2025-01-07
R0007765,O00141465,Wrong item,2025-11-02
R0007766,O00141471,Late delivery,2025-09-20
R0007767,O00141473,Late delivery,2025-12-18
R0007768,O00141474,Changed mind,2026-01-05
R0007769,O00141493,Quality issue,2025-12-21
R0007770,O00141530,Quality issue,2025-10-17
R0007771,O00141539,Damaged item,2023-10-21
R0007772,O00141548,Damaged item,2025-10-31
R0007773,O00141550,Size issue,2023-08-11
R0007774,O00141566,Late delivery,2023-08-05
R0007775,O00141611,Quality issue,2024-09-26
R0007776,O00141627,Quality issue,2025-11-29
R0007777,O00141634,Size issue,2024-08-09
R0007778,O00141639,Damaged item,2025-08-04
R0007779,O00141659,Late delivery,2023-05-13
R0007780,O00141689,Damaged item,2026-01-31
R0007781,O00141690,Quality issue,2024-03-22
R0007782,O00141708,Quality issue,2025-04-10
R0007783,O00141800,Late delivery,2023-12-26
R0007784,O00141802,Wrong item,2025-01-03
R0007785,O00141823,Wrong item,2025-04-03
R0007786,O00141837,Late delivery,2025-01-16
R0007787,O00141865,Damaged item,2025-07-31
R0007788,O00141868,Wrong item,2025-09-01
R0007789,O00141875,Damaged item,2024-07-27
R0007790,O00141895,Quality issue,2024-12-05
R0007791,O00141901,Late delivery,2025-11-04
R0007792,O00141911,Quality issue,2024-07-19
R0007793,O00141931,Size issue,2024-10-28
R0007794,O00141949,Late delivery,2025-11-22
R0007795,O00141956,Quality issue,2025-12-24
R0007796,O00142017,Quality issue,2025-12-12
R0007797,O00142072,Wrong item,2025-02-10
R0007798,O00142111,Damaged item,2026-01-07
R0007799,O00142125,Quality issue,2025-12-29
R0007800,O00142129,Quality issue,2024-11-01
R0007801,O00142142,Size issue,2025-09-29
R0007802,O00142144,Size issue,2024-08-10
R0007803,O00142145,Size issue,2024-06-17
R0007804,O00142148,Wrong item,2025-12-19
R0007805,O00142186,Quality issue,2025-04-27
R0007806,O00142196,Changed mind,2024-11-21
R0007807,O00142200,Quality issue,2023-08-12
R0007808,O00142215,Damaged item,2023-12-14
R0007809,O00142229,Changed mind,2026-01-22
R0007810,O00142230,Late delivery,2024-03-18
R0007811,O00142247,Late delivery,2025-06-10
R0007812,O00142267,Late delivery,2024-04-25
R0007813,O00142273,Changed mind,2025-06-19
R0007814,O00142302,Late delivery,2024-05-14
R0007815,O00142306,Damaged item,2024-07-11
R0007816,O00142308,Quality issue,2024-09-04
R0007817,O00142328,Late delivery,2025-12-02
R0007818,O00142339,Size issue,2025-05-10
R0007819,O00142384,Quality issue,2025-03-06
R0007820,O00142401,Quality issue,2026-01-08
R0007821,O00142424,Size issue,2026-01-07
R0007822,O00142428,Damaged item,2024-09-30
R0007823,O00142435,Changed mind,2025-03-18
R0007824,O00142439,Late delivery,2025-09-13
R0007825,O00142464,Wrong item,2023-11-17
R0007826,O00142465,Wrong item,2023-12-02
R0007827,O00142468,Quality issue,2025-01-08
R0007828,O00142484,Size issue,2025-08-23
R0007829,O00142511,Late delivery,2024-01-01
R0007830,O00142515,Wrong item,2025-02-21
R0007831,O00142560,Quality issue,2025-10-26
R0007832,O00142588,Size issue,2025-06-13
R0007833,O00142613,Size issue,2025-12-07
R0007834,O00142624,Late delivery,2025-11-10
R0007835,O00142692,Quality issue,2025-09-15
R0007836,O00142722,Changed mind,2026-01-20
R0007837,O00142732,Size issue,2025-09-07
R0007838,O00142751,Quality issue,2024-10-17
R0007839,O00142761,Damaged item,2025-08-21
R0007840,O00142817,Late delivery,2024-08-29
R0007841,O00142865,Size issue,2025-05-08
R0007842,O00142890,Wrong item,2025-12-07
R0007843,O00142894,Late delivery,2026-01-21
R0007844,O00142947,Changed mind,2025-09-13
R0007845,O00142964,Wrong item,2024-01-09
R0007846,O00142969,Damaged item,2025-05-31
R0007847,O00142995,Damaged item,2025-05-10
R0007848,O00143049,Quality issue,2024-10-06
R0007849,O00143051,Quality issue,2024-06-13
R0007850,O00143058,Changed mind,2025-11-30
R0007851,O00143073,Damaged item,2026-01-09
R0007852,O00143076,Quality issue,2024-09-04
R0007853,O00143078,Size issue,2024-10-07
R0007854,O00143123,Changed mind,2025-12-30
R0007855,O00143136,Changed mind,2025-12-07
R0007856,O00143155,Damaged item,2024-02-18
R0007857,O00143158,Size issue,2025-03-03
R0007858,O00143172,Quality issue,2024-07-23
R0007859,O00143175,Wrong item,2025-03-05
R0007860,O00143179,Late delivery,2024-12-11
R0007861,O00143188,Quality issue,2026-01-04
R0007862,O00143204,Changed mind,2025-03-20
R0007863,O00143232,Size issue,2023-11-17
R0007864,O00143239,Late delivery,2025-11-12
R0007865,O00143282,Late delivery,2025-02-18
R0007866,O00143320,Wrong item,2025-12-26
R0007867,O00143324,Late delivery,2025-06-17
R0007868,O00143346,Size issue,2023-06-29
R0007869,O00143357,Wrong item,2025-08-21
R0007870,O00143370,Size issue,2024-07-21
R0007871,O00143400,Changed mind,2024-10-10
R0007872,O00143420,Quality issue,2024-11-26
R0007873,O00143452,Quality issue,2025-12-12
R0007874,O00143453,Late delivery,2025-12-02
R0007875,O00143504,Changed mind,2025-09-29
R0007876,O00143534,Size issue,2024-12-03
R0007877,O00143540,Size issue,2025-03-30
R0007878,O00143550,Quality issue,2025-08-17
R0007879,O00143602,Wrong item,2025-06-14
R0007880,O00143607,Changed mind,2025-06-10
R0007881,O00143644,Changed mind,2024-08-31
R0007882,O00143701,Changed mind,2023-05-30
R0007883,O00143705,Size issue,2024-07-28
R0007884,O00143708,Wrong item,2023-10-28
R0007885,O00143721,Size issue,2026-01-29
R0007886,O00143724,Size issue,2024-12-22
R0007887,O00143728,Size issue,2025-11-27
R0007888,O00143749,Quality issue,2024-01-16
R0007889,O00143753,Damaged item,2025-09-07
R0007890,O00143794,Late delivery,2025-11-15
R0007891,O00143797,Late delivery,2025-06-12
R0007892,O00143826,Quality issue,2024-11-25
R0007893,O00143833,Size issue,2024-01-28
R0007894,O00143855,Late delivery,2024-06-05
R0007895,O00143898,Damaged item,2026-01-05
R0007896,O00143903,Wrong item,2025-12-18
R0007897,O00143926,Damaged item,2023-11-21
R0007898,O00143969,Changed mind,2025-12-12
R0007899,O00143978,Wrong item,2025-06-17
R0007900,O00143995,Size issue,2025-08-28
R0007901,O00144010,Late delivery,2025-12-22
R0007902,O00144011,Wrong item,2023-06-04
R0007903,O00144048,Size issue,2024-12-11
R0007904,O00144055,Quality issue,2026-01-12
R0007905,O00144061,Damaged item,2024-11-13
R0007906,O00144065,Wrong item,2025-07-27
R0007907,O00144076,Size issue,2023-08-16
R0007908,O00144125,Quality issue,2024-05-11
R0007909,O00144135,Damaged item,2025-11-05
R0007910,O00144139,Damaged item,2024-07-01
R0007911,O00144163,Quality issue,2025-02-13
R0007912,O00144182,Late delivery,2025-11-19
R0007913,O00144197,Quality issue,2024-04-04
R0007914,O00144201,Late delivery,2024-05-08
R0007915,O00144208,Damaged item,2024-12-02
R0007916,O00144235,Late delivery,2025-09-18
R0007917,O00144246,Damaged item,2025-11-21
R0007918,O00144250,Size issue,2025-12-06
R0007919,O00144283,Late delivery,2025-07-07
R0007920,O00144287,Damaged item,2025-08-31
R0007921,O00144298,Quality issue,2025-10-09
R0007922,O00144322,Damaged item,2025-11-24
R0007923,O00144342,Quality issue,2024-01-18
R0007924,O00144358,Quality issue,2025-12-24
R0007925,O00144381,Wrong item,2025-12-21
R0007926,O00144448,Damaged item,2025-12-27
R0007927,O00144452,Damaged item,2025-12-12
R0007928,O00144453,Quality issue,2025-02-07
R0007929,O00144458,Damaged item,2025-03-27
R0007930,O00144462,Size issue,2025-08-06
R0007931,O00144478,Size issue,2025-12-20
R0007932,O00144487,Late delivery,2025-07-11
R0007933,O00144514,Late delivery,2024-09-22
R0007934,O00144515,Size issue,2024-10-29
R0007935,O00144534,Damaged item,2023-11-14
R0007936,O00144540,Quality issue,2024-05-25
R0007937,O00144541,Wrong item,2024-06-06
R0007938,O00144564,Size issue,2025-05-14
R0007939,O00144572,Quality issue,2023-07-22
R0007940,O00144583,Changed mind,2025-07-29
R0007941,O00144585,Damaged item,2025-11-17
R0007942,O00144662,Late delivery,2025-12-07
R0007943,O00144768,Damaged item,2025-10-03
R0007944,O00144770,Quality issue,2025-11-08
R0007945,O00144777,Damaged item,2024-09-30
R0007946,O00144778,Quality issue,2023-03-28
R0007947,O00144799,Quality issue,2025-03-06
R0007948,O00144817,Damaged item,2024-11-02
R0007949,O00144839,Quality issue,2023-07-22
R0007950,O00144841,Wrong item,2023-08-24
R0007951,O00144869,Late delivery,2025-01-17
R0007952,O00144887,Late delivery,2024-09-06
R0007953,O00144915,Wrong item,2023-09-12
R0007954,O00144942,Wrong item,2025-06-07
R0007955,O00144962,Late delivery,2024-12-07
R0007956,O00144977,Late delivery,2024-12-05
R0007957,O00145011,Quality issue,2025-12-08
R0007958,O00145092,Size issue,2025-11-19
R0007959,O00145128,Damaged item,2023-05-17
R0007960,O00145136,Size issue,2024-03-08
R0007961,O00145149,Changed mind,2025-09-11
R0007962,O00145151,Late delivery,2025-09-29
R0007963,O00145164,Damaged item,2025-12-19
R0007964,O00145165,Size issue,2026-01-08
R0007965,O00145166,Late delivery,2026-01-13
R0007966,O00145179,Wrong item,2025-04-02
R0007967,O00145183,Wrong item,2024-06-23
R0007968,O00145203,Damaged item,2025-01-20
R0007969,O00145215,Wrong item,2024-12-04
R0007970,O00145229,Size issue,2025-11-28
R0007971,O00145233,Quality issue,2024-11-15
R0007972,O00145259,Quality issue,2026-01-04
R0007973,O00145297,Late delivery,2025-07-20
R0007974,O00145299,Damaged item,2025-12-05
R0007975,O00145301,Wrong item,2023-02-04
R0007976,O00145304,Quality issue,2024-03-24
R0007977,O00145353,Size issue,2025-01-08
R0007978,O00145364,Damaged item,2025-05-04
R0007979,O00145374,Quality issue,2025-12-25
R0007980,O00145391,Wrong item,2025-01-11
R0007981,O00145468,Size issue,2024-11-23
R0007982,O00145480,Size issue,2025-05-30
R0007983,O00145524,Quality issue,2023-02-26
R0007984,O00145556,Damaged item,2025-01-16
R0007985,O00145559,Size issue,2025-12-24
R0007986,O00145573,Changed mind,2025-12-19
R0007987,O00145591,Damaged item,2024-08-16
R0007988,O00145594,Damaged item,2025-01-18
R0007989,O00145690,Size issue,2024-01-08
R0007990,O00145744,Late delivery,2024-12-02
R0007991,O00145748,Late delivery,2025-08-21
R0007992,O00145751,Late delivery,2025-11-16
R0007993,O00145765,Damaged item,2026-01-22
R0007994,O00145769,Damaged item,2025-03-29
R0007995,O00145771,Quality issue,2025-07-02
R0007996,O00145801,Changed mind,2025-12-26
R0007997,O00145830,Damaged item,2025-11-01
R0007998,O00145849,Damaged item,2025-01-24
R0007999,O00145858,Wrong item,2025-12-07
R0008000,O00145865,Late delivery,2026-01-02
R0008001,O00145868,Changed mind,2023-07-21
R0008002,O00145877,Size issue,2024-09-15
R0008003,O00145888,Wrong item,2024-12-30
R0008004,O00145902,Late delivery,2025-06-17
R0008005,O00145927,Wrong item,2025-01-18
R0008006,O00145932,Wrong item,2025-03-01
R0008007,O00145944,Quality issue,2025-08-26
R0008008,O00145979,Quality issue,2025-01-09
R0008009,O00146012,Size issue,2023-06-27
R0008010,O00146016,Quality issue,2023-11-07
R0008011,O00146019,Quality issue,2024-03-15
R0008012,O00146067,Size issue,2026-01-08
R0008013,O00146081,Damaged item,2025-08-17
R0008014,O00146116,Changed mind,2025-01-25
R0008015,O00146122,Wrong item,2025-06-09
R0008016,O00146130,Changed mind,2025-04-27
R0008017,O00146142,Changed mind,2024-06-22
R0008018,O00146144,Damaged item,2025-09-30
R0008019,O00146150,Size issue,2025-11-30
R0008020,O00146163,Late delivery,2025-05-01
R0008021,O00146168,Late delivery,2025-11-20
R0008022,O00146172,Changed mind,2025-11-11
R0008023,O00146178,Wrong item,2024-01-18
R0008024,O00146214,Late delivery,2025-06-12
R0008025,O00146219,Changed mind,2024-09-27
R0008026,O00146220,Damaged item,2024-10-16
R0008027,O00146245,Quality issue,2025-07-31
R0008028,O00146280,Damaged item,2025-10-29
R0008029,O00146315,Size issue,2025-02-27
R0008030,O00146322,Changed mind,2025-09-17
R0008031,O00146325,Wrong item,2025-01-02
R0008032,O00146335,Wrong item,2025-03-12
R0008033,O00146343,Damaged item,2025-08-15
R0008034,O00146350,Quality issue,2025-11-30
R0008035,O00146486,Size issue,2025-12-20
R0008036,O00146496,Wrong item,2024-02-19
R0008037,O00146514,Quality issue,2025-11-16
R0008038,O00146538,Quality issue,2026-01-01
R0008039,O00146543,Wrong item,2025-11-23
R0008040,O00146544,Late delivery,2025-11-21
R0008041,O00146553,Damaged item,2024-10-19
R0008042,O00146557,Late delivery,2025-02-14
R0008043,O00146588,Wrong item,2024-02-10
R0008044,O00146625,Wrong item,2025-12-01
R0008045,O00146644,Late delivery,2024-10-05
R0008046,O00146652,Damaged item,2024-12-06
R0008047,O00146655,Wrong item,2026-01-02
R0008048,O00146665,Changed mind,2024-08-11
R0008049,O00146701,Quality issue,2023-07-14
R0008050,O00146704,Quality issue,2024-09-06
R0008051,O00146717,Quality issue,2024-11-05
R0008052,O00146740,Size issue,2026-01-07
R0008053,O00146750,Wrong item,2023-12-18
R0008054,O00146764,Changed mind,2024-11-15
R0008055,O00146829,Quality issue,2023-12-30
R0008056,O00146832,Damaged item,2025-05-04
R0008057,O00146850,Damaged item,2024-08-13
R0008058,O00146939,Changed mind,2023-09-02
R0008059,O00146942,Size issue,2024-01-09
R0008060,O00146949,Damaged item,2025-05-11
R0008061,O00146962,Quality issue,2024-11-11
R0008062,O00146986,Size issue,2025-08-30
R0008063,O00147027,Changed mind,2025-05-31
R0008064,O00147054,Quality issue,2024-07-25
R0008065,O00147069,Late delivery,2025-07-05
R0008066,O00147071,Changed mind,2025-09-10
R0008067,O00147082,Quality issue,2025-08-06
R0008068,O00147101,Quality issue,2025-08-27
R0008069,O00147129,Damaged item,2025-04-06
R0008070,O00147138,Quality issue,2025-08-21
R0008071,O00147140,Damaged item,2025-11-02
R0008072,O00147250,Late delivery,2026-01-06
R0008073,O00147259,Changed mind,2024-11-30
R0008074,O00147285,Late delivery,2025-06-02
R0008075,O00147292,Damaged item,2025-08-17
R0008076,O00147302,Damaged item,2025-12-10
R0008077,O00147338,Late delivery,2024-08-30
R0008078,O00147350,Quality issue,2024-10-02
R0008079,O00147353,Damaged item,2025-01-11
R0008080,O00147357,Wrong item,2025-09-11
R0008081,O00147365,Wrong item,2024-09-24
R0008082,O00147372,Late delivery,2025-08-05
R0008083,O00147418,Quality issue,2025-09-08
R0008084,O00147420,Quality issue,2025-09-03
R0008085,O00147423,Changed mind,2025-11-25
R0008086,O00147474,Late delivery,2024-06-27
R0008087,O00147483,Size issue,2025-01-29
R0008088,O00147498,Late delivery,2026-01-26
R0008089,O00147506,Wrong item,2025-12-06
R0008090,O00147507,Wrong item,2025-12-14
R0008091,O00147515,Size issue,2025-05-29
R0008092,O00147520,Wrong item,2025-11-25
R0008093,O00147533,Damaged item,2024-10-14
R0008094,O00147544,Late delivery,2025-11-14
R0008095,O00147547,Wrong item,2025-12-30
R0008096,O00147549,Wrong item,2023-07-02
R0008097,O00147556,Wrong item,2023-11-06
R0008098,O00147558,Quality issue,2023-12-24
R0008099,O00147585,Damaged item,2026-01-04
R0008100,O00147635,Size issue,2023-05-20
R0008101,O00147655,Damaged item,2025-08-19
R0008102,O00147657,Wrong item,2025-10-07
R0008103,O00147675,Size issue,2025-10-21
R0008104,O00147707,Quality issue,2026-01-02
R0008105,O00147719,Quality issue,2025-04-25
R0008106,O00147720,Size issue,2024-11-26
R0008107,O00147724,Quality issue,2025-08-20
R0008108,O00147752,Size issue,2025-10-05
R0008109,O00147772,Late delivery,2023-09-08
R0008110,O00147780,Late delivery,2024-08-05
R0008111,O00147782,Quality issue,2025-12-13
R0008112,O00147805,Wrong item,2025-03-05
R0008113,O00147806,Damaged item,2025-12-12
R0008114,O00147830,Size issue,2024-01-24
R0008115,O00147831,Late delivery,2024-05-18
R0008116,O00147911,Wrong item,2024-11-04
R0008117,O00147921,Wrong item,2025-01-11
R0008118,O00147930,Size issue,2025-10-26
R0008119,O00147941,Changed mind,2026-01-13
R0008120,O00147995,Late delivery,2025-11-05
R0008121,O00148003,Wrong item,2025-07-25
R0008122,O00148011,Wrong item,2023-03-18
R0008123,O00148019,Changed mind,2024-12-06
R0008124,O00148027,Quality issue,2025-11-16
R0008125,O00148056,Changed mind,2024-06-08
R0008126,O00148068,Damaged item,2025-08-20
R0008127,O00148099,Wrong item,2024-11-01
R0008128,O00148111,Quality issue,2025-10-04
R0008129,O00148116,Quality issue,2025-10-21
R0008130,O00148120,Late delivery,2025-11-13
R0008131,O00148135,Wrong item,2024-09-09
R0008132,O00148171,Late delivery,2026-01-23
R0008133,O00148189,Changed mind,2025-09-15
R0008134,O00148210,Size issue,2024-05-30
R0008135,O00148240,Late delivery,2024-06-08
R0008136,O00148290,Changed mind,2025-05-03
R0008137,O00148306,Size issue,2025-10-09
R0008138,O00148316,Damaged item,2025-12-30
R0008139,O00148330,Wrong item,2025-07-02
R0008140,O00148334,Late delivery,2025-04-25
R0008141,O00148337,Changed mind,2023-07-20
R0008142,O00148346,Size issue,2023-08-29
R0008143,O00148347,Wrong item,2023-10-14
R0008144,O00148379,Changed mind,2024-11-20
R0008145,O00148404,Late delivery,2026-01-11
R0008146,O00148434,Quality issue,2025-12-02
R0008147,O00148482,Late delivery,2024-11-27
R0008148,O00148497,Damaged item,2025-08-12
R0008149,O00148502,Size issue,2025-12-31
R0008150,O00148518,Late delivery,2024-12-07
R0008151,O00148523,Late delivery,2023-10-16
R0008152,O00148533,Quality issue,2025-06-17
R0008153,O00148573,Size issue,2026-02-03
R0008154,O00148575,Late delivery,2024-12-16
R0008155,O00148597,Quality issue,2025-07-02
R0008156,O00148607,Damaged item,2026-01-11
R0008157,O00148641,Changed mind,2025-01-11
R0008158,O00148648,Quality issue,2025-11-07
R0008159,O00148659,Size issue,2025-10-28
R0008160,O00148661,Late delivery,2025-12-11
R0008161,O00148686,Late delivery,2025-12-02
R0008162,O00148720,Size issue,2026-01-25
R0008163,O00148791,Size issue,2025-12-08
R0008164,O00148825,Size issue,2025-09-01
R0008165,O00148836,Wrong item,2025-12-02
R0008166,O00148842,Quality issue,2026-01-13
R0008167,O00148882,Damaged item,2025-08-08
R0008168,O00148905,Size issue,2025-02-05
R0008169,O00148907,Late delivery,2025-08-03
R0008170,O00148943,Damaged item,2025-10-31
R0008171,O00148945,Size issue,2026-01-16
R0008172,O00148949,Changed mind,2026-01-25
R0008173,O00148950,Size issue,2023-01-31
R0008174,O00148954,Wrong item,2023-08-29
R0008175,O00148972,Wrong item,2025-11-20
R0008176,O00148985,Wrong item,2025-08-10
R0008177,O00149013,Damaged item,2025-10-08
R0008178,O00149053,Late delivery,2025-03-03
R0008179,O00149083,Quality issue,2025-12-04
R0008180,O00149089,Quality issue,2024-11-13
R0008181,O00149091,Damaged item,2025-11-26
R0008182,O00149115,Late delivery,2025-08-28
R0008183,O00149130,Wrong item,2025-01-04
R0008184,O00149138,Late delivery,2025-06-01
R0008185,O00149171,Wrong item,2024-07-19
R0008186,O00149182,Size issue,2024-04-20
R0008187,O00149189,Quality issue,2025-04-25
R0008188,O00149220,Size issue,2024-11-03
R0008189,O00149241,Changed mind,2024-06-06
R0008190,O00149304,Damaged item,2025-12-31
R0008191,O00149320,Wrong item,2025-06-01
R0008192,O00149377,Changed mind,2025-05-16
R0008193,O00149381,Wrong item,2025-12-06
R0008194,O00149386,Late delivery,2025-11-22
R0008195,O00149411,Quality issue,2025-11-15
R0008196,O00149419,Quality issue,2025-12-25
R0008197,O00149469,Quality issue,2023-06-27
R0008198,O00149493,Late delivery,2025-05-17
R0008199,O00149494,Wrong item,2024-08-04
R0008200,O00149496,Quality issue,2025-07-02
R0008201,O00149498,Damaged item,2024-10-31
R0008202,O00149507,Size issue,2024-11-20
R0008203,O00149510,Quality issue,2025-08-12
R0008204,O00149540,Quality issue,2026-01-05
R0008205,O00149543,Wrong item,2024-04-20
R0008206,O00149544,Late delivery,2024-05-15
R0008207,O00149567,Late delivery,2025-08-28
R0008208,O00149579,Quality issue,2025-12-22
R0008209,O00149592,Wrong item,2025-05-31
R0008210,O00149605,Quality issue,2025-11-20
R0008211,O00149649,Size issue,2024-12-31
R0008212,O00149651,Changed mind,2025-09-22
R0008213,O00149656,Changed mind,2023-09-27
R0008214,O00149667,Quality issue,2024-09-03
R0008215,O00149729,Wrong item,2024-04-02
R0008216,O00149805,Damaged item,2025-11-15
R0008217,O00149825,Changed mind,2025-09-18
R0008218,O00149867,Size issue,2023-06-23
R0008219,O00149894,Late delivery,2025-12-21
R0008220,O00149906,Damaged item,2024-08-03
R0008221,O00149915,Changed mind,2023-11-14
R0008222,O00149924,Late delivery,2025-04-22
R0008223,O00149930,Damaged item,2025-08-14
R0008224,O00149934,Size issue,2025-11-02
R0008225,O00149958,Damaged item,2025-11-11
R0008226,O00149968,Size issue,2024-06-26
R0008227,O00149976,Late delivery,2023-04-19
R0008228,O00149978,Quality issue,2023-08-11
R0008229,O00150000,Damaged item,2024-07-04
R0008230,O00150021,Changed mind,2025-03-09
R0008231,O00150051,Quality issue,2024-10-12
R0008232,O00150086,Late delivery,2025-11-04
R0008233,O00150093,Changed mind,2023-01-19
R0008234,O00150143,Late delivery,2025-06-15
R0008235,O00150162,Size issue,2025-09-22
R0008236,O00150163,Size issue,2025-10-11
R0008237,O00150207,Size issue,2025-01-14
R0008238,O00150210,Late delivery,2025-12-06
R0008239,O00150221,Wrong item,2024-07-03
R0008240,O00150223,Late delivery,2025-02-10
R0008241,O00150225,Damaged item,2025-03-21
R0008242,O00150241,Late delivery,2025-11-28
R0008243,O00150242,Changed mind,2025-12-06
R0008244,O00150247,Damaged item,2025-12-18
R0008245,O00150248,Late delivery,2025-12-20
R0008246,O00150257,Quality issue,2026-01-16
R0008247,O00150258,Changed mind,2024-11-19
R0008248,O00150268,Quality issue,2025-07-08
R0008249,O00150278,Late delivery,2024-09-24
R0008250,O00150289,Damaged item,2023-12-05
R0008251,O00150300,Wrong item,2023-12-10
R0008252,O00150302,Quality issue,2024-11-26
R0008253,O00150313,Damaged item,2025-10-21
R0008254,O00150358,Size issue,2025-04-16
R0008255,O00150359,Wrong item,2025-05-07
R0008256,O00150369,Changed mind,2025-01-12
R0008257,O00150392,Quality issue,2024-12-08
R0008258,O00150493,Size issue,2024-12-30
R0008259,O00150494,Damaged item,2025-01-04
R0008260,O00150506,Damaged item,2026-01-14
R0008261,O00150518,Late delivery,2024-03-16
R0008262,O00150527,Quality issue,2025-10-25
R0008263,O00150556,Quality issue,2025-04-17
R0008264,O00150560,Quality issue,2025-06-09
R0008265,O00150611,Quality issue,2024-08-11
R0008266,O00150659,Damaged item,2025-08-23
R0008267,O00150739,Damaged item,2025-11-09
R0008268,O00150772,Changed mind,2023-09-14
R0008269,O00150803,Damaged item,2025-11-03
R0008270,O00150845,Changed mind,2023-08-10
R0008271,O00150862,Late delivery,2025-10-22
R0008272,O00150940,Size issue,2025-11-11
R0008273,O00150960,Wrong item,2023-10-08
R0008274,O00150989,Wrong item,2025-01-09
R0008275,O00151008,Quality issue,2025-05-04
R0008276,O00151019,Damaged item,2026-01-09
R0008277,O00151028,Changed mind,2025-09-24
R0008278,O00151103,Late delivery,2024-12-26
R0008279,O00151117,Damaged item,2025-01-17
R0008280,O00151124,Wrong item,2023-06-16
R0008281,O00151138,Changed mind,2024-08-22
R0008282,O00151157,Wrong item,2026-01-11
R0008283,O00151172,Damaged item,2025-10-14
R0008284,O00151210,Changed mind,2025-11-14
R0008285,O00151214,Quality issue,2024-10-12
R0008286,O00151243,Quality issue,2026-01-13
R0008287,O00151247,Changed mind,2025-06-16
R0008288,O00151249,Size issue,2025-06-20
R0008289,O00151266,Quality issue,2025-04-11
R0008290,O00151283,Late delivery,2025-09-27
R0008291,O00151326,Quality issue,2025-10-29
R0008292,O00151363,Damaged item,2026-01-15
R0008293,O00151386,Size issue,2026-01-20
R0008294,O00151409,Quality issue,2023-12-22
R0008295,O00151414,Late delivery,2023-12-21
R0008296,O00151415,Quality issue,2025-05-31
R0008297,O00151420,Changed mind,2024-12-08
R0008298,O00151444,Quality issue,2024-11-13
R0008299,O00151449,Late delivery,2026-01-30
R0008300,O00151468,Wrong item,2025-08-17
R0008301,O00151479,Late delivery,2025-11-21
R0008302,O00151488,Wrong item,2025-12-28
R0008303,O00151511,Quality issue,2026-01-13
R0008304,O00151543,Damaged item,2023-12-15
R0008305,O00151574,Size issue,2025-04-13
R0008306,O00151580,Wrong item,2025-10-15
R0008307,O00151590,Changed mind,2024-12-19
R0008308,O00151598,Damaged item,2024-09-28
R0008309,O00151613,Quality issue,2025-02-13
R0008310,O00151616,Wrong item,2025-08-29
R0008311,O00151641,Damaged item,2026-02-06
R0008312,O00151646,Damaged item,2025-10-18
R0008313,O00151662,Quality issue,2025-06-23
R0008314,O00151710,Damaged item,2026-01-12
R0008315,O00151713,Changed mind,2024-03-07
R0008316,O00151732,Damaged item,2025-01-24
R0008317,O00151737,Wrong item,2023-07-13
R0008318,O00151738,Quality issue,2025-01-08
R0008319,O00151754,Wrong item,2026-01-06
R0008320,O00151786,Quality issue,2023-03-31
R0008321,O00151796,Changed mind,2024-05-30
R0008322,O00151820,Quality issue,2024-05-11
R0008323,O00151831,Late delivery,2025-04-17
R0008324,O00151861,Changed mind,2025-04-18
R0008325,O00151875,Changed mind,2025-05-24
R0008326,O00151888,Size issue,2024-12-13
R0008327,O00151904,Size issue,2025-12-21
R0008328,O00151916,Size issue,2025-09-07
R0008329,O00151978,Size issue,2024-11-17
R0008330,O00151988,Wrong item,2025-05-31
R0008331,O00151992,Damaged item,2025-06-28
R0008332,O00152056,Late delivery,2026-01-22
R0008333,O00152072,Changed mind,2024-06-25
R0008334,O00152106,Wrong item,2025-06-18
R0008335,O00152129,Wrong item,2025-04-28
R0008336,O00152156,Changed mind,2025-10-12
R0008337,O00152186,Changed mind,2025-01-21
R0008338,O00152213,Quality issue,2025-12-04
R0008339,O00152223,Late delivery,2025-12-07
R0008340,O00152227,Quality issue,2026-01-20
R0008341,O00152301,Quality issue,2024-08-11
R0008342,O00152307,Late delivery,2025-02-03
R0008343,O00152312,Late delivery,2025-05-07
R0008344,O00152321,Size issue,2026-01-11
R0008345,O00152328,Changed mind,2025-08-08
R0008346,O00152374,Damaged item,2025-12-22
R0008347,O00152415,Damaged item,2025-05-29
R0008348,O00152492,Size issue,2024-05-04
R0008349,O00152493,Quality issue,2024-07-05
R0008350,O00152515,Late delivery,2023-12-10
R0008351,O00152546,Size issue,2024-11-28
R0008352,O00152586,Wrong item,2025-05-29
R0008353,O00152632,Late delivery,2025-11-20
R0008354,O00152655,Wrong item,2025-12-07
R0008355,O00152686,Damaged item,2025-10-02
R0008356,O00152690,Changed mind,2025-10-15
R0008357,O00152720,Changed mind,2025-09-11
R0008358,O00152724,Changed mind,2025-10-21
R0008359,O00152729,Quality issue,2025-12-15
R0008360,O00152736,Damaged item,2025-06-14
R0008361,O00152737,Quality issue,2025-07-01
R0008362,O00152742,Wrong item,2025-09-16
R0008363,O00152768,Late delivery,2025-08-07
R0008364,O00152772,Size issue,2025-09-10
R0008365,O00152785,Late delivery,2025-08-18
R0008366,O00152786,Quality issue,2025-11-15
R0008367,O00152797,Wrong item,2025-11-11
R0008368,O00152830,Size issue,2024-11-10
R0008369,O00152837,Late delivery,2025-07-23
R0008370,O00152845,Damaged item,2025-06-24
R0008371,O00152855,Wrong item,2025-08-30
R0008372,O00152868,Size issue,2024-11-29
R0008373,O00152870,Changed mind,2025-01-06
R0008374,O00152881,Quality issue,2024-11-15
R0008375,O00152884,Quality issue,2025-07-07
R0008376,O00152942,Changed mind,2025-07-24
R0008377,O00152964,Wrong item,2025-12-27
R0008378,O00152969,Quality issue,2025-12-18
R0008379,O00152975,Damaged item,2024-12-17
R0008380,O00152976,Quality issue,2025-05-23
R0008381,O00152987,Wrong item,2024-09-12
R0008382,O00152996,Damaged item,2025-06-05
R0008383,O00153002,Damaged item,2024-05-08
R0008384,O00153013,Size issue,2025-12-17
R0008385,O00153017,Damaged item,2024-09-19
R0008386,O00153055,Changed mind,2025-11-11
R0008387,O00153069,Changed mind,2024-08-12
R0008388,O00153084,Size issue,2026-01-26
R0008389,O00153086,Late delivery,2025-03-25
R0008390,O00153118,Late delivery,2024-06-12
R0008391,O00153134,Size issue,2025-09-01
R0008392,O00153141,Size issue,2026-02-03
R0008393,O00153188,Wrong item,2025-11-17
R0008394,O00153201,Wrong item,2025-03-02
R0008395,O00153208,Changed mind,2025-09-16
R0008396,O00153221,Quality issue,2025-12-28
R0008397,O00153231,Quality issue,2024-01-20
R0008398,O00153258,Damaged item,2025-05-23
R0008399,O00153301,Quality issue,2026-01-31
R0008400,O00153306,Damaged item,2024-01-06
R0008401,O00153310,Late delivery,2024-06-05
R0008402,O00153312,Wrong item,2024-12-28
R0008403,O00153313,Damaged item,2025-10-16
R0008404,O00153315,Wrong item,2024-08-02
R0008405,O00153334,Damaged item,2025-03-26
R0008406,O00153340,Late delivery,2024-11-02
R0008407,O00153346,Wrong item,2025-06-30
R0008408,O00153442,Late delivery,2026-01-05
R0008409,O00153467,Size issue,2025-10-16
R0008410,O00153485,Late delivery,2025-08-16
R0008411,O00153491,Size issue,2024-10-14
R0008412,O00153538,Late delivery,2025-12-27
R0008413,O00153623,Late delivery,2025-12-06
R0008414,O00153639,Size issue,2025-12-24
R0008415,O00153680,Damaged item,2025-12-03
R0008416,O00153685,Late delivery,2025-01-11
R0008417,O00153695,Quality issue,2025-10-08
R0008418,O00153698,Damaged item,2025-12-20
R0008419,O00153700,Size issue,2024-11-20
R0008420,O00153708,Damaged item,2025-09-13
R0008421,O00153726,Size issue,2025-12-27
R0008422,O00153739,Quality issue,2024-06-18
R0008423,O00153745,Wrong item,2025-09-04
R0008424,O00153748,Late delivery,2025-11-29
R0008425,O00153758,Quality issue,2025-01-16
R0008426,O00153768,Damaged item,2024-10-06
R0008427,O00153773,Late delivery,2024-12-26
R0008428,O00153782,Late delivery,2025-08-19
R0008429,O00153791,Wrong item,2025-11-26
R0008430,O00153796,Late delivery,2025-12-11
R0008431,O00153804,Size issue,2025-12-24
R0008432,O00153815,Late delivery,2025-03-09
R0008433,O00153841,Wrong item,2025-05-23
R0008434,O00153870,Quality issue,2025-01-30
R0008435,O00153876,Quality issue,2025-10-21
R0008436,O00153879,Changed mind,2025-11-16
R0008437,O00153897,Size issue,2023-11-23
R0008438,O00153900,Damaged item,2025-07-18
R0008439,O00153996,Size issue,2025-08-25
R0008440,O00154000,Late delivery,2025-01-04
R0008441,O00154048,Size issue,2024-07-26
R0008442,O00154073,Changed mind,2025-06-23
R0008443,O00154091,Size issue,2025-07-07
R0008444,O00154154,Late delivery,2025-12-25
R0008445,O00154178,Wrong item,2026-01-20
R0008446,O00154182,Size issue,2025-04-04
R0008447,O00154208,Size issue,2025-03-11
R0008448,O00154212,Wrong item,2024-07-18
R0008449,O00154238,Late delivery,2025-04-22
R0008450,O00154242,Size issue,2025-05-11
R0008451,O00154243,Wrong item,2023-09-17
R0008452,O00154269,Late delivery,2025-03-28
R0008453,O00154276,Wrong item,2025-08-17
R0008454,O00154282,Wrong item,2026-01-04
R0008455,O00154296,Damaged item,2025-05-07
R0008456,O00154302,Wrong item,2025-09-27
R0008457,O00154305,Damaged item,2026-01-21
R0008458,O00154327,Quality issue,2024-10-06
R0008459,O00154330,Wrong item,2026-01-01
R0008460,O00154371,Size issue,2023-11-04
R0008461,O00154393,Changed mind,2024-12-31
R0008462,O00154395,Size issue,2025-10-10
R0008463,O00154413,Wrong item,2026-02-03
R0008464,O00154420,Damaged item,2025-01-06
R0008465,O00154425,Quality issue,2024-08-19
R0008466,O00154435,Changed mind,2023-06-08
R0008467,O00154455,Damaged item,2025-12-15
R0008468,O00154499,Wrong item,2025-04-18
R0008469,O00154562,Changed mind,2023-05-24
R0008470,O00154563,Changed mind,2026-01-16
R0008471,O00154590,Late delivery,2025-04-20
R0008472,O00154643,Wrong item,2025-12-26
R0008473,O00154653,Damaged item,2024-12-01
R0008474,O00154657,Late delivery,2025-05-05
R0008475,O00154666,Damaged item,2025-02-02
R0008476,O00154698,Quality issue,2025-04-22
R0008477,O00154701,Quality issue,2025-08-26
R0008478,O00154705,Late delivery,2024-07-21
R0008479,O00154733,Changed mind,2025-12-12
R0008480,O00154738,Late delivery,2024-10-03
R0008481,O00154828,Changed mind,2023-07-19
R0008482,O00154852,Wrong item,2025-04-11
R0008483,O00154856,Late delivery,2026-01-21
R0008484,O00154857,Wrong item,2025-12-09
R0008485,O00154866,Size issue,2023-07-19
R0008486,O00154872,Wrong item,2023-02-10
R0008487,O00154886,Changed mind,2025-12-06
R0008488,O00154887,Changed mind,2024-08-14
R0008489,O00154929,Size issue,2025-06-22
R0008490,O00154939,Changed mind,2025-08-05
R0008491,O00154947,Size issue,2023-09-11
R0008492,O00154996,Changed mind,2025-02-12
R0008493,O00155049,Late delivery,2024-11-26
R0008494,O00155070,Late delivery,2025-07-05
R0008495,O00155073,Quality issue,2024-08-21
R0008496,O00155076,Damaged item,2024-12-31
R0008497,O00155093,Changed mind,2025-12-17
R0008498,O00155098,Changed mind,2025-09-20
R0008499,O00155099,Wrong item,2023-10-29
R0008500,O00155110,Quality issue,2025-05-16
R0008501,O00155203,Damaged item,2025-05-27
R0008502,O00155222,Size issue,2025-02-09
R0008503,O00155260,Size issue,2025-03-16
R0008504,O00155279,Changed mind,2024-11-23
R0008505,O00155295,Quality issue,2025-12-09
R0008506,O00155330,Late delivery,2025-05-11
R0008507,O00155359,Size issue,2025-07-23
R0008508,O00155387,Damaged item,2025-12-28
R0008509,O00155398,Size issue,2025-01-10
R0008510,O00155402,Wrong item,2024-11-22
R0008511,O00155416,Wrong item,2025-07-16
R0008512,O00155417,Wrong item,2025-09-02
R0008513,O00155424,Quality issue,2025-11-23
R0008514,O00155452,Damaged item,2025-05-31
R0008515,O00155462,Quality issue,2025-07-14
R0008516,O00155481,Changed mind,2024-10-03
R0008517,O00155482,Late delivery,2025-02-02
R0008518,O00155502,Quality issue,2025-12-27
R0008519,O00155520,Wrong item,2025-09-21
R0008520,O00155537,Changed mind,2025-12-26
R0008521,O00155538,Size issue,2024-01-08
R0008522,O00155556,Quality issue,2024-10-16
R0008523,O00155562,Late delivery,2025-11-23
R0008524,O00155570,Size issue,2024-09-25
R0008525,O00155582,Damaged item,2025-12-19
R0008526,O00155631,Damaged item,2024-12-23
R0008527,O00155648,Late delivery,2025-02-11
R0008528,O00155650,Quality issue,2025-08-19
R0008529,O00155657,Quality issue,2023-11-30
R0008530,O00155666,Wrong item,2025-07-27
R0008531,O00155677,Quality issue,2025-01-07
R0008532,O00155685,Wrong item,2023-07-04
R0008533,O00155697,Size issue,2025-12-15
R0008534,O00155706,Wrong item,2025-12-06
R0008535,O00155734,Damaged item,2025-10-11
R0008536,O00155776,Late delivery,2025-06-09
R0008537,O00155791,Size issue,2025-12-21
R0008538,O00155796,Quality issue,2025-08-26
R0008539,O00155815,Changed mind,2025-12-19
R0008540,O00155821,Late delivery,2026-01-04
R0008541,O00155844,Late delivery,2025-09-18
R0008542,O00155897,Size issue,2025-12-14
R0008543,O00156027,Changed mind,2025-11-19
R0008544,O00156048,Size issue,2025-04-27
R0008545,O00156126,Late delivery,2025-03-14
R0008546,O00156127,Size issue,2025-05-20
R0008547,O00156171,Quality issue,2025-01-04
R0008548,O00156177,Damaged item,2026-01-03
R0008549,O00156210,Late delivery,2025-07-17
R0008550,O00156213,Changed mind,2025-10-12
R0008551,O00156246,Size issue,2025-06-09
R0008552,O00156254,Damaged item,2025-03-29
R0008553,O00156261,Wrong item,2025-03-12
R0008554,O00156296,Changed mind,2024-12-26
R0008555,O00156303,Wrong item,2024-07-05
R0008556,O00156386,Late delivery,2025-10-27
R0008557,O00156428,Late delivery,2024-11-02
R0008558,O00156433,Wrong item,2025-12-15
R0008559,O00156440,Size issue,2025-07-30
R0008560,O00156461,Wrong item,2025-11-03
R0008561,O00156469,Quality issue,2025-11-08
R0008562,O00156478,Damaged item,2025-12-10
R0008563,O00156544,Quality issue,2024-11-12
R0008564,O00156545,Damaged item,2024-11-30
R0008565,O00156554,Changed mind,2024-12-07
R0008566,O00156557,Wrong item,2025-03-04
R0008567,O00156593,Damaged item,2025-08-13
R0008568,O00156608,Late delivery,2024-11-29
R0008569,O00156662,Wrong item,2025-06-09
R0008570,O00156681,Late delivery,2025-12-18
R0008571,O00156683,Size issue,2025-12-26
R0008572,O00156689,Size issue,2026-01-06
R0008573,O00156697,Wrong item,2025-09-26
R0008574,O00156707,Quality issue,2026-01-22
R0008575,O00156710,Quality issue,2025-10-11
R0008576,O00156722,Quality issue,2026-01-18
R0008577,O00156724,Changed mind,2025-12-30
R0008578,O00156778,Quality issue,2025-10-22
R0008579,O00156833,Damaged item,2025-04-22
R0008580,O00156907,Size issue,2024-10-27
R0008581,O00156923,Quality issue,2025-10-30
R0008582,O00156943,Damaged item,2024-12-20
R0008583,O00156944,Damaged item,2024-06-15
R0008584,O00156947,Damaged item,2025-08-29
R0008585,O00156962,Damaged item,2026-01-21
R0008586,O00156972,Damaged item,2024-07-05
R0008587,O00156975,Changed mind,2024-08-17
R0008588,O00156994,Quality issue,2025-12-19
R0008589,O00157013,Quality issue,2025-11-01
R0008590,O00157018,Changed mind,2025-09-12
R0008591,O00157022,Quality issue,2025-10-31
R0008592,O00157031,Size issue,2025-02-21
R0008593,O00157051,Size issue,2025-12-19
R0008594,O00157067,Damaged item,2024-06-15
R0008595,O00157072,Size issue,2025-08-08
R0008596,O00157079,Size issue,2025-04-01
R0008597,O00157093,Damaged item,2023-05-16
R0008598,O00157123,Damaged item,2024-08-06
R0008599,O00157152,Wrong item,2023-09-27
R0008600,O00157155,Quality issue,2024-04-25
R0008601,O00157171,Damaged item,2024-11-09
R0008602,O00157177,Quality issue,2025-10-16
R0008603,O00157227,Late delivery,2025-05-21
R0008604,O00157228,Changed mind,2025-07-21
R0008605,O00157258,Wrong item,2026-01-06
R0008606,O00157301,Late delivery,2025-11-20
R0008607,O00157329,Changed mind,2026-01-10
R0008608,O00157330,Wrong item,2025-05-19
R0008609,O00157346,Changed mind,2024-06-22
R0008610,O00157368,Late delivery,2024-07-14
R0008611,O00157405,Quality issue,2025-12-04
R0008612,O00157435,Quality issue,2025-09-06
R0008613,O00157438,Size issue,2023-07-22
R0008614,O00157452,Wrong item,2025-08-04
R0008615,O00157454,Wrong item,2025-12-28
R0008616,O00157467,Late delivery,2025-10-26
R0008617,O00157487,Quality issue,2025-12-28
R0008618,O00157505,Damaged item,2025-05-05
R0008619,O00157591,Damaged item,2024-01-06
R0008620,O00157596,Late delivery,2025-01-14
R0008621,O00157648,Quality issue,2025-11-15
R0008622,O00157658,Damaged item,2025-12-30
R0008623,O00157675,Late delivery,2024-01-08
R0008624,O00157682,Changed mind,2025-12-15
R0008625,O00157687,Damaged item,2024-09-06
R0008626,O00157697,Size issue,2025-08-16
R0008627,O00157709,Damaged item,2026-01-20
R0008628,O00157717,Changed mind,2024-12-17
R0008629,O00157719,Late delivery,2025-02-09
R0008630,O00157721,Changed mind,2025-05-29
R0008631,O00157734,Changed mind,2025-03-27
R0008632,O00157785,Size issue,2025-12-02
R0008633,O00157787,Size issue,2023-09-10
R0008634,O00157797,Wrong item,2025-07-13
R0008635,O00157835,Size issue,2025-10-14
R0008636,O00157842,Damaged item,2025-10-29
R0008637,O00157849,Damaged item,2023-08-16
R0008638,O00157854,Size issue,2025-06-01
R0008639,O00157858,Quality issue,2025-12-02
R0008640,O00157879,Damaged item,2023-12-29
R0008641,O00157905,Size issue,2026-01-04
R0008642,O00157909,Damaged item,2024-08-15
R0008643,O00157914,Damaged item,2024-05-04
R0008644,O00157957,Changed mind,2025-05-16
R0008645,O00157999,Quality issue,2024-08-20
R0008646,O00158005,Quality issue,2025-12-23
R0008647,O00158007,Size issue,2024-11-18
R0008648,O00158067,Quality issue,2024-01-02
R0008649,O00158095,Changed mind,2025-04-01
R0008650,O00158098,Damaged item,2025-10-25
R0008651,O00158120,Quality issue,2025-05-01
R0008652,O00158137,Damaged item,2025-12-12
R0008653,O00158157,Quality issue,2025-06-09
R0008654,O00158171,Quality issue,2025-11-15
R0008655,O00158195,Wrong item,2024-05-16
R0008656,O00158201,Damaged item,2024-10-14
R0008657,O00158205,Changed mind,2025-02-23
R0008658,O00158216,Late delivery,2024-09-29
R0008659,O00158225,Changed mind,2025-12-31
R0008660,O00158234,Quality issue,2025-07-01
R0008661,O00158244,Late delivery,2025-01-11
R0008662,O00158251,Damaged item,2024-12-31
R0008663,O00158413,Wrong item,2025-10-23
R0008664,O00158414,Size issue,2025-11-18
R0008665,O00158419,Changed mind,2025-12-11
R0008666,O00158433,Late delivery,2025-12-16
R0008667,O00158443,Quality issue,2026-01-05
R0008668,O00158460,Quality issue,2025-08-01
R0008669,O00158543,Size issue,2025-01-04
R0008670,O00158548,Damaged item,2025-07-19
R0008671,O00158552,Changed mind,2025-11-28
R0008672,O00158577,Changed mind,2026-01-08
R0008673,O00158585,Wrong item,2025-01-09
R0008674,O00158661,Wrong item,2025-04-29
R0008675,O00158709,Quality issue,2025-11-26
R0008676,O00158807,Quality issue,2025-11-01
R0008677,O00158816,Size issue,2025-11-22
R0008678,O00158818,Damaged item,2026-01-13
R0008679,O00158857,Damaged item,2023-12-29
R0008680,O00158861,Late delivery,2025-06-11
R0008681,O00158869,Damaged item,2024-09-28
R0008682,O00158899,Changed mind,2024-07-30
R0008683,O00158906,Size issue,2025-12-26
R0008684,O00158910,Quality issue,2024-02-24
R0008685,O00158932,Quality issue,2024-09-03
R0008686,O00158934,Quality issue,2025-12-05
R0008687,O00158941,Damaged item,2025-10-29
R0008688,O00158962,Quality issue,2025-07-13
R0008689,O00158983,Damaged item,2024-11-09
R0008690,O00158987,Damaged item,2025-05-24
R0008691,O00159000,Size issue,2025-12-17
R0008692,O00159037,Size issue,2025-12-10
R0008693,O00159048,Wrong item,2025-01-25
R0008694,O00159054,Late delivery,2024-08-11
R0008695,O00159055,Size issue,2025-10-11
R0008696,O00159088,Damaged item,2025-02-21
R0008697,O00159125,Late delivery,2025-08-02
R0008698,O00159145,Damaged item,2025-08-24
R0008699,O00159154,Damaged item,2024-09-05
R0008700,O00159187,Size issue,2024-06-20
R0008701,O00159191,Damaged item,2025-05-05
R0008702,O00159257,Wrong item,2026-01-01
R0008703,O00159272,Quality issue,2025-11-28
R0008704,O00159288,Damaged item,2025-07-08
R0008705,O00159316,Wrong item,2025-11-21
R0008706,O00159319,Damaged item,2025-07-17
R0008707,O00159323,Quality issue,2025-12-13
R0008708,O00159364,Damaged item,2025-04-22
R0008709,O00159365,Damaged item,2025-07-22
R0008710,O00159475,Wrong item,2025-11-25
R0008711,O00159531,Late delivery,2024-06-08
R0008712,O00159564,Changed mind,2025-10-24
R0008713,O00159567,Wrong item,2025-11-18
R0008714,O00159625,Changed mind,2024-03-06
R0008715,O00159645,Changed mind,2025-08-17
R0008716,O00159658,Quality issue,2023-10-23
R0008717,O00159682,Quality issue,2025-06-28
R0008718,O00159687,Quality issue,2023-06-27
R0008719,O00159689,Changed mind,2024-07-22
R0008720,O00159693,Damaged item,2023-12-07
R0008721,O00159706,Wrong item,2025-05-29
R0008722,O00159712,Damaged item,2025-09-07
R0008723,O00159747,Size issue,2025-06-09
R0008724,O00159787,Damaged item,2024-01-18
R0008725,O00159823,Quality issue,2025-04-27
R0008726,O00159844,Wrong item,2025-12-23
R0008727,O00159877,Damaged item,2025-05-05
R0008728,O00159887,Late delivery,2025-05-15
R0008729,O00159917,Changed mind,2025-08-07
R0008730,O00159923,Size issue,2025-09-07
R0008731,O00160011,Quality issue,2025-03-31
R0008732,O00160015,Size issue,2025-07-18
R0008733,O00160111,Late delivery,2025-11-09
R0008734,O00160114,Wrong item,2023-08-30
R0008735,O00160153,Damaged item,2025-09-08
R0008736,O00160157,Damaged item,2025-07-11
R0008737,O00160159,Wrong item,2025-10-08
R0008738,O00160171,Quality issue,2025-11-16
R0008739,O00160197,Damaged item,2023-04-13
R0008740,O00160204,Size issue,2023-09-01
R0008741,O00160236,Late delivery,2025-08-20
R0008742,O00160249,Wrong item,2025-11-07
R0008743,O00160264,Wrong item,2024-05-28
R0008744,O00160270,Wrong item,2025-03-05
R0008745,O00160272,Size issue,2025-09-24
R0008746,O00160284,Size issue,2024-09-06
R0008747,O00160285,Damaged item,2024-11-03
R0008748,O00160306,Late delivery,2025-08-05
R0008749,O00160321,Damaged item,2023-12-09
R0008750,O00160334,Quality issue,2024-09-27
R0008751,O00160346,Wrong item,2025-12-05
R0008752,O00160348,Wrong item,2025-10-20
R0008753,O00160351,Changed mind,2025-12-01
R0008754,O00160374,Damaged item,2025-06-25
R0008755,O00160382,Late delivery,2025-03-07
R0008756,O00160401,Late delivery,2025-06-09
R0008757,O00160410,Wrong item,2025-04-11
R0008758,O00160418,Wrong item,2025-12-13
R0008759,O00160462,Size issue,2024-11-11
R0008760,O00160466,Quality issue,2025-04-12
R0008761,O00160467,Wrong item,2025-05-03
R0008762,O00160469,Wrong item,2025-07-19
R0008763,O00160480,Changed mind,2025-07-28
R0008764,O00160523,Damaged item,2024-12-13
R0008765,O00160524,Late delivery,2025-04-07
R0008766,O00160529,Quality issue,2025-07-24
R0008767,O00160531,Quality issue,2025-08-10
R0008768,O00160536,Wrong item,2025-08-02
R0008769,O00160539,Late delivery,2025-09-08
R0008770,O00160558,Wrong item,2025-09-12
R0008771,O00160580,Changed mind,2024-05-26
R0008772,O00160605,Wrong item,2025-07-27
R0008773,O00160622,Late delivery,2024-12-22
R0008774,O00160652,Wrong item,2025-09-05
R0008775,O00160659,Damaged item,2025-11-10
R0008776,O00160669,Size issue,2024-02-10
R0008777,O00160682,Quality issue,2025-12-14
R0008778,O00160704,Quality issue,2023-08-31
R0008779,O00160719,Quality issue,2025-07-07
R0008780,O00160727,Size issue,2024-06-30
R0008781,O00160735,Late delivery,2025-03-06
R0008782,O00160743,Size issue,2025-09-26
R0008783,O00160789,Late delivery,2025-12-05
R0008784,O00160818,Wrong item,2025-01-20
R0008785,O00160825,Size issue,2025-10-10
R0008786,O00160828,Wrong item,2025-12-06
R0008787,O00160878,Late delivery,2026-01-16
R0008788,O00160880,Size issue,2025-08-05
R0008789,O00160882,Damaged item,2024-06-03
R0008790,O00160883,Quality issue,2024-07-22
R0008791,O00160938,Wrong item,2025-07-24
R0008792,O00160960,Late delivery,2025-12-03
R0008793,O00160975,Size issue,2025-06-25
R0008794,O00160979,Damaged item,2025-10-01
R0008795,O00161010,Size issue,2025-12-05
R0008796,O00161023,Changed mind,2025-06-12
R0008797,O00161064,Wrong item,2025-12-16
R0008798,O00161083,Wrong item,2024-05-14
R0008799,O00161115,Late delivery,2026-01-13
R0008800,O00161120,Size issue,2024-11-11
R0008801,O00161148,Damaged item,2025-05-14
R0008802,O00161167,Changed mind,2025-03-30
R0008803,O00161174,Wrong item,2025-12-02
R0008804,O00161191,Quality issue,2026-01-08
R0008805,O00161257,Changed mind,2025-10-15
R0008806,O00161292,Late delivery,2025-11-21
R0008807,O00161394,Quality issue,2025-11-12
R0008808,O00161403,Damaged item,2026-01-22
R0008809,O00161457,Size issue,2024-12-13
R0008810,O00161471,Size issue,2025-12-09
R0008811,O00161475,Wrong item,2023-09-05
R0008812,O00161534,Changed mind,2025-07-23
R0008813,O00161542,Size issue,2025-10-16
R0008814,O00161602,Quality issue,2024-10-09
R0008815,O00161635,Quality issue,2025-12-29
R0008816,O00161637,Late delivery,2026-01-03
R0008817,O00161639,Size issue,2025-08-21
R0008818,O00161658,Wrong item,2025-01-09
R0008819,O00161674,Quality issue,2025-12-05
R0008820,O00161685,Size issue,2024-08-12
R0008821,O00161698,Quality issue,2025-09-18
R0008822,O00161745,Late delivery,2025-12-26
R0008823,O00161794,Wrong item,2025-11-01
R0008824,O00161802,Changed mind,2025-07-05
R0008825,O00161833,Size issue,2023-09-23
R0008826,O00161836,Quality issue,2025-07-12
R0008827,O00161885,Size issue,2025-11-22
R0008828,O00161904,Wrong item,2024-06-04
R0008829,O00161930,Changed mind,2023-09-02
R0008830,O00161962,Wrong item,2023-12-24
R0008831,O00161987,Late delivery,2025-01-05
R0008832,O00161994,Quality issue,2025-12-07
R0008833,O00161997,Changed mind,2025-12-07
R0008834,O00162016,Size issue,2026-01-14
R0008835,O00162068,Size issue,2024-02-11
R0008836,O00162071,Damaged item,2024-11-20
R0008837,O00162141,Wrong item,2025-10-27
R0008838,O00162192,Changed mind,2025-11-27
R0008839,O00162203,Quality issue,2024-07-25
R0008840,O00162247,Quality issue,2023-12-18
R0008841,O00162255,Late delivery,2024-10-03
R0008842,O00162261,Damaged item,2025-09-06
R0008843,O00162264,Damaged item,2025-10-05
R0008844,O00162278,Wrong item,2024-01-15
R0008845,O00162305,Late delivery,2025-12-09
R0008846,O00162317,Quality issue,2024-11-13
R0008847,O00162338,Changed mind,2025-08-08
R0008848,O00162351,Late delivery,2024-06-04
R0008849,O00162353,Wrong item,2024-12-09
R0008850,O00162375,Late delivery,2024-08-12
R0008851,O00162392,Late delivery,2024-12-22
R0008852,O00162405,Quality issue,2026-01-28
R0008853,O00162436,Changed mind,2024-08-20
R0008854,O00162501,Damaged item,2025-11-05
R0008855,O00162512,Wrong item,2025-01-09
R0008856,O00162513,Size issue,2023-03-10
R0008857,O00162517,Damaged item,2024-05-27
R0008858,O00162563,Late delivery,2025-12-01
R0008859,O00162567,Damaged item,2023-12-30
R0008860,O00162609,Wrong item,2024-11-09
R0008861,O00162617,Late delivery,2025-01-12
R0008862,O00162638,Wrong item,2024-11-18
R0008863,O00162643,Quality issue,2024-12-30
R0008864,O00162647,Size issue,2025-10-19
R0008865,O00162659,Quality issue,2023-07-19
R0008866,O00162670,Quality issue,2025-01-10
R0008867,O00162690,Damaged item,2024-04-15
R0008868,O00162702,Damaged item,2024-03-10
R0008869,O00162721,Changed mind,2025-06-22
R0008870,O00162737,Late delivery,2025-09-05
R0008871,O00162756,Wrong item,2025-01-03
R0008872,O00162775,Quality issue,2024-03-17
R0008873,O00162825,Wrong item,2025-01-19
R0008874,O00162826,Late delivery,2024-11-10
R0008875,O00162835,Quality issue,2025-05-29
R0008876,O00162910,Wrong item,2025-06-21
R0008877,O00162912,Size issue,2025-12-11
R0008878,O00162916,Quality issue,2025-06-29
R0008879,O00162938,Wrong item,2025-04-15
R0008880,O00162942,Wrong item,2026-01-19
R0008881,O00162953,Size issue,2024-12-18
R0008882,O00162963,Late delivery,2026-01-06
R0008883,O00162969,Damaged item,2024-10-16
R0008884,O00162970,Damaged item,2024-11-28
R0008885,O00163006,Changed mind,2024-06-03
R0008886,O00163026,Size issue,2025-09-15
R0008887,O00163034,Wrong item,2025-12-08
R0008888,O00163047,Changed mind,2024-08-10
R0008889,O00163113,Quality issue,2025-11-09
R0008890,O00163121,Quality issue,2025-05-15
R0008891,O00163134,Changed mind,2025-10-11
R0008892,O00163143,Quality issue,2023-12-22
R0008893,O00163210,Size issue,2024-12-24
R0008894,O00163221,Late delivery,2025-04-08
R0008895,O00163311,Quality issue,2026-01-02
R0008896,O00163348,Damaged item,2025-04-08
R0008897,O00163450,Size issue,2025-04-26
R0008898,O00163474,Wrong item,2023-12-12
R0008899,O00163482,Changed mind,2025-03-16
R0008900,O00163483,Wrong item,2025-09-17
R0008901,O00163488,Quality issue,2025-09-22
R0008902,O00163508,Quality issue,2023-07-06
R0008903,O00163520,Quality issue,2025-11-28
R0008904,O00163527,Quality issue,2025-09-16
R0008905,O00163529,Changed mind,2025-11-13
R0008906,O00163543,Quality issue,2025-10-02
R0008907,O00163546,Damaged item,2025-10-14
R0008908,O00163569,Wrong item,2024-04-05
R0008909,O00163588,Late delivery,2024-12-03
R0008910,O00163593,Quality issue,2025-12-18
R0008911,O00163605,Size issue,2025-04-11
R0008912,O00163608,Quality issue,2024-12-15
R0008913,O00163636,Changed mind,2025-04-12
R0008914,O00163650,Size issue,2025-01-21
R0008915,O00163669,Quality issue,2024-09-03
R0008916,O00163685,Damaged item,2024-08-13
R0008917,O00163697,Size issue,2025-07-05
R0008918,O00163723,Wrong item,2025-05-08
R0008919,O00163733,Quality issue,2024-06-22
R0008920,O00163775,Wrong item,2024-08-19
R0008921,O00163790,Wrong item,2025-09-28
R0008922,O00163799,Size issue,2025-07-06
R0008923,O00163873,Quality issue,2024-06-11
R0008924,O00163878,Damaged item,2025-10-23
R0008925,O00163888,Damaged item,2024-09-28
R0008926,O00163895,Size issue,2025-11-21
R0008927,O00163911,Late delivery,2025-12-14
R0008928,O00163919,Size issue,2025-10-29
R0008929,O00163923,Damaged item,2026-01-23
R0008930,O00163950,Quality issue,2025-08-21
R0008931,O00163954,Size issue,2025-12-04
R0008932,O00164017,Size issue,2024-11-25
R0008933,O00164021,Damaged item,2023-09-05
R0008934,O00164027,Damaged item,2024-09-14
R0008935,O00164038,Changed mind,2025-05-15
R0008936,O00164052,Damaged item,2025-05-28
R0008937,O00164080,Wrong item,2026-01-29
R0008938,O00164084,Size issue,2024-10-23
R0008939,O00164088,Size issue,2025-05-10
R0008940,O00164106,Quality issue,2025-12-21
R0008941,O00164110,Damaged item,2025-12-17
R0008942,O00164113,Damaged item,2024-12-24
R0008943,O00164120,Wrong item,2025-07-03
R0008944,O00164137,Quality issue,2025-10-01
R0008945,O00164153,Changed mind,2024-11-26
R0008946,O00164162,Changed mind,2025-04-02
R0008947,O00164164,Quality issue,2025-08-04
R0008948,O00164168,Wrong item,2025-12-10
R0008949,O00164176,Damaged item,2025-09-29
R0008950,O00164180,Changed mind,2026-01-04
R0008951,O00164194,Quality issue,2024-10-19
R0008952,O00164220,Changed mind,2026-01-28
R0008953,O00164223,Quality issue,2025-11-16
R0008954,O00164228,Size issue,2025-10-13
R0008955,O00164260,Size issue,2024-08-10
R0008956,O00164277,Quality issue,2024-04-03
R0008957,O00164279,Wrong item,2025-09-10
R0008958,O00164288,Late delivery,2024-12-15
R0008959,O00164298,Changed mind,2025-04-18
R0008960,O00164306,Late delivery,2024-07-13
R0008961,O00164342,Changed mind,2025-08-27
R0008962,O00164358,Wrong item,2025-09-22
R0008963,O00164364,Late delivery,2023-11-12
R0008964,O00164378,Wrong item,2025-07-15
R0008965,O00164400,Damaged item,2025-06-03
R0008966,O00164403,Changed mind,2025-12-12
R0008967,O00164413,Changed mind,2025-09-09
R0008968,O00164435,Size issue,2025-01-31
R0008969,O00164457,Late delivery,2024-01-14
R0008970,O00164471,Quality issue,2025-07-26
R0008971,O00164496,Quality issue,2025-07-29
R0008972,O00164512,Quality issue,2025-11-29
R0008973,O00164552,Damaged item,2024-09-15
R0008974,O00164566,Changed mind,2026-01-17
R0008975,O00164576,Wrong item,2023-09-29
R0008976,O00164624,Wrong item,2025-01-05
R0008977,O00164674,Quality issue,2025-11-16
R0008978,O00164687,Size issue,2025-12-03
R0008979,O00164691,Late delivery,2024-12-10
R0008980,O00164731,Quality issue,2025-11-15
R0008981,O00164740,Late delivery,2024-02-27
R0008982,O00164752,Late delivery,2025-12-02
R0008983,O00164762,Size issue,2025-11-04
R0008984,O00164763,Damaged item,2025-11-23
R0008985,O00164767,Changed mind,2025-06-06
R0008986,O00164771,Late delivery,2026-01-24
R0008987,O00164775,Changed mind,2025-12-31
R0008988,O00164776,Quality issue,2023-12-07
R0008989,O00164780,Damaged item,2025-12-21
R0008990,O00164817,Wrong item,2024-07-09
R0008991,O00164855,Wrong item,2023-11-23
R0008992,O00164865,Damaged item,2023-12-06
R0008993,O00164885,Damaged item,2025-08-21
R0008994,O00164895,Size issue,2025-08-16
R0008995,O00164914,Quality issue,2025-05-17
R0008996,O00164920,Late delivery,2025-10-24
R0008997,O00164927,Late delivery,2024-06-26
R0008998,O00164928,Changed mind,2024-07-25
R0008999,O00164968,Wrong item,2025-03-13
R0009000,O00164975,Damaged item,2024-11-23
R0009001,O00164976,Wrong item,2025-08-03
R0009002,O00165000,Damaged item,2024-12-09
R0009003,O00165015,Damaged item,2024-12-05
R0009004,O00165022,Changed mind,2025-07-14
R0009005,O00165045,Size issue,2025-12-27
R0009006,O00165060,Size issue,2025-06-25
R0009007,O00165062,Quality issue,2025-07-25
R0009008,O00165077,Damaged item,2024-10-25
R0009009,O00165082,Changed mind,2023-12-19
R0009010,O00165096,Wrong item,2025-04-25
R0009011,O00165097,Size issue,2025-06-02
R0009012,O00165100,Late delivery,2025-10-30
R0009013,O00165131,Quality issue,2024-10-31
R0009014,O00165197,Late delivery,2025-08-30
R0009015,O00165200,Size issue,2025-05-03
R0009016,O00165215,Damaged item,2025-09-25
R0009017,O00165229,Wrong item,2025-11-17
R0009018,O00165231,Size issue,2025-11-28
R0009019,O00165233,Damaged item,2025-12-09
R0009020,O00165264,Size issue,2025-12-30
R0009021,O00165296,Quality issue,2025-09-21
R0009022,O00165299,Size issue,2026-01-11
R0009023,O00165307,Wrong item,2025-07-09
R0009024,O00165372,Wrong item,2023-08-15
R0009025,O00165378,Wrong item,2024-08-10
R0009026,O00165388,Quality issue,2024-02-22
R0009027,O00165415,Size issue,2025-08-03
R0009028,O00165433,Changed mind,2025-10-18
R0009029,O00165448,Changed mind,2025-12-04
R0009030,O00165468,Damaged item,2025-11-21
R0009031,O00165486,Late delivery,2025-06-11
R0009032,O00165516,Wrong item,2025-11-30
R0009033,O00165527,Late delivery,2025-09-15
R0009034,O00165533,Wrong item,2023-10-28
R0009035,O00165552,Changed mind,2025-06-25
R0009036,O00165554,Size issue,2025-11-22
R0009037,O00165562,Quality issue,2025-07-10
R0009038,O00165619,Changed mind,2024-05-29
R0009039,O00165675,Damaged item,2025-12-23
R0009040,O00165682,Quality issue,2024-09-02
R0009041,O00165683,Quality issue,2025-05-05
R0009042,O00165726,Quality issue,2024-11-17
R0009043,O00165744,Quality issue,2025-09-18
R0009044,O00165763,Damaged item,2025-06-01
R0009045,O00165780,Size issue,2025-10-18
R0009046,O00165806,Quality issue,2025-04-23
R0009047,O00165820,Damaged item,2025-10-05
R0009048,O00165827,Changed mind,2025-06-04
R0009049,O00165850,Changed mind,2025-02-02
R0009050,O00165881,Late delivery,2024-12-20
R0009051,O00165887,Size issue,2024-06-04
R0009052,O00165892,Quality issue,2026-01-16
R0009053,O00165923,Changed mind,2025-11-27
R0009054,O00165939,Changed mind,2024-11-02
R0009055,O00165953,Late delivery,2023-11-19
R0009056,O00165984,Quality issue,2024-06-20
R0009057,O00165998,Size issue,2025-12-03
R0009058,O00166012,Changed mind,2024-08-24
R0009059,O00166084,Late delivery,2025-03-16
R0009060,O00166096,Damaged item,2025-05-12
R0009061,O00166108,Late delivery,2025-04-20
R0009062,O00166135,Changed mind,2024-07-24
R0009063,O00166136,Quality issue,2025-06-08
R0009064,O00166161,Damaged item,2025-03-15
R0009065,O00166164,Late delivery,2025-11-09
R0009066,O00166167,Late delivery,2024-01-10
R0009067,O00166185,Wrong item,2024-07-29
R0009068,O00166204,Changed mind,2024-12-29
R0009069,O00166266,Late delivery,2025-05-19
R0009070,O00166280,Damaged item,2024-09-04
R0009071,O00166306,Size issue,2024-01-19
R0009072,O00166367,Size issue,2025-12-29
R0009073,O00166421,Quality issue,2025-10-11
R0009074,O00166424,Wrong item,2026-01-26
R0009075,O00166435,Changed mind,2024-09-10
R0009076,O00166439,Size issue,2025-12-09
R0009077,O00166444,Quality issue,2025-10-17
R0009078,O00166449,Changed mind,2025-09-01
R0009079,O00166456,Wrong item,2025-04-19
R0009080,O00166472,Wrong item,2024-07-21
R0009081,O00166536,Quality issue,2024-08-20
R0009082,O00166544,Size issue,2025-12-10
R0009083,O00166549,Size issue,2025-04-12
R0009084,O00166567,Wrong item,2025-07-05
R0009085,O00166570,Damaged item,2025-08-27
R0009086,O00166586,Late delivery,2025-05-16
R0009087,O00166597,Changed mind,2023-04-26
R0009088,O00166598,Damaged item,2023-05-02
R0009089,O00166599,Size issue,2023-07-07
R0009090,O00166602,Damaged item,2023-12-11
R0009091,O00166631,Size issue,2023-09-16
R0009092,O00166634,Late delivery,2025-07-09
R0009093,O00166654,Changed mind,2024-06-02
R0009094,O00166667,Wrong item,2025-05-18
R0009095,O00166699,Late delivery,2026-01-11
R0009096,O00166719,Changed mind,2026-01-16
R0009097,O00166758,Size issue,2024-03-18
R0009098,O00166760,Size issue,2024-06-27
R0009099,O00166772,Quality issue,2025-09-10
R0009100,O00166815,Quality issue,2025-07-13
R0009101,O00166822,Size issue,2025-10-15
R0009102,O00166876,Damaged item,2025-11-29
R0009103,O00166903,Changed mind,2024-08-17
R0009104,O00166904,Wrong item,2024-08-24
R0009105,O00166910,Late delivery,2026-01-05
R0009106,O00166915,Quality issue,2025-02-20
R0009107,O00166925,Damaged item,2024-12-18
R0009108,O00166947,Quality issue,2025-03-16
R0009109,O00166953,Quality issue,2023-06-01
R0009110,O00166963,Changed mind,2025-09-10
R0009111,O00166989,Damaged item,2023-05-04
R0009112,O00167066,Wrong item,2024-11-18
R0009113,O00167068,Late delivery,2025-07-11
R0009114,O00167071,Size issue,2025-12-30
R0009115,O00167080,Wrong item,2025-04-13
R0009116,O00167170,Size issue,2025-12-25
R0009117,O00167193,Size issue,2026-01-18
R0009118,O00167200,Quality issue,2025-12-29
R0009119,O00167207,Size issue,2026-01-09
R0009120,O00167214,Quality issue,2025-01-27
R0009121,O00167221,Quality issue,2023-12-17
R0009122,O00167235,Late delivery,2025-11-05
R0009123,O00167271,Size issue,2024-08-23
R0009124,O00167288,Size issue,2025-06-25
R0009125,O00167289,Late delivery,2025-09-20
R0009126,O00167290,Late delivery,2025-11-30
R0009127,O00167299,Late delivery,2025-02-25
R0009128,O00167372,Late delivery,2026-01-13
R0009129,O00167383,Damaged item,2026-01-05
R0009130,O00167387,Late delivery,2025-06-26
R0009131,O00167417,Wrong item,2025-05-18
R0009132,O00167442,Quality issue,2025-05-25
R0009133,O00167449,Quality issue,2026-01-30
R0009134,O00167465,Changed mind,2025-11-20
R0009135,O00167495,Quality issue,2024-06-09
R0009136,O00167501,Late delivery,2023-10-10
R0009137,O00167502,Quality issue,2024-08-08
R0009138,O00167518,Damaged item,2023-12-05
R0009139,O00167557,Quality issue,2025-12-27
R0009140,O00167589,Late delivery,2025-12-10
R0009141,O00167591,Wrong item,2023-04-30
R0009142,O00167592,Quality issue,2023-10-27
R0009143,O00167604,Quality issue,2026-01-24
R0009144,O00167613,Quality issue,2025-09-27
R0009145,O00167624,Damaged item,2025-06-01
R0009146,O00167625,Size issue,2025-06-15
R0009147,O00167634,Damaged item,2026-01-05
R0009148,O00167642,Late delivery,2025-05-28
R0009149,O00167659,Wrong item,2025-11-03
R0009150,O00167672,Changed mind,2026-01-25
R0009151,O00167673,Size issue,2023-03-07
R0009152,O00167693,Late delivery,2025-04-09
R0009153,O00167702,Size issue,2025-07-06
R0009154,O00167749,Quality issue,2025-03-30
R0009155,O00167759,Size issue,2024-08-09
R0009156,O00167765,Quality issue,2025-12-06
R0009157,O00167801,Damaged item,2025-05-02
R0009158,O00167820,Quality issue,2025-10-19
R0009159,O00167836,Quality issue,2025-10-06
R0009160,O00167848,Size issue,2025-09-29
R0009161,O00167865,Wrong item,2025-11-11
R0009162,O00167887,Size issue,2024-03-16
R0009163,O00167910,Changed mind,2024-04-28
R0009164,O00167919,Wrong item,2025-06-26
R0009165,O00167940,Size issue,2025-05-04
R0009166,O00167955,Damaged item,2024-10-14
R0009167,O00167969,Wrong item,2024-10-22
R0009168,O00168002,Size issue,2025-08-08
R0009169,O00168025,Quality issue,2026-01-05
R0009170,O00168036,Quality issue,2025-12-09
R0009171,O00168069,Late delivery,2025-03-31
R0009172,O00168087,Size issue,2025-03-26
R0009173,O00168124,Damaged item,2025-06-05
R0009174,O00168143,Size issue,2025-12-19
R0009175,O00168153,Damaged item,2025-02-15
R0009176,O00168161,Quality issue,2023-09-18
R0009177,O00168254,Quality issue,2025-01-02
R0009178,O00168258,Quality issue,2025-12-24
R0009179,O00168277,Size issue,2025-12-05
R0009180,O00168294,Wrong item,2024-04-02
R0009181,O00168305,Changed mind,2023-09-06
R0009182,O00168311,Quality issue,2024-06-14
R0009183,O00168317,Wrong item,2025-10-04
R0009184,O00168318,Changed mind,2025-11-20
R0009185,O00168331,Quality issue,2025-07-28
R0009186,O00168384,Changed mind,2023-03-10
R0009187,O00168385,Wrong item,2024-09-07
R0009188,O00168458,Changed mind,2025-07-21
R0009189,O00168470,Quality issue,2024-07-14
R0009190,O00168490,Damaged item,2025-09-09
R0009191,O00168506,Quality issue,2025-11-23
R0009192,O00168515,Late delivery,2025-12-16
R0009193,O00168589,Damaged item,2023-12-01
R0009194,O00168632,Size issue,2023-04-26
R0009195,O00168677,Late delivery,2025-06-02
R0009196,O00168678,Late delivery,2025-09-28
R0009197,O00168719,Late delivery,2024-12-26
R0009198,O00168730,Size issue,2025-06-26
R0009199,O00168790,Changed mind,2024-07-27
R0009200,O00168814,Late delivery,2025-11-27
R0009201,O00168827,Size issue,2025-04-10
R0009202,O00168828,Quality issue,2025-12-24
R0009203,O00168836,Quality issue,2024-11-14
R0009204,O00168861,Quality issue,2024-08-28
R0009205,O00168864,Quality issue,2025-09-03
R0009206,O00168876,Damaged item,2025-10-08
R0009207,O00168890,Damaged item,2025-10-04
R0009208,O00168891,Late delivery,2025-10-24
R0009209,O00168893,Wrong item,2025-11-03
R0009210,O00168894,Changed mind,2025-12-07
R0009211,O00168898,Wrong item,2025-10-14
R0009212,O00168899,Late delivery,2025-12-17
R0009213,O00168900,Damaged item,2025-12-05
R0009214,O00168935,Late delivery,2024-04-25
R0009215,O00168996,Wrong item,2025-11-26
R0009216,O00169000,Size issue,2025-12-31
R0009217,O00169016,Damaged item,2023-08-18
R0009218,O00169022,Quality issue,2024-08-20
R0009219,O00169023,Damaged item,2024-11-10
R0009220,O00169026,Quality issue,2025-04-17
R0009221,O00169039,Damaged item,2025-10-15
R0009222,O00169047,Damaged item,2025-05-15
R0009223,O00169049,Late delivery,2025-07-06
R0009224,O00169050,Size issue,2025-11-06
R0009225,O00169056,Size issue,2026-01-25
R0009226,O00169070,Damaged item,2025-08-26
R0009227,O00169088,Changed mind,2024-09-05
R0009228,O00169130,Late delivery,2026-01-04
R0009229,O00169140,Quality issue,2025-08-27
R0009230,O00169163,Quality issue,2024-11-09
R0009231,O00169170,Wrong item,2025-09-14
R0009232,O00169171,Wrong item,2025-09-19
R0009233,O00169196,Wrong item,2025-09-22
R0009234,O00169223,Quality issue,2025-12-22
R0009235,O00169225,Damaged item,2026-01-04
R0009236,O00169238,Changed mind,2025-12-11
R0009237,O00169247,Changed mind,2024-10-09
R0009238,O00169255,Wrong item,2024-10-16
R0009239,O00169270,Late delivery,2025-06-15
R0009240,O00169294,Wrong item,2023-06-21
R0009241,O00169300,Late delivery,2025-02-18
R0009242,O00169301,Damaged item,2025-07-03
R0009243,O00169302,Late delivery,2025-11-01
R0009244,O00169309,Changed mind,2024-07-23
R0009245,O00169315,Wrong item,2025-09-28
R0009246,O00169321,Quality issue,2025-11-03
R0009247,O00169331,Damaged item,2025-10-16
R0009248,O00169338,Wrong item,2024-06-08
R0009249,O00169363,Wrong item,2025-08-13
R0009250,O00169366,Size issue,2025-12-26
R0009251,O00169395,Damaged item,2025-12-01
R0009252,O00169427,Damaged item,2024-06-07
R0009253,O00169442,Quality issue,2025-03-31
R0009254,O00169456,Size issue,2025-07-27
R0009255,O00169467,Changed mind,2025-11-05
R0009256,O00169469,Damaged item,2025-12-30
R0009257,O00169475,Damaged item,2025-07-22
R0009258,O00169482,Size issue,2026-01-10
R0009259,O00169497,Damaged item,2026-01-13
R0009260,O00169527,Quality issue,2025-01-16
R0009261,O00169573,Quality issue,2026-01-04
R0009262,O00169574,Wrong item,2025-12-28
R0009263,O00169580,Late delivery,2026-01-12
R0009264,O00169590,Wrong item,2025-11-19
R0009265,O00169594,Size issue,2025-12-03
R0009266,O00169602,Wrong item,2025-10-24
R0009267,O00169649,Damaged item,2024-08-02
R0009268,O00169653,Late delivery,2025-06-04
R0009269,O00169758,Size issue,2025-10-01
R0009270,O00169811,Late delivery,2025-08-11
R0009271,O00169814,Wrong item,2025-10-23
R0009272,O00169821,Late delivery,2025-12-28
R0009273,O00169875,Damaged item,2025-10-30
R0009274,O00169884,Wrong item,2024-12-29
R0009275,O00169901,Size issue,2025-11-09
R0009276,O00169903,Size issue,2025-12-12
R0009277,O00169915,Changed mind,2026-01-11
R0009278,O00169922,Size issue,2025-05-28
R0009279,O00169930,Wrong item,2024-02-18
R0009280,O00169939,Size issue,2025-09-23
R0009281,O00169977,Late delivery,2025-12-27
R0009282,O00169979,Late delivery,2026-01-07
R0009283,O00169983,Late delivery,2025-10-08
R0009284,O00169987,Wrong item,2026-01-16
R0009285,O00170002,Changed mind,2024-08-14
R0009286,O00170018,Quality issue,2023-08-09
R0009287,O00170040,Wrong item,2024-06-23
R0009288,O00170049,Wrong item,2025-02-21
R0009289,O00170073,Damaged item,2024-11-04
R0009290,O00170147,Late delivery,2025-10-17
R0009291,O00170152,Wrong item,2023-05-18
R0009292,O00170163,Late delivery,2024-01-05
R0009293,O00170223,Late delivery,2025-08-28
R0009294,O00170229,Changed mind,2025-11-12
R0009295,O00170246,Wrong item,2023-11-01
R0009296,O00170250,Quality issue,2024-11-21
R0009297,O00170264,Damaged item,2026-01-05
R0009298,O00170294,Damaged item,2023-09-03
R0009299,O00170295,Damaged item,2025-01-11
R0009300,O00170326,Late delivery,2025-04-23
R0009301,O00170327,Size issue,2025-06-30
R0009302,O00170328,Damaged item,2025-09-05
R0009303,O00170335,Size issue,2025-04-28
R0009304,O00170359,Wrong item,2025-02-09
R0009305,O00170367,Changed mind,2024-05-14
R0009306,O00170369,Late delivery,2024-06-15
R0009307,O00170377,Wrong item,2025-07-31
R0009308,O00170388,Changed mind,2025-09-16
R0009309,O00170395,Changed mind,2025-09-02
R0009310,O00170432,Wrong item,2024-07-20
R0009311,O00170437,Wrong item,2025-05-06
R0009312,O00170443,Changed mind,2025-11-16
R0009313,O00170455,Size issue,2026-01-13
R0009314,O00170472,Late delivery,2025-11-19
R0009315,O00170516,Late delivery,2025-12-24
R0009316,O00170519,Wrong item,2026-01-10
R0009317,O00170530,Damaged item,2023-11-11
R0009318,O00170534,Damaged item,2024-06-12
R0009319,O00170576,Changed mind,2025-10-29
R0009320,O00170579,Late delivery,2024-08-30
R0009321,O00170613,Damaged item,2025-08-18
R0009322,O00170618,Size issue,2025-12-11
R0009323,O00170630,Quality issue,2025-12-05
R0009324,O00170641,Size issue,2025-04-02
R0009325,O00170646,Changed mind,2025-10-21
R0009326,O00170655,Wrong item,2026-01-26
R0009327,O00170660,Quality issue,2024-05-30
R0009328,O00170662,Quality issue,2025-06-06
R0009329,O00170705,Wrong item,2025-03-25
R0009330,O00170754,Late delivery,2024-11-28
R0009331,O00170847,Wrong item,2025-07-06
R0009332,O00170859,Damaged item,2025-12-25
R0009333,O00170883,Changed mind,2025-12-04
R0009334,O00170894,Wrong item,2025-10-15
R0009335,O00170903,Size issue,2025-11-19
R0009336,O00170913,Damaged item,2025-09-18
R0009337,O00170932,Changed mind,2025-12-23
R0009338,O00170995,Wrong item,2026-01-09
R0009339,O00170996,Late delivery,2024-10-29
R0009340,O00171008,Late delivery,2024-01-21
R0009341,O00171010,Size issue,2024-03-09
R0009342,O00171056,Size issue,2026-01-09
R0009343,O00171076,Changed mind,2025-12-19
R0009344,O00171102,Late delivery,2023-09-10
R0009345,O00171115,Wrong item,2025-12-25
R0009346,O00171154,Changed mind,2025-06-07
R0009347,O00171157,Damaged item,2025-07-20
R0009348,O00171158,Changed mind,2023-10-10
R0009349,O00171177,Damaged item,2025-03-01
R0009350,O00171184,Damaged item,2024-02-04
R0009351,O00171268,Changed mind,2025-05-20
R0009352,O00171287,Quality issue,2026-01-25
R0009353,O00171331,Damaged item,2025-06-10
R0009354,O00171337,Damaged item,2023-04-16
R0009355,O00171384,Damaged item,2025-02-15
R0009356,O00171412,Late delivery,2025-10-08
R0009357,O00171449,Late delivery,2025-07-17
R0009358,O00171463,Late delivery,2023-12-07
R0009359,O00171536,Wrong item,2025-12-26
R0009360,O00171562,Damaged item,2025-07-09
R0009361,O00171586,Changed mind,2025-05-25
R0009362,O00171629,Damaged item,2025-07-02
R0009363,O00171644,Late delivery,2025-12-03
R0009364,O00171653,Changed mind,2025-05-05
R0009365,O00171668,Changed mind,2024-12-12
R0009366,O00171669,Damaged item,2025-02-04
R0009367,O00171691,Quality issue,2024-08-30
R0009368,O00171717,Quality issue,2025-03-21
R0009369,O00171737,Size issue,2025-11-06
R0009370,O00171750,Changed mind,2025-04-10
R0009371,O00171761,Quality issue,2025-10-19
R0009372,O00171769,Late delivery,2025-12-08
R0009373,O00171771,Quality issue,2025-12-28
R0009374,O00171781,Quality issue,2025-06-03
R0009375,O00171803,Damaged item,2025-10-23
R0009376,O00171888,Wrong item,2025-10-21
R0009377,O00171892,Size issue,2025-12-07
R0009378,O00171925,Quality issue,2025-12-21
R0009379,O00171936,Late delivery,2025-10-06
R0009380,O00171937,Size issue,2025-10-16
R0009381,O00171950,Size issue,2024-01-01
R0009382,O00171992,Quality issue,2025-02-18
R0009383,O00171998,Damaged item,2025-05-06
R0009384,O00172002,Size issue,2025-10-02
R0009385,O00172005,Wrong item,2025-12-04
R0009386,O00172009,Damaged item,2025-09-03
R0009387,O00172095,Changed mind,2025-10-22
R0009388,O00172123,Late delivery,2024-09-18
R0009389,O00172157,Damaged item,2025-05-10
R0009390,O00172166,Quality issue,2025-12-29
R0009391,O00172192,Size issue,2025-10-16
R0009392,O00172211,Wrong item,2024-11-24
R0009393,O00172236,Changed mind,2025-12-10
R0009394,O00172245,Wrong item,2025-11-20
R0009395,O00172246,Size issue,2026-01-01
R0009396,O00172258,Wrong item,2025-12-12
R0009397,O00172267,Changed mind,2025-12-03
R0009398,O00172283,Damaged item,2024-06-09
R0009399,O00172289,Size issue,2024-12-07
R0009400,O00172317,Quality issue,2025-07-15
R0009401,O00172321,Damaged item,2025-01-21
R0009402,O00172327,Quality issue,2025-07-14
R0009403,O00172331,Late delivery,2024-10-21
R0009404,O00172336,Changed mind,2025-03-30
R0009405,O00172361,Changed mind,2025-12-29
R0009406,O00172366,Late delivery,2024-11-23
R0009407,O00172377,Size issue,2024-08-24
R0009408,O00172398,Changed mind,2025-07-16
R0009409,O00172443,Damaged item,2024-11-12
R0009410,O00172450,Size issue,2024-06-13
R0009411,O00172539,Late delivery,2026-01-04
R0009412,O00172540,Size issue,2026-01-17
R0009413,O00172571,Wrong item,2025-04-28
R0009414,O00172579,Size issue,2025-04-17
R0009415,O00172614,Quality issue,2025-06-12
R0009416,O00172642,Changed mind,2025-08-11
R0009417,O00172657,Wrong item,2024-06-12
R0009418,O00172660,Size issue,2025-01-25
R0009419,O00172685,Wrong item,2025-11-14
R0009420,O00172777,Size issue,2024-10-05
R0009421,O00172793,Quality issue,2024-08-01
R0009422,O00172812,Late delivery,2024-11-08
R0009423,O00172833,Quality issue,2023-06-28
R0009424,O00172852,Changed mind,2025-12-14
R0009425,O00172871,Size issue,2025-11-28
R0009426,O00172875,Size issue,2025-10-12
R0009427,O00172887,Damaged item,2025-02-18
R0009428,O00172896,Wrong item,2024-07-31
R0009429,O00172903,Quality issue,2025-12-13
R0009430,O00172918,Size issue,2026-01-03
R0009431,O00172956,Wrong item,2025-10-04
R0009432,O00172958,Quality issue,2025-11-08
R0009433,O00172976,Size issue,2023-12-28
R0009434,O00172989,Damaged item,2024-11-21
R0009435,O00173007,Damaged item,2025-11-20
R0009436,O00173014,Size issue,2026-01-07
R0009437,O00173025,Quality issue,2025-12-29
R0009438,O00173035,Wrong item,2024-10-03
R0009439,O00173073,Quality issue,2023-12-02
R0009440,O00173081,Size issue,2024-04-28
R0009441,O00173099,Size issue,2025-06-13
R0009442,O00173118,Size issue,2023-11-26
R0009443,O00173130,Late delivery,2024-02-24
R0009444,O00173175,Damaged item,2023-10-04
R0009445,O00173182,Changed mind,2024-06-18
R0009446,O00173198,Quality issue,2025-12-27
R0009447,O00173200,Wrong item,2025-07-23
R0009448,O00173233,Size issue,2025-09-18
R0009449,O00173248,Damaged item,2024-06-19
R0009450,O00173272,Size issue,2025-03-09
R0009451,O00173274,Late delivery,2025-09-07
R0009452,O00173287,Quality issue,2023-10-09
R0009453,O00173327,Quality issue,2025-09-19
R0009454,O00173329,Changed mind,2025-12-20
R0009455,O00173365,Late delivery,2025-12-05
R0009456,O00173372,Wrong item,2024-11-24
R0009457,O00173387,Wrong item,2023-05-22
R0009458,O00173408,Late delivery,2025-04-30
R0009459,O00173436,Damaged item,2025-10-10
R0009460,O00173472,Quality issue,2024-01-02
R0009461,O00173493,Late delivery,2025-07-05
R0009462,O00173496,Quality issue,2025-09-18
R0009463,O00173578,Wrong item,2026-01-03
R0009464,O00173586,Wrong item,2025-05-09
R0009465,O00173590,Size issue,2026-01-03
R0009466,O00173610,Late delivery,2024-10-05
R0009467,O00173666,Changed mind,2024-11-25
R0009468,O00173667,Size issue,2025-03-01
R0009469,O00173675,Quality issue,2025-10-16
R0009470,O00173683,Damaged item,2024-01-17
R0009471,O00173746,Quality issue,2025-11-28
R0009472,O00173763,Quality issue,2024-07-25
R0009473,O00173770,Size issue,2025-12-12
R0009474,O00173772,Size issue,2025-03-27
R0009475,O00173786,Quality issue,2025-01-05
R0009476,O00173792,Size issue,2024-07-28
R0009477,O00173802,Wrong item,2023-07-09
R0009478,O00173807,Quality issue,2024-01-06
R0009479,O00173838,Size issue,2026-01-03
R0009480,O00173854,Quality issue,2025-03-27
R0009481,O00173880,Quality issue,2025-12-19
R0009482,O00173898,Quality issue,2024-06-08
R0009483,O00173900,Changed mind,2024-07-12
R0009484,O00173903,Late delivery,2024-12-01
R0009485,O00173937,Wrong item,2025-11-16
R0009486,O00173970,Wrong item,2023-12-05
R0009487,O00173987,Changed mind,2025-12-31
R0009488,O00174007,Damaged item,2024-12-06
R0009489,O00174012,Changed mind,2024-12-21
R0009490,O00174020,Wrong item,2025-11-15
R0009491,O00174032,Quality issue,2024-11-20
R0009492,O00174038,Damaged item,2023-07-06
R0009493,O00174101,Size issue,2024-11-25
R0009494,O00174245,Wrong item,2025-04-13
R0009495,O00174249,Damaged item,2024-12-12
R0009496,O00174256,Wrong item,2025-01-20
R0009497,O00174281,Late delivery,2025-06-16
R0009498,O00174301,Wrong item,2025-04-28
R0009499,O00174326,Changed mind,2024-10-22
R0009500,O00174350,Late delivery,2025-11-22
R0009501,O00174355,Quality issue,2025-05-25
R0009502,O00174364,Wrong item,2025-10-27
R0009503,O00174383,Late delivery,2025-05-23
R0009504,O00174387,Late delivery,2025-12-03
R0009505,O00174413,Size issue,2024-10-28
R0009506,O00174417,Size issue,2025-02-14
R0009507,O00174445,Size issue,2024-08-01
R0009508,O00174448,Quality issue,2024-08-18
R0009509,O00174452,Size issue,2024-11-23
R0009510,O00174460,Wrong item,2025-05-18
R0009511,O00174472,Changed mind,2024-02-04
R0009512,O00174480,Quality issue,2024-10-17
R0009513,O00174550,Quality issue,2023-03-23
R0009514,O00174575,Damaged item,2025-08-06
R0009515,O00174590,Late delivery,2024-11-08
R0009516,O00174606,Damaged item,2025-03-29
R0009517,O00174621,Changed mind,2025-07-24
R0009518,O00174622,Quality issue,2025-07-30
R0009519,O00174624,Quality issue,2025-10-11
R0009520,O00174659,Quality issue,2025-11-03
R0009521,O00174666,Late delivery,2026-01-20
R0009522,O00174671,Late delivery,2023-08-01
R0009523,O00174687,Late delivery,2025-02-10
R0009524,O00174692,Size issue,2025-09-19
R0009525,O00174768,Damaged item,2023-08-29
R0009526,O00174813,Quality issue,2025-05-11
R0009527,O00174836,Damaged item,2025-11-04
R0009528,O00174843,Changed mind,2025-01-06
R0009529,O00174938,Late delivery,2025-11-14
R0009530,O00174940,Damaged item,2025-11-12
R0009531,O00174950,Damaged item,2025-12-23
R0009532,O00174958,Changed mind,2023-07-17
R0009533,O00174974,Quality issue,2025-12-08
R0009534,O00174982,Quality issue,2025-02-23
R0009535,O00174994,Quality issue,2025-07-26
R0009536,O00174996,Late delivery,2025-09-27
R0009537,O00175009,Changed mind,2025-09-04
R0009538,O00175028,Late delivery,2025-08-13
R0009539,O00175048,Late delivery,2025-09-18
R0009540,O00175052,Damaged item,2025-10-31
R0009541,O00175064,Late delivery,2023-03-22
R0009542,O00175072,Late delivery,2025-08-08
R0009543,O00175074,Size issue,2025-10-20
R0009544,O00175141,Wrong item,2025-08-21
R0009545,O00175155,Changed mind,2025-11-26
R0009546,O00175159,Damaged item,2024-11-17
R0009547,O00175181,Changed mind,2025-06-17
R0009548,O00175192,Changed mind,2024-09-04
R0009549,O00175206,Size issue,2025-03-29
R0009550,O00175209,Quality issue,2025-12-17
R0009551,O00175220,Late delivery,2025-11-11
R0009552,O00175227,Quality issue,2025-12-10
R0009553,O00175230,Changed mind,2025-12-21
R0009554,O00175269,Size issue,2024-10-30
R0009555,O00175331,Damaged item,2025-11-13
R0009556,O00175352,Size issue,2025-01-23
R0009557,O00175361,Damaged item,2023-04-10
R0009558,O00175375,Wrong item,2025-04-25
R0009559,O00175448,Changed mind,2025-02-14
R0009560,O00175451,Late delivery,2024-10-08
R0009561,O00175503,Damaged item,2024-09-03
R0009562,O00175506,Changed mind,2025-09-14
R0009563,O00175528,Size issue,2024-12-10
R0009564,O00175557,Size issue,2025-06-20
R0009565,O00175576,Late delivery,2025-12-03
R0009566,O00175614,Damaged item,2025-07-05
R0009567,O00175631,Quality issue,2025-09-26
R0009568,O00175701,Quality issue,2023-03-12
R0009569,O00175736,Wrong item,2024-11-27
R0009570,O00175745,Damaged item,2025-05-03
R0009571,O00175751,Size issue,2026-01-04
R0009572,O00175760,Size issue,2024-09-03
R0009573,O00175761,Damaged item,2024-09-29
R0009574,O00175775,Quality issue,2025-11-07
R0009575,O00175797,Damaged item,2026-01-04
R0009576,O00175822,Damaged item,2025-07-18
R0009577,O00175855,Quality issue,2025-06-21
R0009578,O00175875,Damaged item,2024-10-05
R0009579,O00175889,Damaged item,2024-12-17
R0009580,O00175924,Wrong item,2023-12-17
R0009581,O00175931,Quality issue,2026-01-08
R0009582,O00175932,Changed mind,2025-12-24
R0009583,O00175951,Size issue,2023-11-18
R0009584,O00175957,Damaged item,2023-04-13
R0009585,O00175987,Quality issue,2026-01-18
R0009586,O00176031,Wrong item,2025-11-09
R0009587,O00176060,Size issue,2026-01-01
R0009588,O00176062,Quality issue,2025-06-26
R0009589,O00176064,Size issue,2025-08-08
R0009590,O00176073,Wrong item,2025-11-16
R0009591,O00176081,Wrong item,2024-10-30
R0009592,O00176083,Changed mind,2025-01-29
R0009593,O00176089,Changed mind,2025-08-30
R0009594,O00176131,Changed mind,2025-12-23
R0009595,O00176141,Quality issue,2024-07-12
R0009596,O00176152,Late delivery,2025-02-20
R0009597,O00176161,Quality issue,2025-07-01
R0009598,O00176227,Wrong item,2025-07-24
R0009599,O00176255,Size issue,2026-01-02
R0009600,O00176274,Damaged item,2024-09-08
R0009601,O00176298,Damaged item,2025-11-19
R0009602,O00176302,Wrong item,2026-01-05
R0009603,O00176318,Wrong item,2025-07-12
R0009604,O00176339,Wrong item,2025-01-20
R0009605,O00176341,Damaged item,2025-02-21
R0009606,O00176346,Changed mind,2026-01-22
R0009607,O00176376,Size issue,2023-02-24
R0009608,O00176382,Wrong item,2024-01-16
R0009609,O00176403,Quality issue,2023-11-26
R0009610,O00176412,Size issue,2024-03-18
R0009611,O00176449,Changed mind,2025-07-08
R0009612,O00176462,Late delivery,2025-10-22
R0009613,O00176469,Late delivery,2024-09-14
R0009614,O00176471,Damaged item,2025-04-03
R0009615,O00176472,Changed mind,2023-11-12
R0009616,O00176478,Wrong item,2024-08-01
R0009617,O00176486,Changed mind,2025-09-08
R0009618,O00176500,Damaged item,2025-12-13
R0009619,O00176540,Wrong item,2024-08-14
R0009620,O00176546,Wrong item,2025-10-05
R0009621,O00176557,Changed mind,2025-02-24
R0009622,O00176564,Size issue,2023-12-25
R0009623,O00176605,Quality issue,2025-08-05
R0009624,O00176619,Quality issue,2025-12-20
R0009625,O00176628,Size issue,2026-01-07
R0009626,O00176630,Late delivery,2025-11-03
R0009627,O00176642,Wrong item,2025-11-23
R0009628,O00176647,Size issue,2023-06-23
R0009629,O00176672,Quality issue,2026-01-19
R0009630,O00176687,Wrong item,2025-11-06
R0009631,O00176702,Quality issue,2024-07-26
R0009632,O00176755,Wrong item,2025-08-02
R0009633,O00176759,Wrong item,2025-06-14
R0009634,O00176773,Size issue,2023-07-17
R0009635,O00176790,Quality issue,2023-10-28
R0009636,O00176799,Late delivery,2024-11-26
R0009637,O00176828,Changed mind,2024-11-23
R0009638,O00176847,Wrong item,2025-07-15
R0009639,O00176852,Quality issue,2024-12-24
R0009640,O00176859,Damaged item,2025-12-31
R0009641,O00176872,Changed mind,2024-06-13
R0009642,O00176875,Wrong item,2025-10-28
R0009643,O00176881,Damaged item,2025-12-14
R0009644,O00176904,Changed mind,2025-03-05
R0009645,O00176918,Changed mind,2025-12-09
R0009646,O00176956,Damaged item,2025-01-11
R0009647,O00176987,Late delivery,2023-12-28
R0009648,O00177000,Wrong item,2024-09-25
R0009649,O00177001,Changed mind,2024-11-02
R0009650,O00177027,Quality issue,2025-07-24
R0009651,O00177059,Damaged item,2024-10-15
R0009652,O00177070,Damaged item,2025-12-24
R0009653,O00177086,Size issue,2025-11-20
R0009654,O00177090,Late delivery,2024-04-07
R0009655,O00177097,Quality issue,2025-02-20
R0009656,O00177098,Late delivery,2025-06-16
R0009657,O00177119,Late delivery,2025-12-29
R0009658,O00177166,Late delivery,2025-10-22
R0009659,O00177177,Size issue,2025-07-29
R0009660,O00177229,Damaged item,2024-10-21
R0009661,O00177237,Quality issue,2026-01-12
R0009662,O00177245,Changed mind,2025-11-25
R0009663,O00177336,Late delivery,2025-09-05
R0009664,O00177340,Size issue,2025-09-28
R0009665,O00177350,Changed mind,2025-12-10
R0009666,O00177361,Quality issue,2025-03-05
R0009667,O00177371,Size issue,2023-12-31
R0009668,O00177395,Quality issue,2025-07-10
R0009669,O00177399,Wrong item,2024-01-04
R0009670,O00177401,Late delivery,2024-07-20
R0009671,O00177403,Changed mind,2025-01-31
R0009672,O00177408,Changed mind,2025-06-09
R0009673,O00177420,Wrong item,2025-12-18
R0009674,O00177441,Changed mind,2025-02-15
R0009675,O00177469,Changed mind,2025-11-17
R0009676,O00177522,Quality issue,2025-12-30
R0009677,O00177581,Damaged item,2025-07-03
R0009678,O00177598,Late delivery,2025-04-15
R0009679,O00177613,Changed mind,2025-07-04
R0009680,O00177634,Quality issue,2024-12-10
R0009681,O00177675,Late delivery,2025-08-26
R0009682,O00177685,Damaged item,2025-05-12
R0009683,O00177717,Wrong item,2025-01-04
R0009684,O00177742,Quality issue,2023-06-30
R0009685,O00177744,Quality issue,2023-12-13
R0009686,O00177758,Quality issue,2025-07-27
R0009687,O00177767,Wrong item,2026-01-02
R0009688,O00177807,Wrong item,2025-01-10
R0009689,O00177837,Changed mind,2023-12-29
R0009690,O00177884,Wrong item,2026-01-16
R0009691,O00177915,Quality issue,2024-12-23
R0009692,O00177955,Wrong item,2025-10-20
R0009693,O00177962,Quality issue,2025-06-03
R0009694,O00177981,Changed mind,2025-08-30
R0009695,O00177990,Wrong item,2025-03-08
R0009696,O00177991,Wrong item,2025-04-02
R0009697,O00178006,Late delivery,2025-12-11
R0009698,O00178008,Quality issue,2023-12-05
R0009699,O00178020,Quality issue,2024-07-14
R0009700,O00178069,Quality issue,2025-07-18
R0009701,O00178076,Late delivery,2025-12-13
R0009702,O00178094,Quality issue,2026-01-22
R0009703,O00178104,Size issue,2024-08-05
R0009704,O00178115,Quality issue,2025-11-27
R0009705,O00178131,Late delivery,2025-07-05
R0009706,O00178132,Damaged item,2025-09-22
R0009707,O00178142,Late delivery,2025-10-08
R0009708,O00178146,Wrong item,2024-05-06
R0009709,O00178175,Quality issue,2025-12-12
R0009710,O00178197,Wrong item,2024-06-23
R0009711,O00178202,Changed mind,2024-01-10
R0009712,O00178211,Quality issue,2025-08-02
R0009713,O00178217,Size issue,2023-10-04
R0009714,O00178247,Damaged item,2025-11-25
R0009715,O00178299,Quality issue,2024-01-16
R0009716,O00178300,Damaged item,2024-02-28
R0009717,O00178313,Wrong item,2025-06-24
R0009718,O00178318,Late delivery,2025-01-29
R0009719,O00178334,Wrong item,2025-03-29
R0009720,O00178401,Damaged item,2025-12-04
R0009721,O00178402,Quality issue,2024-06-17
R0009722,O00178415,Damaged item,2025-10-16
R0009723,O00178424,Quality issue,2025-06-23
R0009724,O00178425,Late delivery,2025-10-26
R0009725,O00178431,Wrong item,2025-04-22
R0009726,O00178450,Size issue,2025-06-24
R0009727,O00178464,Size issue,2025-07-18
R0009728,O00178466,Wrong item,2026-01-14
R0009729,O00178479,Quality issue,2025-08-26
R0009730,O00178480,Size issue,2025-12-22
R0009731,O00178500,Changed mind,2025-08-05
R0009732,O00178515,Late delivery,2026-01-05
R0009733,O00178545,Late delivery,2024-06-18
R0009734,O00178553,Wrong item,2025-06-05
R0009735,O00178573,Wrong item,2024-10-10
R0009736,O00178587,Wrong item,2024-12-28
R0009737,O00178600,Changed mind,2024-01-15
R0009738,O00178618,Wrong item,2024-12-06
R0009739,O00178625,Changed mind,2025-02-25
R0009740,O00178638,Size issue,2025-11-28
R0009741,O00178640,Wrong item,2025-02-02
R0009742,O00178645,Size issue,2024-03-08
R0009743,O00178649,Quality issue,2024-12-19
R0009744,O00178655,Wrong item,2025-09-19
R0009745,O00178679,Changed mind,2023-07-29
R0009746,O00178726,Damaged item,2025-11-24
R0009747,O00178727,Damaged item,2025-11-10
R0009748,O00178738,Size issue,2025-06-03
R0009749,O00178778,Changed mind,2025-02-24
R0009750,O00178787,Quality issue,2025-06-10
R0009751,O00178805,Quality issue,2024-02-14
R0009752,O00178817,Changed mind,2025-06-26
R0009753,O00178822,Size issue,2025-07-03
R0009754,O00178826,Quality issue,2025-11-06
R0009755,O00178827,Wrong item,2024-07-03
R0009756,O00178842,Late delivery,2025-11-29
R0009757,O00178862,Quality issue,2025-05-02
R0009758,O00178876,Wrong item,2023-07-01
R0009759,O00178884,Quality issue,2024-02-12
R0009760,O00178923,Quality issue,2026-01-28
R0009761,O00178955,Size issue,2025-11-22
R0009762,O00178992,Quality issue,2023-12-10
R0009763,O00179006,Size issue,2025-01-13
R0009764,O00179038,Size issue,2025-06-02
R0009765,O00179053,Quality issue,2024-10-12
R0009766,O00179068,Size issue,2025-05-31
R0009767,O00179085,Quality issue,2025-07-09
R0009768,O00179101,Damaged item,2024-12-16
R0009769,O00179105,Damaged item,2025-01-10
R0009770,O00179112,Wrong item,2025-09-20
R0009771,O00179115,Quality issue,2025-11-30
R0009772,O00179122,Wrong item,2023-07-13
R0009773,O00179150,Damaged item,2024-10-13
R0009774,O00179169,Wrong item,2025-06-11
R0009775,O00179170,Damaged item,2025-06-28
R0009776,O00179177,Wrong item,2025-10-16
R0009777,O00179183,Wrong item,2025-03-07
R0009778,O00179217,Size issue,2025-12-18
R0009779,O00179222,Wrong item,2025-12-31
R0009780,O00179241,Wrong item,2025-02-10
R0009781,O00179250,Size issue,2024-03-24
R0009782,O00179256,Late delivery,2023-10-05
R0009783,O00179263,Size issue,2024-03-30
R0009784,O00179281,Wrong item,2025-11-18
R0009785,O00179309,Size issue,2026-01-07
R0009786,O00179339,Quality issue,2025-01-23
R0009787,O00179345,Size issue,2025-08-08
R0009788,O00179364,Damaged item,2025-09-20
R0009789,O00179393,Wrong item,2024-01-03
R0009790,O00179533,Size issue,2024-05-27
R0009791,O00179568,Size issue,2024-01-10
R0009792,O00179592,Late delivery,2025-01-15
R0009793,O00179594,Changed mind,2025-09-27
R0009794,O00179614,Quality issue,2024-07-20
R0009795,O00179655,Size issue,2025-06-17
R0009796,O00179696,Size issue,2025-12-21
R0009797,O00179735,Quality issue,2025-12-14
R0009798,O00179751,Changed mind,2025-11-14
R0009799,O00179756,Wrong item,2026-01-09
R0009800,O00179801,Changed mind,2025-05-03
R0009801,O00179814,Wrong item,2024-12-23
R0009802,O00179847,Wrong item,2025-02-20
R0009803,O00179851,Wrong item,2025-03-29
R0009804,O00179856,Size issue,2025-05-06
R0009805,O00179906,Damaged item,2025-10-12
R0009806,O00179965,Late delivery,2025-07-19
R0009807,O00179973,Wrong item,2024-01-20
R0009808,O00179999,Quality issue,2025-11-17
R0009809,O00180003,Wrong item,2025-05-28
R0009810,O00180008,Size issue,2025-10-08
R0009811,O00180018,Damaged item,2024-12-12
R0009812,O00180022,Size issue,2025-06-03
R0009813,O00180027,Wrong item,2025-11-14
R0009814,O00180041,Quality issue,2025-02-17
R0009815,O00180064,Wrong item,2025-06-19
R0009816,O00180082,Changed mind,2025-07-20
R0009817,O00180115,Size issue,2024-09-19
R0009818,O00180128,Changed mind,2026-01-04
R0009819,O00180141,Changed mind,2025-10-16
R0009820,O00180168,Changed mind,2026-01-02
R0009821,O00180208,Quality issue,2024-07-02
R0009822,O00180211,Damaged item,2025-01-09
R0009823,O00180218,Size issue,2024-11-25
R0009824,O00180251,Quality issue,2024-01-25
R0009825,O00180259,Damaged item,2025-03-17
R0009826,O00180270,Wrong item,2026-01-05
R0009827,O00180276,Quality issue,2023-12-07
R0009828,O00180294,Size issue,2026-01-18
R0009829,O00180295,Quality issue,2025-12-08
R0009830,O00180307,Size issue,2025-12-19
R0009831,O00180338,Damaged item,2025-12-27
R0009832,O00180343,Quality issue,2024-10-19
R0009833,O00180347,Size issue,2025-01-05
R0009834,O00180398,Size issue,2025-06-24
R0009835,O00180419,Quality issue,2025-12-07
R0009836,O00180420,Wrong item,2025-12-22
R0009837,O00180427,Changed mind,2024-09-27
R0009838,O00180460,Damaged item,2025-12-14
R0009839,O00180465,Damaged item,2025-10-06
R0009840,O00180470,Size issue,2025-11-23
R0009841,O00180474,Wrong item,2024-04-11
R0009842,O00180476,Late delivery,2025-01-02
R0009843,O00180481,Size issue,2025-03-20
R0009844,O00180513,Wrong item,2025-01-03
R0009845,O00180530,Late delivery,2023-03-02
R0009846,O00180533,Late delivery,2025-07-14
R0009847,O00180535,Quality issue,2025-09-30
R0009848,O00180569,Quality issue,2025-12-24
R0009849,O00180602,Size issue,2025-12-04
R0009850,O00180614,Quality issue,2024-12-12
R0009851,O00180615,Wrong item,2025-02-18
R0009852,O00180662,Changed mind,2025-06-03
R0009853,O00180694,Size issue,2024-12-27
R0009854,O00180697,Size issue,2025-01-03
R0009855,O00180704,Size issue,2025-12-12
R0009856,O00180713,Size issue,2023-09-02
R0009857,O00180723,Wrong item,2024-06-18
R0009858,O00180733,Size issue,2025-12-16
R0009859,O00180737,Changed mind,2025-12-17
R0009860,O00180782,Wrong item,2025-07-18
R0009861,O00180790,Late delivery,2025-11-17
R0009862,O00180809,Quality issue,2025-04-14
R0009863,O00180839,Late delivery,2025-10-13
R0009864,O00180869,Size issue,2024-12-31
R0009865,O00180901,Changed mind,2025-08-03
R0009866,O00180929,Quality issue,2025-01-23
R0009867,O00180936,Late delivery,2025-04-14
R0009868,O00180959,Late delivery,2024-12-16
R0009869,O00180970,Size issue,2025-12-01
R0009870,O00180976,Damaged item,2025-08-16
R0009871,O00180980,Size issue,2024-06-10
R0009872,O00181000,Size issue,2026-01-02
R0009873,O00181019,Size issue,2025-12-11
R0009874,O00181031,Wrong item,2025-12-11
R0009875,O00181032,Wrong item,2025-09-20
R0009876,O00181042,Wrong item,2025-12-23
R0009877,O00181043,Damaged item,2025-08-21
R0009878,O00181054,Changed mind,2025-09-17
R0009879,O00181089,Wrong item,2023-12-26
R0009880,O00181166,Wrong item,2025-08-20
R0009881,O00181182,Late delivery,2026-01-18
R0009882,O00181193,Damaged item,2025-12-09
R0009883,O00181199,Damaged item,2025-10-15
R0009884,O00181219,Damaged item,2025-04-19
R0009885,O00181221,Size issue,2025-05-01
R0009886,O00181235,Late delivery,2024-04-12
R0009887,O00181256,Size issue,2025-08-15
R0009888,O00181269,Late delivery,2025-07-20
R0009889,O00181308,Quality issue,2025-03-03
R0009890,O00181309,Size issue,2025-04-08
R0009891,O00181326,Late delivery,2025-11-18
R0009892,O00181332,Damaged item,2023-11-06
R0009893,O00181338,Size issue,2025-07-29
R0009894,O00181339,Damaged item,2025-09-18
R0009895,O00181357,Size issue,2025-10-09
R0009896,O00181365,Changed mind,2024-02-13
R0009897,O00181387,Quality issue,2025-11-13
R0009898,O00181424,Damaged item,2025-10-04
R0009899,O00181437,Late delivery,2025-07-19
R0009900,O00181442,Quality issue,2025-08-06
R0009901,O00181458,Damaged item,2025-06-15
R0009902,O00181496,Quality issue,2025-07-15
R0009903,O00181546,Late delivery,2025-12-13
R0009904,O00181548,Wrong item,2024-12-18
R0009905,O00181571,Wrong item,2025-12-07
R0009906,O00181573,Quality issue,2026-01-16
R0009907,O00181580,Wrong item,2024-11-03
R0009908,O00181618,Size issue,2026-01-08
R0009909,O00181620,Quality issue,2025-09-22
R0009910,O00181637,Wrong item,2025-12-26
R0009911,O00181657,Changed mind,2024-10-14
R0009912,O00181668,Size issue,2025-12-26
R0009913,O00181697,Changed mind,2025-01-03
R0009914,O00181704,Wrong item,2025-07-25
R0009915,O00181708,Size issue,2025-11-30
R0009916,O00181718,Quality issue,2025-09-15
R0009917,O00181810,Late delivery,2024-02-29
R0009918,O00181814,Quality issue,2025-12-11
R0009919,O00181824,Size issue,2024-07-30
R0009920,O00181872,Quality issue,2024-10-01
R0009921,O00181876,Late delivery,2025-10-19
R0009922,O00181908,Wrong item,2025-09-09
R0009923,O00181920,Quality issue,2025-12-29
R0009924,O00181922,Changed mind,2023-11-13
R0009925,O00181923,Damaged item,2024-07-11
R0009926,O00181937,Quality issue,2024-10-05
R0009927,O00181939,Late delivery,2024-12-18
R0009928,O00181950,Changed mind,2025-06-02
R0009929,O00181957,Late delivery,2025-06-09
R0009930,O00181992,Late delivery,2025-11-11
R0009931,O00182004,Damaged item,2025-12-11
R0009932,O00182006,Quality issue,2025-09-25
R0009933,O00182022,Late delivery,2025-01-10
R0009934,O00182057,Wrong item,2025-12-02
R0009935,O00182058,Wrong item,2024-12-08
R0009936,O00182116,Size issue,2025-06-17
R0009937,O00182137,Damaged item,2025-09-15
R0009938,O00182138,Size issue,2025-09-24
R0009939,O00182167,Wrong item,2024-12-23
R0009940,O00182168,Wrong item,2025-01-23
R0009941,O00182175,Quality issue,2025-03-27
R0009942,O00182190,Late delivery,2025-08-23
R0009943,O00182211,Damaged item,2025-11-04
R0009944,O00182245,Damaged item,2025-12-06
R0009945,O00182262,Damaged item,2023-12-26
R0009946,O00182284,Changed mind,2023-12-01
R0009947,O00182313,Quality issue,2026-01-10
R0009948,O00182328,Changed mind,2024-10-17
R0009949,O00182329,Damaged item,2025-03-18
R0009950,O00182344,Quality issue,2025-07-24
R0009951,O00182424,Quality issue,2024-04-03
R0009952,O00182459,Quality issue,2025-01-13
R0009953,O00182461,Changed mind,2025-11-03
R0009954,O00182475,Quality issue,2025-06-17
R0009955,O00182505,Changed mind,2026-01-28
R0009956,O00182515,Wrong item,2025-11-23
R0009957,O00182530,Wrong item,2025-06-26
R0009958,O00182547,Size issue,2025-10-07
R0009959,O00182557,Quality issue,2024-11-24
R0009960,O00182561,Wrong item,2023-08-07
R0009961,O00182571,Quality issue,2023-11-11
R0009962,O00182573,Size issue,2023-12-31
R0009963,O00182586,Wrong item,2025-05-18
R0009964,O00182610,Quality issue,2025-05-07
R0009965,O00182620,Changed mind,2025-12-15
R0009966,O00182628,Changed mind,2023-11-18
R0009967,O00182641,Damaged item,2025-11-06
R0009968,O00182653,Size issue,2025-08-10
R0009969,O00182665,Changed mind,2025-12-01
R0009970,O00182671,Damaged item,2025-12-10
R0009971,O00182686,Size issue,2024-07-05
R0009972,O00182692,Quality issue,2023-07-25
R0009973,O00182698,Wrong item,2025-08-04
R0009974,O00182711,Quality issue,2026-01-14
R0009975,O00182713,Quality issue,2024-10-31
R0009976,O00182748,Size issue,2025-11-14
R0009977,O00182751,Late delivery,2025-11-23
R0009978,O00182752,Wrong item,2026-01-03
R0009979,O00182795,Damaged item,2025-10-05
R0009980,O00182804,Late delivery,2025-11-21
R0009981,O00182826,Changed mind,2025-05-07
R0009982,O00182832,Late delivery,2025-12-30
R0009983,O00182847,Quality issue,2024-07-29
R0009984,O00182874,Damaged item,2025-05-23
R0009985,O00182883,Late delivery,2025-12-02
R0009986,O00182887,Wrong item,2025-09-28
R0009987,O00182893,Size issue,2025-01-29
R0009988,O00182894,Changed mind,2025-01-13
R0009989,O00182902,Changed mind,2025-12-29
R0009990,O00183075,Changed mind,2025-06-23
R0009991,O00183079,Quality issue,2025-07-31
R0009992,O00183080,Late delivery,2025-08-07
R0009993,O00183086,Damaged item,2025-11-15
R0009994,O00183113,Changed mind,2024-12-04
R0009995,O00183124,Quality issue,2025-12-07
R0009996,O00183178,Size issue,2025-12-26
R0009997,O00183190,Quality issue,2025-11-27
R0009998,O00183229,Damaged item,2023-06-03
R0009999,O00183260,Size issue,2025-10-13
R0010000,O00183279,Size issue,2024-11-14
R0010001,O00183305,Size issue,2025-05-21
R0010002,O00183324,Size issue,2025-01-16
R0010003,O00183325,Damaged item,2025-01-19
R0010004,O00183345,Late delivery,2025-04-29
R0010005,O00183347,Changed mind,2023-05-17
R0010006,O00183376,Changed mind,2025-11-18
R0010007,O00183400,Changed mind,2025-11-28
R0010008,O00183408,Changed mind,2025-03-09
R0010009,O00183445,Damaged item,2025-08-04
R0010010,O00183494,Quality issue,2024-07-07
R0010011,O00183501,Wrong item,2025-05-17
R0010012,O00183510,Damaged item,2025-11-24
R0010013,O00183520,Late delivery,2025-06-18
R0010014,O00183525,Quality issue,2026-01-20
R0010015,O00183533,Changed mind,2025-09-14
R0010016,O00183534,Wrong item,2025-10-14
R0010017,O00183552,Quality issue,2024-07-18
R0010018,O00183554,Changed mind,2024-08-30
R0010019,O00183610,Changed mind,2024-05-12
R0010020,O00183672,Damaged item,2025-10-16
R0010021,O00183677,Size issue,2025-08-13
R0010022,O00183703,Size issue,2025-01-09
R0010023,O00183742,Size issue,2025-09-23
R0010024,O00183751,Changed mind,2025-06-04
R0010025,O00183773,Damaged item,2025-06-05
R0010026,O00183787,Damaged item,2025-12-15
R0010027,O00183795,Size issue,2025-02-11
R0010028,O00183806,Quality issue,2026-01-11
R0010029,O00183834,Wrong item,2025-06-01
R0010030,O00183860,Quality issue,2025-07-24
R0010031,O00183868,Quality issue,2026-01-04
R0010032,O00183898,Wrong item,2025-04-11
R0010033,O00183906,Damaged item,2023-12-25
R0010034,O00183936,Size issue,2025-10-24
R0010035,O00183962,Quality issue,2025-09-15
R0010036,O00184014,Quality issue,2024-06-12
R0010037,O00184019,Size issue,2025-07-30
R0010038,O00184021,Wrong item,2025-12-28
R0010039,O00184048,Damaged item,2025-12-30
R0010040,O00184053,Changed mind,2025-12-20
R0010041,O00184057,Size issue,2025-12-12
R0010042,O00184060,Quality issue,2025-10-14
R0010043,O00184114,Changed mind,2025-06-23
R0010044,O00184148,Damaged item,2025-04-02
R0010045,O00184155,Late delivery,2025-12-21
R0010046,O00184191,Changed mind,2026-01-02
R0010047,O00184227,Size issue,2025-12-25
R0010048,O00184252,Quality issue,2023-10-17
R0010049,O00184290,Damaged item,2025-11-29
R0010050,O00184297,Quality issue,2024-10-29
R0010051,O00184306,Size issue,2023-06-10
R0010052,O00184309,Late delivery,2025-11-10
R0010053,O00184326,Quality issue,2025-11-09
R0010054,O00184338,Damaged item,2025-05-30
R0010055,O00184347,Quality issue,2025-03-29
R0010056,O00184364,Wrong item,2025-12-02
R0010057,O00184384,Quality issue,2025-09-04
R0010058,O00184387,Quality issue,2025-10-28
R0010059,O00184400,Wrong item,2025-07-21
R0010060,O00184418,Late delivery,2025-01-10
R0010061,O00184428,Late delivery,2025-11-01
R0010062,O00184432,Changed mind,2025-12-11
R0010063,O00184434,Size issue,2026-01-14
R0010064,O00184441,Damaged item,2025-03-17
R0010065,O00184446,Size issue,2024-04-19
R0010066,O00184463,Late delivery,2025-08-13
R0010067,O00184470,Late delivery,2025-09-22
R0010068,O00184519,Damaged item,2025-10-08
R0010069,O00184524,Size issue,2025-08-17
R0010070,O00184560,Size issue,2024-10-14
R0010071,O00184565,Late delivery,2026-01-17
R0010072,O00184597,Wrong item,2023-09-14
R0010073,O00184600,Changed mind,2024-01-20
R0010074,O00184615,Quality issue,2024-09-21
R0010075,O00184624,Damaged item,2025-04-24
R0010076,O00184641,Quality issue,2025-12-30
R0010077,O00184655,Changed mind,2026-01-06
R0010078,O00184687,Late delivery,2025-05-14
R0010079,O00184698,Size issue,2025-07-02
R0010080,O00184729,Wrong item,2026-01-09
R0010081,O00184762,Wrong item,2025-09-05
R0010082,O00184777,Size issue,2024-12-31
R0010083,O00184806,Quality issue,2025-03-26
R0010084,O00184822,Wrong item,2025-04-29
R0010085,O00184865,Size issue,2025-01-22
R0010086,O00184880,Quality issue,2025-10-23
R0010087,O00184882,Wrong item,2025-07-15
R0010088,O00184883,Quality issue,2024-02-07
R0010089,O00184895,Damaged item,2024-12-14
R0010090,O00184897,Changed mind,2025-03-05
R0010091,O00184899,Late delivery,2025-08-04
R0010092,O00184900,Quality issue,2025-08-26
R0010093,O00184906,Size issue,2024-09-19
R0010094,O00184907,Damaged item,2023-09-13
R0010095,O00184913,Damaged item,2025-11-24
R0010096,O00184933,Quality issue,2024-02-20
R0010097,O00184939,Size issue,2026-01-05
R0010098,O00184943,Quality issue,2025-12-15
R0010099,O00184944,Size issue,2026-01-09
R0010100,O00184956,Damaged item,2023-09-23
R0010101,O00184974,Changed mind,2024-12-19
R0010102,O00184990,Size issue,2023-12-28
R0010103,O00185013,Late delivery,2023-08-29
R0010104,O00185022,Damaged item,2023-09-21
R0010105,O00185028,Damaged item,2024-11-13
R0010106,O00185029,Late delivery,2024-12-18
R0010107,O00185050,Damaged item,2024-11-22
R0010108,O00185104,Changed mind,2025-12-09
R0010109,O00185106,Changed mind,2025-12-28
R0010110,O00185128,Wrong item,2026-01-20
R0010111,O00185134,Damaged item,2025-03-27
R0010112,O00185174,Wrong item,2025-09-01
R0010113,O00185184,Damaged item,2024-02-23
R0010114,O00185199,Size issue,2023-10-28
R0010115,O00185215,Late delivery,2025-10-08
R0010116,O00185268,Late delivery,2025-08-18
R0010117,O00185271,Wrong item,2023-10-20
R0010118,O00185273,Size issue,2024-01-11
R0010119,O00185274,Damaged item,2024-02-10
R0010120,O00185325,Quality issue,2024-11-09
R0010121,O00185332,Damaged item,2025-01-05
R0010122,O00185349,Size issue,2025-01-02
R0010123,O00185378,Size issue,2025-12-24
R0010124,O00185424,Quality issue,2025-03-19
R0010125,O00185433,Quality issue,2026-01-03
R0010126,O00185436,Quality issue,2025-11-11
R0010127,O00185448,Wrong item,2025-11-19
R0010128,O00185450,Late delivery,2025-10-26
R0010129,O00185459,Size issue,2025-12-16
R0010130,O00185467,Damaged item,2024-05-10
R0010131,O00185479,Damaged item,2025-12-24
R0010132,O00185504,Wrong item,2023-08-29
R0010133,O00185540,Late delivery,2024-02-26
R0010134,O00185599,Damaged item,2025-01-05
R0010135,O00185608,Changed mind,2025-07-28
R0010136,O00185619,Changed mind,2024-11-25
R0010137,O00185633,Changed mind,2024-04-28
R0010138,O00185642,Size issue,2025-01-07
R0010139,O00185697,Changed mind,2025-11-30
R0010140,O00185716,Late delivery,2025-03-09
R0010141,O00185721,Late delivery,2025-09-26
R0010142,O00185750,Late delivery,2025-11-09
R0010143,O00185797,Quality issue,2025-07-24
R0010144,O00185801,Damaged item,2024-10-11
R0010145,O00185823,Quality issue,2025-12-19
R0010146,O00185832,Size issue,2023-09-26
R0010147,O00185857,Wrong item,2024-07-03
R0010148,O00185900,Damaged item,2025-04-30
R0010149,O00185924,Late delivery,2024-12-15
R0010150,O00185926,Wrong item,2025-01-14
R0010151,O00185994,Late delivery,2025-02-27
R0010152,O00186005,Damaged item,2025-10-05
R0010153,O00186016,Damaged item,2024-09-13
R0010154,O00186032,Late delivery,2024-01-12
R0010155,O00186042,Quality issue,2023-10-04
R0010156,O00186071,Late delivery,2024-09-03
R0010157,O00186075,Late delivery,2026-01-11
R0010158,O00186080,Size issue,2024-07-22
R0010159,O00186090,Size issue,2025-07-24
R0010160,O00186104,Damaged item,2025-12-05
R0010161,O00186119,Changed mind,2025-12-04
R0010162,O00186125,Wrong item,2024-10-11
R0010163,O00186128,Damaged item,2023-08-09
R0010164,O00186147,Damaged item,2025-02-14
R0010165,O00186155,Size issue,2025-04-04
R0010166,O00186180,Wrong item,2025-11-15
R0010167,O00186182,Quality issue,2025-06-01
R0010168,O00186198,Late delivery,2024-09-21
R0010169,O00186204,Damaged item,2025-08-01
R0010170,O00186228,Late delivery,2023-08-23
R0010171,O00186268,Changed mind,2025-01-28
R0010172,O00186291,Quality issue,2024-07-18
R0010173,O00186326,Size issue,2026-01-25
R0010174,O00186387,Damaged item,2024-06-21
R0010175,O00186417,Quality issue,2025-12-09
R0010176,O00186440,Quality issue,2024-12-22
R0010177,O00186446,Changed mind,2025-07-14
R0010178,O00186460,Late delivery,2025-02-09
R0010179,O00186470,Late delivery,2024-08-04
R0010180,O00186500,Size issue,2025-03-31
R0010181,O00186512,Quality issue,2024-07-05
R0010182,O00186544,Wrong item,2024-11-18
R0010183,O00186564,Quality issue,2024-03-26
R0010184,O00186578,Changed mind,2025-06-18
R0010185,O00186590,Quality issue,2026-01-16
R0010186,O00186591,Late delivery,2026-01-10
R0010187,O00186606,Wrong item,2024-10-15
R0010188,O00186611,Damaged item,2025-10-07
R0010189,O00186630,Size issue,2026-01-10
R0010190,O00186640,Late delivery,2024-11-02
R0010191,O00186648,Damaged item,2023-12-11
R0010192,O00186653,Size issue,2024-06-18
R0010193,O00186689,Late delivery,2025-09-09
R0010194,O00186697,Quality issue,2023-07-19
R0010195,O00186723,Late delivery,2025-12-05
R0010196,O00186769,Wrong item,2025-05-13
R0010197,O00186775,Changed mind,2025-11-19
R0010198,O00186785,Changed mind,2026-01-08
R0010199,O00186788,Quality issue,2025-09-13
R0010200,O00186906,Late delivery,2024-11-16
R0010201,O00186974,Damaged item,2025-12-22
R0010202,O00186987,Late delivery,2024-11-12
R0010203,O00186999,Quality issue,2025-01-03
R0010204,O00187007,Size issue,2025-10-26
R0010205,O00187017,Quality issue,2025-09-28
R0010206,O00187020,Damaged item,2024-12-25
R0010207,O00187028,Quality issue,2025-02-18
R0010208,O00187043,Damaged item,2025-11-21
R0010209,O00187054,Wrong item,2024-11-29
R0010210,O00187060,Size issue,2025-10-12
R0010211,O00187067,Damaged item,2025-11-09
R0010212,O00187076,Damaged item,2025-07-29
R0010213,O00187088,Quality issue,2024-11-19
R0010214,O00187101,Late delivery,2025-11-12
R0010215,O00187110,Quality issue,2025-10-23
R0010216,O00187148,Damaged item,2025-03-17
R0010217,O00187195,Changed mind,2025-09-09
R0010218,O00187199,Wrong item,2025-10-12
R0010219,O00187203,Wrong item,2025-11-21
R0010220,O00187220,Late delivery,2025-11-23
R0010221,O00187247,Quality issue,2024-10-22
R0010222,O00187248,Changed mind,2024-12-11
R0010223,O00187260,Late delivery,2025-10-20
R0010224,O00187296,Changed mind,2026-01-08
R0010225,O00187299,Damaged item,2025-12-12
R0010226,O00187328,Damaged item,2025-11-29
R0010227,O00187338,Size issue,2024-05-26
R0010228,O00187361,Size issue,2025-09-26
R0010229,O00187376,Quality issue,2025-08-09
R0010230,O00187383,Damaged item,2025-09-27
R0010231,O00187408,Size issue,2025-11-27
R0010232,O00187434,Late delivery,2025-10-07
R0010233,O00187442,Size issue,2025-01-26
R0010234,O00187446,Damaged item,2025-01-08
R0010235,O00187470,Changed mind,2024-10-05
R0010236,O00187471,Changed mind,2024-09-26
R0010237,O00187489,Quality issue,2025-08-03
R0010238,O00187498,Damaged item,2025-12-07
R0010239,O00187508,Wrong item,2025-10-21
R0010240,O00187527,Late delivery,2025-01-05
R0010241,O00187533,Damaged item,2025-11-27
R0010242,O00187545,Changed mind,2025-09-14
R0010243,O00187555,Quality issue,2025-11-05
R0010244,O00187572,Quality issue,2025-07-06
R0010245,O00187639,Late delivery,2025-07-16
R0010246,O00187644,Quality issue,2025-09-14
R0010247,O00187682,Wrong item,2025-12-31
R0010248,O00187684,Late delivery,2026-01-02
R0010249,O00187691,Quality issue,2025-07-14
R0010250,O00187694,Size issue,2024-12-25
R0010251,O00187718,Changed mind,2025-08-15
R0010252,O00187721,Wrong item,2025-06-19
R0010253,O00187753,Changed mind,2025-11-10
R0010254,O00187823,Damaged item,2025-11-07
R0010255,O00187861,Damaged item,2025-04-05
R0010256,O00187926,Changed mind,2026-01-13
R0010257,O00187928,Quality issue,2025-07-18
R0010258,O00187929,Late delivery,2025-09-08
R0010259,O00187952,Size issue,2024-04-21
R0010260,O00187978,Changed mind,2026-01-07
R0010261,O00187998,Wrong item,2024-12-06
R0010262,O00188035,Size issue,2026-01-04
R0010263,O00188038,Damaged item,2025-09-17
R0010264,O00188079,Size issue,2025-03-20
R0010265,O00188089,Changed mind,2023-09-14
R0010266,O00188096,Changed mind,2025-06-11
R0010267,O00188139,Changed mind,2026-01-30
R0010268,O00188156,Damaged item,2025-02-05
R0010269,O00188160,Late delivery,2025-09-12
R0010270,O00188161,Damaged item,2023-06-06
R0010271,O00188166,Size issue,2024-10-08
R0010272,O00188190,Damaged item,2025-10-24
R0010273,O00188198,Late delivery,2026-01-22
R0010274,O00188208,Damaged item,2025-10-08
R0010275,O00188212,Damaged item,2024-01-24
R0010276,O00188221,Quality issue,2024-10-12
R0010277,O00188226,Wrong item,2025-08-17
R0010278,O00188265,Damaged item,2025-08-29
R0010279,O00188286,Damaged item,2025-06-21
R0010280,O00188294,Size issue,2025-06-20
R0010281,O00188301,Changed mind,2025-11-11
R0010282,O00188337,Quality issue,2025-02-27
R0010283,O00188341,Quality issue,2025-07-18
R0010284,O00188360,Changed mind,2024-04-16
R0010285,O00188365,Changed mind,2025-11-25
R0010286,O00188373,Quality issue,2025-12-16
R0010287,O00188376,Wrong item,2026-01-04
R0010288,O00188383,Changed mind,2025-09-05
R0010289,O00188393,Late delivery,2026-01-10
R0010290,O00188405,Late delivery,2026-01-04
R0010291,O00188423,Quality issue,2025-11-16
R0010292,O00188430,Changed mind,2026-01-22
R0010293,O00188481,Size issue,2025-12-11
R0010294,O00188482,Wrong item,2025-12-06
R0010295,O00188489,Wrong item,2024-05-26
R0010296,O00188514,Wrong item,2025-10-21
R0010297,O00188526,Wrong item,2025-12-07
R0010298,O00188533,Wrong item,2026-01-06
R0010299,O00188552,Late delivery,2025-11-15
R0010300,O00188568,Wrong item,2025-08-07
R0010301,O00188587,Damaged item,2025-12-03
R0010302,O00188604,Size issue,2026-01-08
R0010303,O00188677,Late delivery,2025-11-10
R0010304,O00188714,Damaged item,2025-05-15
R0010305,O00188748,Wrong item,2025-07-13
R0010306,O00188770,Damaged item,2025-12-01
R0010307,O00188843,Quality issue,2025-10-28
R0010308,O00188845,Size issue,2025-10-27
R0010309,O00188870,Quality issue,2025-12-22
R0010310,O00188874,Wrong item,2025-05-17
R0010311,O00188877,Size issue,2025-03-26
R0010312,O00188883,Wrong item,2024-12-21
R0010313,O00188894,Size issue,2026-01-12
R0010314,O00188915,Wrong item,2025-05-12
R0010315,O00188942,Late delivery,2023-12-28
R0010316,O00188982,Late delivery,2025-12-30
R0010317,O00188986,Size issue,2023-08-06
R0010318,O00188988,Size issue,2024-12-17
R0010319,O00189009,Size issue,2024-10-07
R0010320,O00189029,Damaged item,2025-02-01
R0010321,O00189031,Late delivery,2025-11-07
R0010322,O00189043,Changed mind,2025-12-23
R0010323,O00189059,Late delivery,2026-01-11
R0010324,O00189110,Damaged item,2025-08-20
R0010325,O00189111,Damaged item,2025-10-13
R0010326,O00189156,Damaged item,2025-05-25
R0010327,O00189157,Wrong item,2025-05-25
R0010328,O00189166,Damaged item,2025-01-04
R0010329,O00189172,Quality issue,2025-03-28
R0010330,O00189200,Late delivery,2025-12-12
R0010331,O00189202,Changed mind,2026-01-07
R0010332,O00189212,Changed mind,2025-11-18
R0010333,O00189214,Quality issue,2025-07-17
R0010334,O00189224,Damaged item,2025-10-10
R0010335,O00189237,Damaged item,2025-09-04
R0010336,O00189256,Quality issue,2026-01-15
R0010337,O00189297,Damaged item,2025-11-25
R0010338,O00189320,Quality issue,2025-12-24
R0010339,O00189330,Quality issue,2025-04-04
R0010340,O00189354,Changed mind,2024-09-12
R0010341,O00189373,Wrong item,2025-01-26
R0010342,O00189409,Late delivery,2024-12-15
R0010343,O00189436,Damaged item,2025-07-06
R0010344,O00189463,Late delivery,2025-01-19
R0010345,O00189476,Quality issue,2025-09-05
R0010346,O00189484,Late delivery,2023-07-07
R0010347,O00189492,Damaged item,2024-03-27
R0010348,O00189530,Size issue,2024-12-09
R0010349,O00189539,Damaged item,2024-03-08
R0010350,O00189580,Quality issue,2025-01-13
R0010351,O00189582,Quality issue,2025-07-01
R0010352,O00189599,Late delivery,2024-12-19
R0010353,O00189602,Quality issue,2026-01-05
R0010354,O00189612,Wrong item,2024-11-20
R0010355,O00189616,Size issue,2025-08-31
R0010356,O00189635,Quality issue,2026-01-06
R0010357,O00189668,Size issue,2025-12-12
R0010358,O00189678,Quality issue,2023-09-12
R0010359,O00189690,Wrong item,2025-02-25
R0010360,O00189721,Size issue,2025-07-21
R0010361,O00189754,Quality issue,2023-09-19
R0010362,O00189758,Size issue,2023-12-12
R0010363,O00189760,Changed mind,2024-06-15
R0010364,O00189761,Damaged item,2024-11-21
R0010365,O00189802,Damaged item,2026-01-03
R0010366,O00189818,Quality issue,2023-12-05
R0010367,O00189841,Late delivery,2024-12-05
R0010368,O00189859,Size issue,2025-09-30
R0010369,O00189875,Damaged item,2024-11-24
R0010370,O00189930,Changed mind,2024-08-19
R0010371,O00189936,Changed mind,2024-10-01
R0010372,O00189946,Wrong item,2024-01-19
R0010373,O00189947,Damaged item,2024-08-13
R0010374,O00189951,Changed mind,2025-07-14
R0010375,O00189988,Damaged item,2025-12-18
R0010376,O00189999,Late delivery,2024-08-05
R0010377,O00190034,Quality issue,2024-12-10
R0010378,O00190040,Late delivery,2026-01-15
R0010379,O00190053,Size issue,2025-10-22
R0010380,O00190055,Wrong item,2024-09-27
R0010381,O00190072,Wrong item,2025-12-09
R0010382,O00190138,Damaged item,2025-06-29
R0010383,O00190146,Late delivery,2026-01-03
R0010384,O00190157,Changed mind,2025-08-27
R0010385,O00190168,Late delivery,2025-08-31
R0010386,O00190191,Size issue,2025-12-13
R0010387,O00190208,Size issue,2025-01-05
R0010388,O00190211,Size issue,2025-12-07
R0010389,O00190229,Damaged item,2025-03-17
R0010390,O00190251,Wrong item,2025-11-13
R0010391,O00190274,Quality issue,2025-01-17
R0010392,O00190276,Late delivery,2025-09-24
R0010393,O00190316,Wrong item,2023-10-28
R0010394,O00190325,Late delivery,2025-11-10
R0010395,O00190335,Damaged item,2025-02-06
R0010396,O00190341,Late delivery,2025-08-06
R0010397,O00190342,Quality issue,2025-08-18
R0010398,O00190343,Late delivery,2025-09-01
R0010399,O00190354,Late delivery,2023-08-30
R0010400,O00190366,Damaged item,2025-10-09
R0010401,O00190370,Size issue,2024-12-15
R0010402,O00190372,Changed mind,2025-09-25
R0010403,O00190394,Quality issue,2024-11-26
R0010404,O00190441,Quality issue,2024-05-02
R0010405,O00190442,Quality issue,2024-08-31
R0010406,O00190491,Size issue,2023-09-10
R0010407,O00190507,Quality issue,2024-07-07
R0010408,O00190535,Wrong item,2025-07-08
R0010409,O00190548,Wrong item,2024-08-15
R0010410,O00190552,Damaged item,2024-10-28
R0010411,O00190558,Late delivery,2025-02-18
R0010412,O00190575,Changed mind,2025-06-25
R0010413,O00190585,Changed mind,2024-04-27
R0010414,O00190586,Damaged item,2025-08-29
R0010415,O00190638,Wrong item,2024-09-27
R0010416,O00190669,Changed mind,2024-11-30
R0010417,O00190673,Damaged item,2025-01-09
R0010418,O00190681,Wrong item,2025-10-24
R0010419,O00190682,Damaged item,2025-11-10
R0010420,O00190685,Damaged item,2025-12-30
R0010421,O00190710,Changed mind,2026-01-20
R0010422,O00190781,Wrong item,2025-12-30
R0010423,O00190807,Damaged item,2025-01-22
R0010424,O00190811,Damaged item,2025-11-10
R0010425,O00190819,Wrong item,2025-05-08
R0010426,O00190835,Late delivery,2025-12-05
R0010427,O00190842,Wrong item,2025-07-18
R0010428,O00190846,Changed mind,2025-02-02
R0010429,O00190861,Changed mind,2024-03-19
R0010430,O00190867,Wrong item,2024-11-24
R0010431,O00190897,Size issue,2025-09-08
R0010432,O00190911,Damaged item,2025-12-27
R0010433,O00190917,Late delivery,2026-01-14
R0010434,O00190925,Wrong item,2025-12-21
R0010435,O00190937,Quality issue,2025-12-22
R0010436,O00190959,Wrong item,2023-06-21
R0010437,O00190961,Late delivery,2024-02-14
R0010438,O00190997,Changed mind,2025-12-15
R0010439,O00191071,Changed mind,2024-11-28
R0010440,O00191095,Damaged item,2025-07-18
R0010441,O00191102,Quality issue,2025-06-29
R0010442,O00191124,Damaged item,2025-11-17
R0010443,O00191194,Size issue,2025-12-09
R0010444,O00191214,Late delivery,2025-02-07
R0010445,O00191260,Size issue,2023-09-10
R0010446,O00191284,Damaged item,2025-09-30
R0010447,O00191285,Quality issue,2025-12-30
R0010448,O00191349,Quality issue,2025-10-12
R0010449,O00191415,Damaged item,2026-01-09
R0010450,O00191425,Damaged item,2025-10-23
R0010451,O00191427,Quality issue,2025-12-12
R0010452,O00191461,Damaged item,2026-01-08
R0010453,O00191476,Quality issue,2024-07-21
R0010454,O00191492,Damaged item,2025-11-30
R0010455,O00191502,Size issue,2025-08-30
R0010456,O00191514,Late delivery,2024-08-05
R0010457,O00191518,Damaged item,2024-10-03
R0010458,O00191562,Quality issue,2024-10-26
R0010459,O00191574,Size issue,2025-09-22
R0010460,O00191613,Changed mind,2025-01-21
R0010461,O00191621,Size issue,2025-11-29
R0010462,O00191625,Quality issue,2024-01-08
R0010463,O00191637,Wrong item,2026-01-26
R0010464,O00191647,Damaged item,2026-01-22
R0010465,O00191657,Size issue,2025-12-22
R0010466,O00191690,Quality issue,2026-01-13
R0010467,O00191702,Quality issue,2024-12-23
R0010468,O00191724,Size issue,2023-12-23
R0010469,O00191736,Damaged item,2025-01-05
R0010470,O00191755,Wrong item,2025-02-22
R0010471,O00191758,Damaged item,2025-04-12
R0010472,O00191775,Late delivery,2025-11-25
R0010473,O00191779,Changed mind,2026-01-07
R0010474,O00191795,Changed mind,2025-01-23
R0010475,O00191799,Wrong item,2025-03-30
R0010476,O00191851,Size issue,2025-07-11
R0010477,O00191889,Late delivery,2023-11-30
R0010478,O00191928,Changed mind,2025-12-04
R0010479,O00191938,Wrong item,2025-04-30
R0010480,O00191946,Late delivery,2025-12-16
R0010481,O00191957,Quality issue,2025-01-04
R0010482,O00191999,Late delivery,2026-01-20
R0010483,O00192001,Late delivery,2025-07-14
R0010484,O00192006,Damaged item,2024-06-28
R0010485,O00192010,Changed mind,2025-01-13
R0010486,O00192055,Changed mind,2025-11-04
R0010487,O00192067,Quality issue,2025-12-12
R0010488,O00192091,Quality issue,2025-10-27
R0010489,O00192101,Late delivery,2025-09-27
R0010490,O00192107,Quality issue,2025-12-22
R0010491,O00192108,Damaged item,2026-01-08
R0010492,O00192111,Damaged item,2025-11-29
R0010493,O00192114,Damaged item,2023-09-28
R0010494,O00192129,Late delivery,2025-01-18
R0010495,O00192136,Changed mind,2025-12-22
R0010496,O00192154,Size issue,2025-01-18
R0010497,O00192156,Wrong item,2025-06-04
R0010498,O00192173,Quality issue,2026-01-04
R0010499,O00192253,Quality issue,2025-03-02
R0010500,O00192258,Changed mind,2025-11-02
R0010501,O00192259,Size issue,2025-12-28
R0010502,O00192263,Changed mind,2023-04-24
R0010503,O00192292,Wrong item,2024-10-06
R0010504,O00192302,Wrong item,2025-01-30
R0010505,O00192373,Size issue,2025-11-22
R0010506,O00192377,Late delivery,2025-11-22
R0010507,O00192398,Quality issue,2024-05-22
R0010508,O00192401,Quality issue,2026-01-22
R0010509,O00192422,Wrong item,2026-02-02
R0010510,O00192427,Late delivery,2023-08-29
R0010511,O00192431,Quality issue,2024-12-25
R0010512,O00192455,Quality issue,2025-08-28
R0010513,O00192507,Damaged item,2025-05-26
R0010514,O00192509,Quality issue,2025-08-31
R0010515,O00192517,Changed mind,2025-09-23
R0010516,O00192556,Wrong item,2024-11-30
R0010517,O00192564,Wrong item,2025-01-09
R0010518,O00192603,Late delivery,2023-12-31
R0010519,O00192622,Size issue,2025-11-22
R0010520,O00192659,Quality issue,2024-09-28
R0010521,O00192706,Wrong item,2026-01-03
R0010522,O00192717,Size issue,2024-07-15
R0010523,O00192754,Late delivery,2024-11-16
R0010524,O00192766,Late delivery,2025-06-01
R0010525,O00192774,Late delivery,2025-12-10
R0010526,O00192780,Damaged item,2025-07-03
R0010527,O00192787,Wrong item,2025-01-25
R0010528,O00192794,Size issue,2025-07-30
R0010529,O00192797,Damaged item,2025-12-01
R0010530,O00192816,Wrong item,2025-01-17
R0010531,O00192850,Size issue,2024-07-26
R0010532,O00192858,Quality issue,2025-04-14
R0010533,O00192860,Damaged item,2025-08-17
R0010534,O00192933,Wrong item,2026-01-05
R0010535,O00192953,Quality issue,2025-02-05
R0010536,O00192971,Damaged item,2024-12-29
R0010537,O00192991,Quality issue,2024-12-02
R0010538,O00192995,Size issue,2025-11-18
R0010539,O00192999,Damaged item,2025-08-07
R0010540,O00193053,Late delivery,2024-03-08
R0010541,O00193066,Late delivery,2025-08-20
R0010542,O00193070,Changed mind,2024-08-23
R0010543,O00193074,Quality issue,2024-09-27
R0010544,O00193075,Late delivery,2024-11-11
R0010545,O00193134,Changed mind,2024-01-24
R0010546,O00193140,Late delivery,2025-08-23
R0010547,O00193146,Quality issue,2025-12-20
R0010548,O00193163,Quality issue,2025-05-28
R0010549,O00193164,Changed mind,2025-09-30
R0010550,O00193190,Changed mind,2025-08-23
R0010551,O00193215,Size issue,2024-03-01
R0010552,O00193216,Late delivery,2025-11-15
R0010553,O00193276,Quality issue,2023-04-05
R0010554,O00193291,Quality issue,2025-12-05
R0010555,O00193297,Damaged item,2024-11-08
R0010556,O00193317,Damaged item,2025-12-20
R0010557,O00193340,Late delivery,2025-06-22
R0010558,O00193348,Changed mind,2024-10-31
R0010559,O00193349,Size issue,2024-11-16
R0010560,O00193367,Wrong item,2024-02-10
R0010561,O00193370,Wrong item,2025-11-03
R0010562,O00193403,Changed mind,2025-11-14
R0010563,O00193418,Damaged item,2025-07-21
R0010564,O00193419,Damaged item,2025-12-08
R0010565,O00193424,Wrong item,2025-02-25
R0010566,O00193442,Wrong item,2025-06-04
R0010567,O00193443,Wrong item,2025-07-05
R0010568,O00193457,Late delivery,2025-06-07
R0010569,O00193471,Size issue,2025-08-13
R0010570,O00193477,Changed mind,2025-02-22
R0010571,O00193486,Size issue,2025-04-21
R0010572,O00193508,Quality issue,2025-09-29
R0010573,O00193510,Size issue,2025-10-23
R0010574,O00193529,Wrong item,2023-09-10
R0010575,O00193587,Quality issue,2025-07-04
R0010576,O00193607,Changed mind,2025-10-06
R0010577,O00193609,Damaged item,2025-12-14
R0010578,O00193627,Quality issue,2023-09-14
R0010579,O00193632,Quality issue,2024-09-14
R0010580,O00193634,Late delivery,2024-11-20
R0010581,O00193640,Damaged item,2025-07-14
R0010582,O00193641,Changed mind,2025-03-25
R0010583,O00193654,Changed mind,2025-09-11
R0010584,O00193666,Size issue,2025-09-28
R0010585,O00193672,Wrong item,2024-07-01
R0010586,O00193674,Changed mind,2025-06-13
R0010587,O00193695,Damaged item,2024-11-12
R0010588,O00193703,Size issue,2023-08-14
R0010589,O00193729,Quality issue,2025-09-24
R0010590,O00193731,Late delivery,2025-10-04
R0010591,O00193733,Quality issue,2025-11-08
R0010592,O00193762,Damaged item,2025-02-14
R0010593,O00193801,Quality issue,2025-12-05
R0010594,O00193848,Late delivery,2025-01-12
R0010595,O00193908,Wrong item,2025-08-25
R0010596,O00193998,Size issue,2025-11-24
R0010597,O00194058,Changed mind,2026-01-16
R0010598,O00194066,Late delivery,2025-12-01
R0010599,O00194067,Size issue,2025-11-30
R0010600,O00194072,Damaged item,2025-09-03
R0010601,O00194112,Changed mind,2025-12-05
R0010602,O00194144,Changed mind,2025-03-21
R0010603,O00194152,Wrong item,2025-12-09
R0010604,O00194155,Late delivery,2024-10-28
R0010605,O00194209,Wrong item,2024-07-22
R0010606,O00194239,Late delivery,2025-02-25
R0010607,O00194273,Changed mind,2025-08-18
R0010608,O00194295,Size issue,2024-08-10
R0010609,O00194356,Size issue,2025-12-24
R0010610,O00194367,Quality issue,2024-11-23
R0010611,O00194383,Damaged item,2025-10-12
R0010612,O00194391,Changed mind,2024-03-22
R0010613,O00194418,Late delivery,2026-01-08
R0010614,O00194445,Damaged item,2025-12-18
R0010615,O00194454,Changed mind,2025-05-28
R0010616,O00194455,Quality issue,2025-06-20
R0010617,O00194470,Quality issue,2024-09-15
R0010618,O00194485,Quality issue,2024-11-22
R0010619,O00194486,Damaged item,2025-12-08
R0010620,O00194508,Damaged item,2025-07-29
R0010621,O00194515,Damaged item,2025-11-04
R0010622,O00194531,Changed mind,2025-07-14
R0010623,O00194533,Late delivery,2025-12-10
R0010624,O00194557,Quality issue,2025-12-23
R0010625,O00194584,Late delivery,2024-10-03
R0010626,O00194588,Damaged item,2025-01-29
R0010627,O00194617,Late delivery,2025-06-10
R0010628,O00194650,Quality issue,2026-01-21
R0010629,O00194651,Quality issue,2026-01-30
R0010630,O00194656,Size issue,2023-08-15
R0010631,O00194670,Late delivery,2025-06-17
R0010632,O00194690,Damaged item,2024-09-28
R0010633,O00194724,Quality issue,2023-12-28
R0010634,O00194738,Damaged item,2025-10-27
R0010635,O00194739,Size issue,2025-10-22
R0010636,O00194753,Changed mind,2025-12-16
R0010637,O00194782,Quality issue,2024-11-14
R0010638,O00194787,Quality issue,2025-01-30
R0010639,O00194821,Late delivery,2024-06-26
R0010640,O00194825,Damaged item,2024-10-04
R0010641,O00194826,Changed mind,2024-10-28
R0010642,O00194878,Size issue,2026-01-26
R0010643,O00194905,Damaged item,2026-01-05
R0010644,O00194920,Size issue,2025-05-26
R0010645,O00194942,Size issue,2025-02-18
R0010646,O00194954,Late delivery,2024-11-17
R0010647,O00194962,Changed mind,2025-11-30
R0010648,O00194978,Late delivery,2024-10-08
R0010649,O00194996,Damaged item,2024-12-13
R0010650,O00195004,Size issue,2025-01-01
R0010651,O00195044,Size issue,2024-02-24
R0010652,O00195081,Size issue,2024-11-02
R0010653,O00195092,Quality issue,2024-03-30
R0010654,O00195121,Damaged item,2025-12-31
R0010655,O00195127,Size issue,2025-08-24
R0010656,O00195130,Late delivery,2025-12-10
R0010657,O00195152,Size issue,2023-12-16
R0010658,O00195186,Late delivery,2024-07-12
R0010659,O00195192,Late delivery,2024-03-14
R0010660,O00195202,Damaged item,2023-07-13
R0010661,O00195212,Quality issue,2026-01-03
R0010662,O00195244,Wrong item,2025-12-09
R0010663,O00195360,Size issue,2025-09-30
R0010664,O00195420,Damaged item,2025-09-04
R0010665,O00195440,Changed mind,2025-10-01
R0010666,O00195482,Wrong item,2024-12-06
R0010667,O00195494,Changed mind,2025-12-23
R0010668,O00195505,Quality issue,2025-12-20
R0010669,O00195513,Late delivery,2024-12-26
R0010670,O00195515,Size issue,2025-06-20
R0010671,O00195545,Quality issue,2025-01-11
R0010672,O00195546,Damaged item,2025-06-23
R0010673,O00195547,Damaged item,2025-05-16
R0010674,O00195565,Size issue,2025-08-05
R0010675,O00195579,Size issue,2024-12-08
R0010676,O00195628,Quality issue,2024-12-06
R0010677,O00195637,Damaged item,2025-10-31
R0010678,O00195639,Changed mind,2025-11-18
R0010679,O00195640,Quality issue,2025-12-22
R0010680,O00195641,Size issue,2025-12-02
R0010681,O00195679,Quality issue,2025-11-20
R0010682,O00195705,Size issue,2024-05-31
R0010683,O00195711,Wrong item,2024-08-16
R0010684,O00195730,Size issue,2025-11-23
R0010685,O00195739,Quality issue,2024-01-14
R0010686,O00195750,Quality issue,2025-05-11
R0010687,O00195774,Late delivery,2025-12-17
R0010688,O00195778,Quality issue,2025-01-16
R0010689,O00195782,Quality issue,2024-04-28
R0010690,O00195786,Damaged item,2025-08-07
R0010691,O00195790,Wrong item,2024-05-06
R0010692,O00195846,Damaged item,2025-11-04
R0010693,O00195857,Wrong item,2025-10-01
R0010694,O00195859,Damaged item,2025-11-08
R0010695,O00195888,Quality issue,2024-10-06
R0010696,O00195937,Damaged item,2025-12-18
R0010697,O00195939,Size issue,2025-12-31
R0010698,O00195941,Late delivery,2025-12-29
R0010699,O00195950,Changed mind,2025-08-11
R0010700,O00195966,Late delivery,2026-01-12
R0010701,O00195973,Changed mind,2025-05-12
R0010702,O00195974,Changed mind,2025-06-22
R0010703,O00195979,Size issue,2025-05-28
R0010704,O00195997,Late delivery,2026-01-19
R0010705,O00196043,Late delivery,2025-08-27
R0010706,O00196044,Damaged item,2024-06-02
R0010707,O00196057,Late delivery,2025-12-25
R0010708,O00196083,Size issue,2025-08-27
R0010709,O00196087,Quality issue,2024-08-03
R0010710,O00196094,Changed mind,2024-11-10
R0010711,O00196108,Wrong item,2025-01-20
R0010712,O00196114,Size issue,2023-06-22
R0010713,O00196118,Damaged item,2024-11-10
R0010714,O00196127,Damaged item,2025-06-06
R0010715,O00196160,Wrong item,2025-10-08
R0010716,O00196167,Late delivery,2025-11-06
R0010717,O00196184,Changed mind,2026-01-24
R0010718,O00196198,Wrong item,2024-02-20
R0010719,O00196256,Changed mind,2025-10-31
R0010720,O00196259,Damaged item,2024-08-05
R0010721,O00196273,Changed mind,2025-08-27
R0010722,O00196277,Changed mind,2025-11-24
R0010723,O00196295,Wrong item,2025-08-03
R0010724,O00196300,Size issue,2025-03-01
R0010725,O00196312,Size issue,2025-03-27
R0010726,O00196315,Damaged item,2025-09-25
R0010727,O00196328,Late delivery,2024-11-04
R0010728,O00196382,Late delivery,2024-09-04
R0010729,O00196407,Changed mind,2026-01-30
R0010730,O00196415,Damaged item,2025-12-24
R0010731,O00196433,Damaged item,2025-12-30
R0010732,O00196434,Changed mind,2026-01-02
R0010733,O00196440,Quality issue,2023-11-27
R0010734,O00196452,Size issue,2023-11-28
R0010735,O00196463,Size issue,2025-08-14
R0010736,O00196492,Size issue,2026-01-04
R0010737,O00196493,Damaged item,2024-05-12
R0010738,O00196510,Size issue,2024-12-04
R0010739,O00196516,Size issue,2025-06-04
R0010740,O00196581,Late delivery,2025-12-02
R0010741,O00196600,Size issue,2025-07-25
R0010742,O00196616,Damaged item,2025-09-10
R0010743,O00196648,Changed mind,2025-10-02
R0010744,O00196665,Size issue,2025-12-30
R0010745,O00196671,Late delivery,2025-10-25
R0010746,O00196674,Size issue,2025-07-22
R0010747,O00196713,Damaged item,2025-12-25
R0010748,O00196773,Quality issue,2025-08-21
R0010749,O00196798,Quality issue,2025-12-15
R0010750,O00196819,Size issue,2026-01-20
R0010751,O00196854,Changed mind,2025-03-02
R0010752,O00196858,Quality issue,2025-06-06
R0010753,O00196880,Late delivery,2024-12-07
R0010754,O00196884,Size issue,2024-09-20
R0010755,O00196903,Changed mind,2025-09-29
R0010756,O00196907,Wrong item,2025-11-17
R0010757,O00196919,Size issue,2025-09-04
R0010758,O00196925,Late delivery,2024-02-23
R0010759,O00196927,Wrong item,2025-09-18
R0010760,O00196947,Quality issue,2025-09-04
R0010761,O00196954,Damaged item,2026-01-14
R0010762,O00196973,Damaged item,2025-10-03
R0010763,O00196988,Wrong item,2025-02-09
R0010764,O00197008,Size issue,2023-12-04
R0010765,O00197019,Quality issue,2025-04-14
R0010766,O00197020,Size issue,2025-06-06
R0010767,O00197038,Late delivery,2025-02-24
R0010768,O00197086,Wrong item,2025-12-23
R0010769,O00197100,Wrong item,2025-11-21
R0010770,O00197123,Size issue,2024-01-04
R0010771,O00197130,Quality issue,2025-12-23
R0010772,O00197135,Quality issue,2025-07-06
R0010773,O00197148,Quality issue,2025-10-05
R0010774,O00197198,Late delivery,2025-05-22
R0010775,O00197212,Size issue,2025-01-27
R0010776,O00197215,Damaged item,2024-04-06
R0010777,O00197251,Damaged item,2025-07-24
R0010778,O00197273,Quality issue,2023-12-01
R0010779,O00197279,Damaged item,2025-06-13
R0010780,O00197311,Changed mind,2024-09-26
R0010781,O00197312,Late delivery,2024-12-08
R0010782,O00197319,Changed mind,2023-08-13
R0010783,O00197332,Late delivery,2024-06-15
R0010784,O00197336,Wrong item,2024-12-17
R0010785,O00197353,Damaged item,2025-12-23
R0010786,O00197360,Quality issue,2025-10-23
R0010787,O00197365,Quality issue,2025-11-22
R0010788,O00197382,Late delivery,2025-10-06
R0010789,O00197392,Late delivery,2025-10-26
R0010790,O00197404,Late delivery,2025-03-28
R0010791,O00197408,Damaged item,2025-10-09
R0010792,O00197409,Wrong item,2025-11-08
R0010793,O00197414,Damaged item,2024-12-28
R0010794,O00197451,Size issue,2025-11-25
R0010795,O00197475,Quality issue,2025-10-19
R0010796,O00197488,Size issue,2025-12-11
R0010797,O00197495,Late delivery,2025-04-24
R0010798,O00197530,Quality issue,2026-01-17
R0010799,O00197538,Size issue,2025-11-29
R0010800,O00197582,Wrong item,2024-11-30
R0010801,O00197591,Damaged item,2023-05-29
R0010802,O00197596,Quality issue,2025-01-27
R0010803,O00197606,Quality issue,2025-06-23
R0010804,O00197623,Changed mind,2025-04-30
R0010805,O00197658,Quality issue,2025-02-22
R0010806,O00197681,Changed mind,2025-05-11
R0010807,O00197711,Damaged item,2025-03-17
R0010808,O00197718,Size issue,2025-02-23
R0010809,O00197751,Size issue,2023-11-15
R0010810,O00197753,Wrong item,2023-12-08
R0010811,O00197759,Damaged item,2024-05-10
R0010812,O00197770,Late delivery,2023-11-16
R0010813,O00197772,Size issue,2024-06-09
R0010814,O00197777,Late delivery,2023-02-05
R0010815,O00197779,Damaged item,2023-08-09
R0010816,O00197783,Late delivery,2023-06-10
R0010817,O00197785,Size issue,2024-02-27
R0010818,O00197805,Wrong item,2025-08-30
R0010819,O00197829,Late delivery,2024-03-03
R0010820,O00197850,Changed mind,2024-01-31
R0010821,O00197860,Damaged item,2023-05-17
R0010822,O00197905,Wrong item,2025-01-02
R0010823,O00197906,Damaged item,2025-02-17
R0010824,O00197910,Quality issue,2025-12-02
R0010825,O00197913,Wrong item,2024-03-28
R0010826,O00197918,Damaged item,2024-11-02
R0010827,O00197925,Damaged item,2025-06-24
R0010828,O00197938,Changed mind,2025-11-05
R0010829,O00197975,Size issue,2025-11-27
R0010830,O00197979,Late delivery,2024-04-04
R0010831,O00198027,Changed mind,2026-01-30
R0010832,O00198034,Quality issue,2023-12-30
R0010833,O00198054,Changed mind,2025-09-22
R0010834,O00198073,Damaged item,2025-06-15
R0010835,O00198076,Quality issue,2025-09-24
R0010836,O00198115,Changed mind,2025-09-18
R0010837,O00198127,Wrong item,2024-06-19
R0010838,O00198162,Late delivery,2023-09-02
R0010839,O00198199,Size issue,2023-03-25
R0010840,O00198227,Quality issue,2025-09-24
R0010841,O00198287,Damaged item,2025-07-08
R0010842,O00198310,Damaged item,2024-02-05
R0010843,O00198371,Damaged item,2025-09-25
R0010844,O00198379,Late delivery,2025-12-31
R0010845,O00198390,Changed mind,2025-09-24
R0010846,O00198395,Damaged item,2024-09-14
R0010847,O00198408,Damaged item,2025-04-07
R0010848,O00198423,Quality issue,2024-04-09
R0010849,O00198437,Changed mind,2025-10-29
R0010850,O00198448,Damaged item,2025-12-25
R0010851,O00198478,Size issue,2023-03-11
R0010852,O00198491,Changed mind,2025-04-01
R0010853,O00198502,Wrong item,2026-01-05
R0010854,O00198562,Wrong item,2026-01-05
R0010855,O00198591,Late delivery,2025-06-04
R0010856,O00198598,Wrong item,2025-11-25
R0010857,O00198601,Size issue,2026-01-06
R0010858,O00198604,Late delivery,2024-06-08
R0010859,O00198615,Damaged item,2025-03-29
R0010860,O00198626,Size issue,2025-11-15
R0010861,O00198657,Wrong item,2024-09-07
R0010862,O00198660,Late delivery,2025-07-15
R0010863,O00198665,Late delivery,2025-09-20
R0010864,O00198698,Damaged item,2025-12-02
R0010865,O00198755,Changed mind,2025-12-25
R0010866,O00198794,Changed mind,2025-12-17
R0010867,O00198816,Damaged item,2026-01-10
R0010868,O00198849,Wrong item,2024-10-25
R0010869,O00198904,Late delivery,2025-08-17
R0010870,O00198952,Wrong item,2024-01-12
R0010871,O00198972,Late delivery,2026-01-20
R0010872,O00198981,Late delivery,2026-01-02
R0010873,O00199008,Changed mind,2025-08-26
R0010874,O00199014,Late delivery,2025-10-24
R0010875,O00199015,Wrong item,2026-01-10
R0010876,O00199019,Late delivery,2024-03-19
R0010877,O00199038,Damaged item,2023-02-23
R0010878,O00199095,Quality issue,2024-11-05
R0010879,O00199102,Changed mind,2025-01-20
R0010880,O00199123,Size issue,2023-12-11
R0010881,O00199131,Late delivery,2024-10-21
R0010882,O00199134,Wrong item,2025-12-07
R0010883,O00199155,Quality issue,2024-11-12
R0010884,O00199250,Size issue,2024-09-25
R0010885,O00199253,Wrong item,2023-10-07
R0010886,O00199304,Size issue,2023-05-02
R0010887,O00199316,Quality issue,2025-06-20
R0010888,O00199318,Quality issue,2023-09-29
R0010889,O00199331,Size issue,2025-03-15
R0010890,O00199333,Changed mind,2025-12-06
R0010891,O00199335,Late delivery,2025-06-03
R0010892,O00199338,Quality issue,2025-01-01
R0010893,O00199342,Quality issue,2025-09-30
R0010858,O00198604,Late delivery,2024-06-08
R0004495,O00081775,Wrong item,2025-08-25
R0009709,O00178175,Quality issue,2025-12-12
R0009472,O00173763,Quality issue,2024-07-25
R0007759,O00141338,Late delivery,2023-06-11
R0008784,O00160818,Wrong item,2025-01-20
R0009608,O00176382,Wrong item,2024-01-16
R0009735,O00178573,Wrong item,2024-10-10
R0000115,O00002321,Damaged item,2025-06-14
R0008760,O00160466,Quality issue,2025-04-12
R0001830,O00033844,Late delivery,2025-12-25
R0008502,O00155222,Size issue,2025-02-09
R0009187,O00168385,Wrong item,2024-09-07
R0007950,O00144841,Wrong item,2023-08-24
R0009068,O00166204,Changed mind,2024-12-29
R0003165,O00058047,Wrong item,2024-10-07
R0009646,O00176956,Damaged item,2025-01-11
R0005708,O00103595,Wrong item,2024-02-05
R0001648,O00030678,Damaged item,2025-05-23
R0009267,O00169649,Damaged item,2024-08-02
R0001451,O00027580,Quality issue,2024-03-21
