return_id,order_id,return_reason,return_date
R0000001,O00000020,Quality Issue,2025-11-21
R0000002,O00000053,Size Issue,2024-09-09
R0000003,O00000056,Damaged Item,2025-03-11
R0000004,O00000145,Quality Issue,2023-12-17
R0000005,O00000224,Wrong Item,2024-09-12
R0000006,O00000249,Changed Mind,2024-10-18
R0000007,O00000264,Size Issue,2026-01-08
R0000008,O00000277,Quality Issue,2025-10-22
R0000009,O00000278,Late Delivery,2025-11-10
R0000010,O00000287,Late Delivery,2024-07-02
R0000011,O00000343,Size Issue,2026-01-09
R0000012,O00000344,Quality Issue,2024-06-28
R0000013,O00000348,Damaged Item,2023-12-27
R0000014,O00000374,Quality Issue,2024-01-09
R0000015,O00000379,Late Delivery,2024-05-23
R0000016,O00000383,Late Delivery,2025-01-09
R0000017,O00000536,Quality Issue,2024-11-05
R0000018,O00000544,Wrong Item,2025-08-07
R0000019,O00000546,Wrong Item,2025-11-30
R0000020,O00000550,Changed Mind,2025-02-04
R0000021,O00000587,Size Issue,2023-11-21
R0000022,O00000657,Quality Issue,2025-09-07
R0000023,O00000679,Quality Issue,2025-07-23
R0000024,O00000690,Wrong Item,2025-04-06
R0000025,O00000713,Quality Issue,2025-12-24
R0000026,O00000715,Damaged Item,2024-11-01
R0000027,O00000738,Wrong Item,2025-02-06
R0000028,O00000762,Damaged Item,2025-08-02
R0000029,O00000772,Wrong Item,2025-10-04
R0000030,O00000787,Quality Issue,2024-11-25
R0000031,O00000789,Late Delivery,2025-02-15
R0000032,O00000796,Size Issue,2025-06-01
R0000033,O00000804,Late Delivery,2025-12-30
R0000034,O00000834,Wrong Item,2025-06-20
R0000035,O00000876,Changed Mind,2024-12-01
R0000036,O00000892,Damaged Item,2025-10-10
R0000037,O00000958,Late Delivery,2025-06-17
R0000038,O00000981,Damaged Item,2025-03-08
R0000039,O00000998,Damaged Item,2025-12-21
R0000040,O00001022,Late Delivery,2025-11-15
R0000041,O00001045,Damaged Item,2025-12-29
R0000042,O00001060,Changed Mind,2025-12-01
R0000043,O00001098,Damaged Item,2025-11-28
R0000044,O00001120,Quality Issue,2025-11-29
R0000045,O00001134,Changed Mind,2024-05-31
R0000046,O00001182,Changed Mind,2025-08-10
R0000047,O00001204,Changed Mind,2025-11-05
R0000048,O00001222,Wrong Item,2025-07-20
R0000049,O00001254,Quality Issue,2024-03-16
R0000050,O00001257,Changed Mind,2023-11-07
R0000051,O00001271,Changed Mind,2023-04-16
R0000052,O00001277,Changed Mind,2024-01-13
R0000053,O00001283,Quality Issue,2024-10-31
R0000054,O00001288,Late Delivery,2025-07-09
R0000055,O00001290,Late Delivery,2025-08-02
R0000056,O00001303,Wrong Item,2024-10-22
R0000057,O00001349,Damaged Item,2026-01-08
R0000058,O00001386,Quality Issue,2024-10-19
R0000059,O00001410,Wrong Item,2024-02-20
R0000060,O00001414,Wrong Item,2025-07-30
R0000061,O00001418,Wrong Item,2023-09-19
R0000062,O00001447,Late Delivery,2024-03-16
R0000063,O00001514,Quality Issue,2025-12-16
R0000064,O00001526,Quality Issue,2024-01-02
R0000065,O00001551,Quality Issue,2025-04-04
R0000066,O00001586,Late Delivery,2024-10-13
R0000067,O00001601,Damaged Item,2025-08-21
R0000068,O00001609,Quality Issue,2024-08-27
R0000069,O00001634,Size Issue,2025-11-27
R0000070,O00001637,Quality Issue,2025-12-03
R0000071,O00001665,Damaged Item,2024-12-22
R0000072,O00001684,Quality Issue,2024-03-18
R0000073,O00001689,Size Issue,2024-10-11
R0000074,O00001696,Wrong Item,2023-12-31
R0000075,O00001697,Damaged Item,2024-08-24
R0000076,O00001727,Late Delivery,2025-12-28
R0000077,O00001731,Late Delivery,2023-10-21
R0000078,O00001754,Late Delivery,2024-12-26
R0000079,O00001774,Damaged Item,2025-06-29
R0000080,O00001782,Size Issue,2025-11-28
R0000081,O00001795,Damaged Item,2025-08-09
R0000082,O00001797,Quality Issue,2025-12-08
R0000083,O00001807,Damaged Item,2025-11-20
R0000084,O00001847,Quality Issue,2024-10-04
R0000085,O00001855,Changed Mind,2025-03-10
R0000086,O00001873,Late Delivery,2025-09-30
R0000087,O00001892,Damaged Item,2024-12-31
R0000088,O00001901,Damaged Item,2024-05-20
R0000089,O00001925,Changed Mind,2025-03-23
R0000090,O00001929,Size Issue,2025-08-12
R0000091,O00001961,Late Delivery,2025-11-24
R0000092,O00001978,Late Delivery,2025-07-04
R0000093,O00001994,Late Delivery,2026-01-14
R0000094,O00002004,Wrong Item,2025-11-19
R0000095,O00002006,Changed Mind,2025-02-12
R0000096,O00002008,Wrong Item,2025-10-21
R0000097,O00002027,Changed Mind,2024-12-23
R0000098,O00002039,Damaged Item,2025-04-15
R0000099,O00002042,Quality Issue,2025-12-12
R0000100,O00002082,Wrong Item,2024-03-21
R0000101,O00002088,Damaged Item,2024-09-04
R0000102,O00002105,Size Issue,2025-12-19
R0000103,O00002141,Changed Mind,2025-07-31
R0000104,O00002170,Quality Issue,2025-12-10
R0000105,O00002175,Wrong Item,2023-10-13
R0000106,O00002183,Quality Issue,2026-01-08
R0000107,O00002226,Late Delivery,2024-06-11
R0000108,O00002256,Damaged Item,2025-10-25
R0000109,O00002276,Late Delivery,2025-11-06
R0000110,O00002278,Damaged Item,2023-09-25
R0000111,O00002281,Size Issue,2023-12-10
R0000112,O00002290,Quality Issue,2025-12-15
R0000113,O00002309,Size Issue,2024-03-28
R0000114,O00002315,Damaged Item,2025-07-17
R0000115,O00002321,Damaged Item,2025-06-14
R0000116,O00002338,Changed Mind,2023-05-06
R0000117,O00002359,Quality Issue,2024-11-27
R0000118,O00002369,Changed Mind,2025-04-03
R0000119,O00002378,Size Issue,2025-11-03
R0000120,O00002385,Quality Issue,2025-12-16
R0000121,O00002417,Quality Issue,2024-09-21
R0000122,O00002418,Quality Issue,2025-01-17
R0000123,O00002428,Wrong Item,2024-04-09
R0000124,O00002442,Quality Issue,2024-12-31
R0000125,O00002448,Changed Mind,2025-11-27
R0000126,O00002499,Quality Issue,2025-11-11
R0000127,O00002531,Quality Issue,2025-12-08
R0000128,O00002555,Size Issue,2024-03-02
R0000129,O00002556,Late Delivery,2025-08-07
R0000130,O00002568,Size Issue,2025-05-28
R0000131,O00002580,Quality Issue,2024-12-07
R0000132,O00002593,Damaged Item,2025-04-20
R0000133,O00002620,Quality Issue,2025-12-15
R0000134,O00002640,Damaged Item,2025-11-13
R0000135,O00002659,Size Issue,2025-01-21
R0000136,O00002737,Quality Issue,2024-09-20
R0000137,O00002756,Late Delivery,2025-10-11
R0000138,O00002758,Changed Mind,2025-12-23
R0000139,O00002770,Size Issue,2025-08-21
R0000140,O00002801,Quality Issue,2023-04-08
R0000141,O00002807,Size Issue,2025-05-02
R0000142,O00002814,Damaged Item,2025-11-23
R0000143,O00002820,Wrong Item,2025-08-12
R0000144,O00002844,Changed Mind,2024-06-02
R0000145,O00002851,Size Issue,2025-03-19
R0000146,O00002892,Late Delivery,2025-11-17
R0000147,O00002910,Size Issue,2025-11-06
R0000148,O00002929,Changed Mind,2024-10-24
R0000149,O00002999,Quality Issue,2025-08-26
R0000150,O00003018,Damaged Item,2025-12-17
R0000151,O00003040,Late Delivery,2024-09-16
R0000152,O00003095,Changed Mind,2025-04-25
R0000153,O00003134,Size Issue,2025-08-24
R0000154,O00003195,Late Delivery,2025-12-21
R0000155,O00003214,Quality Issue,2025-07-08
R0000156,O00003241,Size Issue,2025-07-16
R0000157,O00003252,Quality Issue,2025-07-09
R0000158,O00003299,Wrong Item,2024-12-19
R0000159,O00003305,Size Issue,2026-01-02
R0000160,O00003348,Quality Issue,2024-11-29
R0000161,O00003352,Late Delivery,2023-12-29
R0000162,O00003358,Changed Mind,2024-12-13
R0000163,O00003394,Changed Mind,2025-10-12
R0000164,O00003427,Wrong Item,2024-07-21
R0000165,O00003431,Wrong Item,2025-07-25
R0000166,O00003440,Quality Issue,2024-04-15
R0000167,O00003473,Quality Issue,2024-09-05
R0000168,O00003484,Size Issue,2025-12-30
R0000169,O00003486,Changed Mind,2026-01-17
R0000170,O00003503,Changed Mind,2025-07-15
R0000171,O00003541,Quality Issue,2024-11-06
R0000172,O00003644,Changed Mind,2025-10-01
R0000173,O00003686,Late Delivery,2025-03-29
R0000174,O00003703,Changed Mind,2025-04-16
R0000175,O00003751,Damaged Item,2024-08-05
R0000176,O00003762,Wrong Item,2025-12-23
R0000177,O00003846,Wrong Item,2025-03-28
R0000178,O00003855,Quality Issue,2024-08-08
R0000179,O00003863,Size Issue,2024-02-19
R0000180,O00003868,Late Delivery,2026-01-06
R0000181,O00003893,Late Delivery,2025-08-22
R0000182,O00003901,Quality Issue,2025-08-31
R0000183,O00003923,Damaged Item,2025-12-14
R0000184,O00003971,Wrong Item,2025-10-04
R0000185,O00003976,Late Delivery,2025-01-01
R0000186,O00004029,Size Issue,2024-05-03
R0000187,O00004048,Late Delivery,2025-03-14
R0000188,O00004086,Size Issue,2026-01-26
R0000189,O00004092,Wrong Item,2025-10-18
R0000190,O00004104,Size Issue,2025-05-13
R0000191,O00004107,Late Delivery,2026-01-24
R0000192,O00004160,Late Delivery,2024-10-04
R0000193,O00004172,Damaged Item,2025-02-11
R0000194,O00004173,Damaged Item,2026-02-01
R0000195,O00004180,Quality Issue,2025-06-25
R0000196,O00004186,Late Delivery,2024-09-10
R0000197,O00004202,Quality Issue,2025-11-13
R0000198,O00004206,Late Delivery,2025-01-27
R0000199,O00004210,Damaged Item,2023-08-10
R0000200,O00004219,Damaged Item,2025-08-28
R0000201,O00004241,Damaged Item,2023-05-01
R0000202,O00004274,Late Delivery,2023-09-12
R0000203,O00004283,Quality Issue,2025-12-28
R0000204,O00004290,Quality Issue,2025-12-24
R0000205,O00004318,Damaged Item,2025-12-17
R0000206,O00004320,Size Issue,2026-01-10
R0000207,O00004338,Changed Mind,2024-10-18
R0000208,O00004344,Late Delivery,2025-01-29
R0000209,O00004359,Late Delivery,2025-01-16
R0000210,O00004390,Wrong Item,2024-08-20
R0000211,O00004399,Quality Issue,2025-12-15
R0000212,O00004425,Changed Mind,2025-10-09
R0000213,O00004463,Wrong Item,2026-01-22
R0000214,O00004476,Wrong Item,2025-01-06
R0000215,O00004478,Late Delivery,2025-07-13
R0000216,O00004493,Size Issue,2025-09-18
R0000217,O00004494,Damaged Item,2025-10-16
R0000218,O00004512,Quality Issue,2025-12-14
R0000219,O00004558,Wrong Item,2025-03-07
R0000220,O00004569,Changed Mind,2026-01-14
R0000221,O00004580,Late Delivery,2025-10-14
R0000222,O00004620,Late Delivery,2025-10-27
R0000223,O00004636,Changed Mind,2025-06-15
R0000224,O00004648,Quality Issue,2025-01-07
R0000225,O00004663,Quality Issue,2025-02-03
R0000226,O00004679,Late Delivery,2024-10-08
R0000227,O00004725,Damaged Item,2025-10-03
R0000228,O00004731,Damaged Item,2024-04-28
R0000229,O00004743,Damaged Item,2025-10-16
R0000230,O00004768,Damaged Item,2025-09-12
R0000231,O00004778,Damaged Item,2025-12-24
R0000232,O00004779,Damaged Item,2025-09-22
R0000233,O00004800,Changed Mind,2025-03-08
R0000234,O00004811,Damaged Item,2023-12-03
R0000235,O00004815,Damaged Item,2024-08-17
R0000236,O00004818,Quality Issue,2025-10-14
R0000237,O00004819,Late Delivery,2025-10-23
R0000238,O00004834,Late Delivery,2025-05-20
R0000239,O00004847,Late Delivery,2023-10-23
R0000240,O00004868,Wrong Item,2025-04-28
R0000241,O00004869,Wrong Item,2025-08-25
R0000242,O00004912,Late Delivery,2025-08-04
R0000243,O00004935,Quality Issue,2025-10-26
R0000244,O00004940,Changed Mind,2025-04-29
R0000245,O00004961,Quality Issue,2025-01-15
R0000246,O00004978,Size Issue,2025-08-12
R0000247,O00004989,Damaged Item,2026-01-17
R0000248,O00004998,Damaged Item,2024-12-18
R0000249,O00005017,Late Delivery,2025-08-21
R0000250,O00005029,Damaged Item,2024-12-28
R0000251,O00005032,Damaged Item,2026-01-04
R0000252,O00005036,Damaged Item,2025-08-25
R0000253,O00005081,Late Delivery,2024-12-17
R0000254,O00005090,Damaged Item,2025-05-30
R0000255,O00005131,Size Issue,2024-10-24
R0000256,O00005133,Late Delivery,2024-12-28
R0000257,O00005178,Size Issue,2025-10-08
R0000258,O00005182,Changed Mind,2026-01-04
R0000259,O00005228,Damaged Item,2025-10-18
R0000260,O00005239,Late Delivery,2025-11-23
R0000261,O00005254,Late Delivery,2025-11-29
R0000262,O00005315,Damaged Item,2024-12-24
R0000263,O00005318,Wrong Item,2025-01-31
R0000264,O00005324,Quality Issue,2025-05-23
R0000265,O00005326,Quality Issue,2025-06-29
R0000266,O00005331,Damaged Item,2025-12-15
R0000267,O00005336,Quality Issue,2026-01-23
R0000268,O00005361,Quality Issue,2024-09-04
R0000269,O00005394,Changed Mind,2025-09-03
R0000270,O00005404,Size Issue,2024-04-03
R0000271,O00005419,Changed Mind,2025-12-22
R0000272,O00005452,Damaged Item,2025-12-27
R0000273,O00005457,Wrong Item,2025-07-03
R0000274,O00005461,Wrong Item,2024-01-01
R0000275,O00005473,Wrong Item,2024-12-20
R0000276,O00005482,Quality Issue,2024-06-24
R0000277,O00005519,Late Delivery,2025-11-08
R0000278,O00005538,Damaged Item,2025-01-09
R0000279,O00005546,Quality Issue,2025-07-13
R0000280,O00005575,Damaged Item,2024-12-06
R0000281,O00005601,Damaged Item,2024-11-03
R0000282,O00005610,Changed Mind,2025-07-31
R0000283,O00005622,Late Delivery,2025-05-14
R0000284,O00005634,Changed Mind,2026-01-11
R0000285,O00005655,Changed Mind,2025-11-09
R0000286,O00005662,Damaged Item,2024-05-20
R0000287,O00005667,Damaged Item,2025-07-10
R0000288,O00005668,Damaged Item,2025-07-31
R0000289,O00005819,Damaged Item,2025-11-07
R0000290,O00005822,Changed Mind,2024-11-29
R0000291,O00005828,Changed Mind,2025-11-22
R0000292,O00005833,Late Delivery,2025-10-11
R0000293,O00005838,Damaged Item,2025-12-23
R0000294,O00005849,Wrong Item,2024-10-02
R0000295,O00005871,Changed Mind,2025-07-03
R0000296,O00005880,Damaged Item,2024-12-15
R0000297,O00005912,Quality Issue,2024-02-04
R0000298,O00005919,Quality Issue,2024-02-17
R0000299,O00005924,Changed Mind,2025-07-11
R0000300,O00005942,Quality Issue,2024-02-02
R0000301,O00005971,Late Delivery,2023-07-22
R0000302,O00005982,Wrong Item,2024-09-07
R0000303,O00005991,Quality Issue,2025-12-17
R0000304,O00006014,Damaged Item,2025-08-17
R0000305,O00006056,Size Issue,2026-01-09
R0000306,O00006087,Late Delivery,2025-12-07
R0000307,O00006097,Wrong Item,2025-08-24
R0000308,O00006106,Damaged Item,2025-12-16
R0000309,O00006113,Quality Issue,2025-04-24
R0000310,O00006133,Damaged Item,2025-11-24
R0000311,O00006155,Quality Issue,2023-08-24
R0000312,O00006169,Late Delivery,2026-01-12
R0000313,O00006203,Changed Mind,2025-10-24
R0000314,O00006228,Quality Issue,2024-07-18
R0000315,O00006245,Size Issue,2023-11-03
R0000316,O00006250,Size Issue,2024-02-17
R0000317,O00006263,Size Issue,2025-12-13
R0000318,O00006274,Quality Issue,2023-12-11
R0000319,O00006284,Quality Issue,2025-01-03
R0000320,O00006287,Quality Issue,2025-05-31
R0000321,O00006311,Changed Mind,2024-12-28
R0000322,O00006323,Wrong Item,2025-11-27
R0000323,O00006356,Quality Issue,2025-11-27
R0000324,O00006365,Late Delivery,2025-12-29
R0000325,O00006395,Size Issue,2025-03-18
R0000326,O00006397,Damaged Item,2025-08-18
R0000327,O00006407,Quality Issue,2024-08-19
R0000328,O00006418,Wrong Item,2025-07-17
R0000329,O00006445,Quality Issue,2025-10-13
R0000330,O00006451,Late Delivery,2025-05-28
R0000331,O00006470,Changed Mind,2025-11-20
R0000332,O00006474,Quality Issue,2025-12-19
R0000333,O00006518,Damaged Item,2025-01-17
R0000334,O00006551,Changed Mind,2024-09-07
R0000335,O00006554,Changed Mind,2023-09-26
R0000336,O00006556,Damaged Item,2023-10-09
R0000337,O00006574,Late Delivery,2023-04-27
R0000338,O00006599,Wrong Item,2025-11-04
R0000339,O00006625,Damaged Item,2024-04-05
R0000340,O00006647,Size Issue,2024-09-04
R0000341,O00006680,Size Issue,2024-01-27
R0000342,O00006691,Changed Mind,2024-11-05
R0000343,O00006716,Late Delivery,2025-12-07
R0000344,O00006726,Quality Issue,2024-06-04
R0000345,O00006737,Size Issue,2023-05-15
R0000346,O00006738,Size Issue,2023-08-21
R0000347,O00006748,Late Delivery,2025-01-17
R0000348,O00006778,Damaged Item,2025-03-25
R0000349,O00006789,Damaged Item,2025-04-02
R0000350,O00006801,Wrong Item,2025-08-03
R0000351,O00006836,Changed Mind,2023-05-05
R0000352,O00006838,Size Issue,2023-08-01
R0000353,O00006842,Size Issue,2024-03-02
R0000354,O00006892,Quality Issue,2025-09-10
R0000355,O00006924,Size Issue,2024-05-02
R0000356,O00006940,Wrong Item,2025-11-19
R0000357,O00006941,Damaged Item,2025-12-02
R0000358,O00006951,Size Issue,2025-07-25
R0000359,O00006958,Quality Issue,2025-07-21
R0000360,O00006972,Damaged Item,2024-11-01
R0000361,O00006976,Changed Mind,2025-05-26
R0000362,O00007000,Quality Issue,2025-09-18
R0000363,O00007010,Damaged Item,2024-07-26
R0000364,O00007015,Size Issue,2024-01-05
R0000365,O00007037,Wrong Item,2026-01-15
R0000366,O00007099,Quality Issue,2023-07-15
R0000367,O00007119,Wrong Item,2025-07-27
R0000368,O00007120,Late Delivery,2023-05-24
R0000369,O00007150,Quality Issue,2024-07-22
R0000370,O00007177,Changed Mind,2025-08-23
R0000371,O00007183,Size Issue,2025-11-26
R0000372,O00007204,Wrong Item,2025-12-22
R0000373,O00007207,Damaged Item,2023-12-28
R0000374,O00007241,Changed Mind,2024-11-05
R0000375,O00007281,Quality Issue,2025-04-22
R0000376,O00007303,Size Issue,2025-12-28
R0000377,O00007307,Wrong Item,2023-04-30
R0000378,O00007313,Quality Issue,2025-05-27
R0000379,O00007328,Wrong Item,2024-10-05
R0000380,O00007341,Late Delivery,2025-09-24
R0000381,O00007364,Late Delivery,2025-08-16
R0000382,O00007370,Damaged Item,2025-03-11
R0000383,O00007380,Damaged Item,2026-01-23
R0000384,O00007423,Changed Mind,2025-04-29
R0000385,O00007438,Size Issue,2023-10-31
R0000386,O00007517,Size Issue,2024-09-21
R0000387,O00007521,Wrong Item,2025-03-05
R0000388,O00007536,Damaged Item,2023-01-31
R0000389,O00007631,Damaged Item,2025-08-22
R0000390,O00007641,Quality Issue,2025-06-06
R0000391,O00007642,Damaged Item,2025-01-12
R0000392,O00007645,Wrong Item,2025-11-28
R0000393,O00007670,Quality Issue,2024-08-27
R0000394,O00007721,Size Issue,2024-01-11
R0000395,O00007743,Late Delivery,2023-11-28
R0000396,O00007767,Quality Issue,2023-10-21
R0000397,O00007788,Quality Issue,2025-08-22
R0000398,O00007795,Quality Issue,2025-11-30
R0000399,O00007817,Late Delivery,2025-11-18
R0000400,O00007821,Quality Issue,2025-11-08
R0000401,O00007868,Wrong Item,2025-08-09
R0000402,O00007881,Size Issue,2025-04-24
R0000403,O00007950,Changed Mind,2024-03-28
R0000404,O00007959,Late Delivery,2024-06-22
R0000405,O00007962,Quality Issue,2025-07-11
R0000406,O00007970,Late Delivery,2025-10-27
R0000407,O00007989,Late Delivery,2025-08-23
R0000408,O00008003,Size Issue,2025-09-10
R0000409,O00008009,Quality Issue,2026-01-02
R0000410,O00008010,Size Issue,2025-05-28
R0000411,O00008015,Quality Issue,2025-12-26
R0000412,O00008054,Wrong Item,2025-12-03
R0000413,O00008072,Quality Issue,2025-12-11
R0000414,O00008081,Wrong Item,2025-10-24
R0000415,O00008111,Size Issue,2024-05-15
R0000416,O00008142,Wrong Item,2025-06-21
R0000417,O00008157,Late Delivery,2025-04-01
R0000418,O00008171,Changed Mind,2024-07-18
R0000419,O00008183,Late Delivery,2025-12-30
R0000420,O00008231,Wrong Item,2026-01-04
R0000421,O00008306,Size Issue,2025-07-15
R0000422,O00008332,Size Issue,2025-05-09
R0000423,O00008352,Late Delivery,2025-06-15
R0000424,O00008364,Late Delivery,2025-10-30
R0000425,O00008371,Late Delivery,2025-12-22
R0000426,O00008385,Quality Issue,2025-12-05
R0000427,O00008388,Damaged Item,2025-12-24
R0000428,O00008429,Late Delivery,2024-09-11
R0000429,O00008431,Wrong Item,2025-01-13
R0000430,O00008438,Late Delivery,2025-11-21
R0000431,O00008538,Wrong Item,2023-02-09
R0000432,O00008540,Damaged Item,2025-08-09
R0000433,O00008548,Late Delivery,2025-09-05
R0000434,O00008552,Size Issue,2025-10-31
R0000435,O00008581,Wrong Item,2025-10-04
R0000436,O00008582,Late Delivery,2025-10-11
R0000437,O00008601,Quality Issue,2025-03-03
R0000438,O00008641,Changed Mind,2025-05-24
R0000439,O00008655,Late Delivery,2025-08-16
R0000440,O00008658,Size Issue,2025-10-19
R0000441,O00008662,Late Delivery,2026-01-04
R0000442,O00008667,Quality Issue,2023-12-24
R0000443,O00008689,Late Delivery,2025-11-16
R0000444,O00008751,Changed Mind,2025-02-15
R0000445,O00008774,Size Issue,2025-07-19
R0000446,O00008784,Late Delivery,2024-01-10
R0000447,O00008802,Size Issue,2025-04-15
R0000448,O00008834,Late Delivery,2023-12-12
R0000449,O00008840,Wrong Item,2024-10-14
R0000450,O00008862,Late Delivery,2025-07-09
R0000451,O00008872,Damaged Item,2024-12-31
R0000452,O00008891,Late Delivery,2025-09-21
R0000453,O00008902,Late Delivery,2023-07-10
R0000454,O00008906,Quality Issue,2025-07-28
R0000455,O00008937,Damaged Item,2024-12-11
R0000456,O00008941,Damaged Item,2025-11-26
R0000457,O00008958,Late Delivery,2025-08-16
R0000458,O00009006,Damaged Item,2025-08-13
R0000459,O00009012,Changed Mind,2025-05-05
R0000460,O00009048,Damaged Item,2025-11-17
R0000461,O00009060,Wrong Item,2024-10-23
R0000462,O00009077,Changed Mind,2023-04-03
R0000463,O00009079,Wrong Item,2023-08-12
R0000464,O00009105,Quality Issue,2025-07-08
R0000465,O00009108,Wrong Item,2025-09-24
R0000466,O00009136,Late Delivery,2025-04-25
R0000467,O00009137,Wrong Item,2025-05-19
R0000468,O00009162,Quality Issue,2025-02-22
R0000469,O00009171,Quality Issue,2023-11-10
R0000470,O00009173,Late Delivery,2024-02-16
R0000471,O00009180,Late Delivery,2025-01-01
R0000472,O00009208,Quality Issue,2025-01-10
R0000473,O00009209,Quality Issue,2025-02-09
R0000474,O00009228,Quality Issue,2025-03-02
R0000475,O00009234,Damaged Item,2025-11-20
R0000476,O00009250,Size Issue,2026-01-25
R0000477,O00009252,Changed Mind,2025-04-25
R0000478,O00009253,Wrong Item,2025-04-22
R0000479,O00009258,Wrong Item,2025-03-24
R0000480,O00009294,Late Delivery,2024-06-07
R0000481,O00009311,Damaged Item,2025-07-25
R0000482,O00009338,Quality Issue,2024-12-19
R0000483,O00009371,Size Issue,2025-10-11
R0000484,O00009403,Wrong Item,2026-01-20
R0000485,O00009419,Late Delivery,2025-06-21
R0000486,O00009435,Damaged Item,2024-06-21
R0000487,O00009437,Changed Mind,2024-07-29
R0000488,O00009445,Damaged Item,2025-12-03
R0000489,O00009463,Quality Issue,2025-05-27
R0000490,O00009496,Changed Mind,2025-12-26
R0000491,O00009528,Damaged Item,2025-11-09
R0000492,O00009543,Late Delivery,2023-09-16
R0000493,O00009547,Wrong Item,2024-10-21
R0000494,O00009568,Size Issue,2025-10-01
R0000495,O00009574,Late Delivery,2024-12-20
R0000496,O00009605,Size Issue,2024-10-15
R0000497,O00009616,Wrong Item,2025-11-11
R0000498,O00009618,Late Delivery,2025-12-30
R0000499,O00009670,Wrong Item,2025-12-31
R0000500,O00009674,Late Delivery,2025-07-08
R0000501,O00009676,Wrong Item,2025-10-24
R0000502,O00009678,Late Delivery,2025-10-30
R0000503,O00009686,Late Delivery,2025-11-10
R0000504,O00009695,Quality Issue,2024-02-15
R0000505,O00009707,Late Delivery,2024-09-12
R0000506,O00009734,Wrong Item,2026-01-27
R0000507,O00009742,Quality Issue,2025-09-10
R0000508,O00009753,Wrong Item,2025-01-03
R0000509,O00009767,Wrong Item,2026-01-15
R0000510,O00009783,Size Issue,2024-07-23
R0000511,O00009791,Wrong Item,2025-10-18
R0000512,O00009793,Size Issue,2025-11-29
R0000513,O00009812,Changed Mind,2025-10-22
R0000514,O00009838,Changed Mind,2026-01-07
R0000515,O00009900,Changed Mind,2025-11-07
R0000516,O00009909,Changed Mind,2024-11-13
R0000517,O00009946,Changed Mind,2025-01-18
R0000518,O00009960,Changed Mind,2024-06-13
R0000519,O00009991,Damaged Item,2025-07-10
R0000520,O00010024,Quality Issue,2025-01-24
R0000521,O00010031,Late Delivery,2026-01-02
R0000522,O00010036,Quality Issue,2024-12-03
R0000523,O00010050,Changed Mind,2025-09-27
R0000524,O00010067,Quality Issue,2025-07-07
R0000525,O00010082,Wrong Item,2025-07-01
R0000526,O00010097,Wrong Item,2025-06-10
R0000527,O00010098,Late Delivery,2024-09-09
R0000528,O00010100,Damaged Item,2025-12-28
R0000529,O00010102,Late Delivery,2023-03-22
R0000530,O00010119,Size Issue,2024-12-21
R0000531,O00010121,Size Issue,2025-02-28
R0000532,O00010134,Damaged Item,2024-11-26
R0000533,O00010184,Damaged Item,2025-10-27
R0000534,O00010197,Wrong Item,2025-09-21
R0000535,O00010225,Quality Issue,2024-08-23
R0000536,O00010266,Size Issue,2025-11-07
R0000537,O00010279,Damaged Item,2024-04-05
R0000538,O00010344,Quality Issue,2025-01-21
R0000539,O00010357,Late Delivery,2026-01-05
R0000540,O00010376,Damaged Item,2025-12-31
R0000541,O00010377,Late Delivery,2025-12-18
R0000542,O00010395,Late Delivery,2025-06-19
R0000543,O00010412,Changed Mind,2025-09-12
R0000544,O00010432,Changed Mind,2024-12-13
R0000545,O00010441,Quality Issue,2025-11-24
R0000546,O00010448,Changed Mind,2024-02-25
R0000547,O00010463,Late Delivery,2025-09-11
R0000548,O00010529,Changed Mind,2026-01-03
R0000549,O00010547,Wrong Item,2025-04-22
R0000550,O00010567,Size Issue,2023-11-29
R0000551,O00010581,Late Delivery,2025-09-14
R0000552,O00010600,Damaged Item,2025-06-12
R0000553,O00010601,Size Issue,2025-11-17
R0000554,O00010608,Damaged Item,2025-08-03
R0000555,O00010619,Quality Issue,2025-04-29
R0000556,O00010628,Wrong Item,2025-09-27
R0000557,O00010631,Late Delivery,2024-12-08
R0000558,O00010636,Quality Issue,2024-06-11
R0000559,O00010653,Changed Mind,2024-12-29
R0000560,O00010738,Changed Mind,2025-08-20
R0000561,O00010746,Quality Issue,2025-05-21
R0000562,O00010773,Wrong Item,2026-01-21
R0000563,O00010806,Wrong Item,2025-05-05
R0000564,O00010838,Late Delivery,2024-10-13
R0000565,O00010881,Size Issue,2025-04-11
R0000566,O00010885,Late Delivery,2025-06-05
R0000567,O00010927,Late Delivery,2023-09-29
R0000568,O00010951,Changed Mind,2025-08-24
R0000569,O00010960,Quality Issue,2023-11-23
R0000570,O00010981,Quality Issue,2025-01-10
R0000571,O00010997,Size Issue,2024-12-24
R0000572,O00011020,Damaged Item,2024-05-09
R0000573,O00011028,Damaged Item,2023-02-24
R0000574,O00011041,Quality Issue,2023-08-09
R0000575,O00011054,Quality Issue,2023-10-27
R0000576,O00011058,Wrong Item,2025-02-15
R0000577,O00011077,Size Issue,2025-04-12
R0000578,O00011105,Damaged Item,2025-05-15
R0000579,O00011118,Late Delivery,2025-12-10
R0000580,O00011119,Changed Mind,2025-12-20
R0000581,O00011176,Changed Mind,2025-09-09
R0000582,O00011206,Damaged Item,2025-11-29
R0000583,O00011227,Quality Issue,2025-10-31
R0000584,O00011302,Changed Mind,2025-10-27
R0000585,O00011341,Changed Mind,2025-03-29
R0000586,O00011349,Quality Issue,2025-12-09
R0000587,O00011383,Late Delivery,2023-05-27
R0000588,O00011385,Late Delivery,2023-10-05
R0000589,O00011396,Changed Mind,2025-01-20
R0000590,O00011419,Damaged Item,2024-12-28
R0000591,O00011447,Damaged Item,2024-10-21
R0000592,O00011449,Size Issue,2025-01-14
R0000593,O00011460,Damaged Item,2024-09-27
R0000594,O00011483,Damaged Item,2025-05-23
R0000595,O00011489,Late Delivery,2024-07-17
R0000596,O00011535,Late Delivery,2024-06-10
R0000597,O00011547,Changed Mind,2023-10-08
R0000598,O00011630,Quality Issue,2023-07-20
R0000599,O00011661,Damaged Item,2025-12-14
R0000600,O00011680,Damaged Item,2025-11-06
R0000601,O00011701,Damaged Item,2025-01-19
R0000602,O00011702,Quality Issue,2025-01-08
R0000603,O00011706,Late Delivery,2025-05-21
R0000604,O00011755,Changed Mind,2025-02-23
R0000605,O00011783,Wrong Item,2025-12-22
R0000606,O00011786,Changed Mind,2025-12-28
R0000607,O00011797,Quality Issue,2025-10-07
R0000608,O00011804,Late Delivery,2026-01-18
R0000609,O00011810,Damaged Item,2025-08-06
R0000610,O00011811,Late Delivery,2025-12-17
R0000611,O00011827,Wrong Item,2025-07-30
R0000612,O00011835,Damaged Item,2024-07-03
R0000613,O00011872,Late Delivery,2025-05-24
R0000614,O00011878,Changed Mind,2025-10-14
R0000615,O00011901,Late Delivery,2024-08-10
R0000616,O00011938,Quality Issue,2025-11-22
R0000617,O00011958,Late Delivery,2025-07-11
R0000618,O00012011,Size Issue,2025-08-27
R0000619,O00012016,Quality Issue,2025-09-13
R0000620,O00012027,Quality Issue,2024-06-14
R0000621,O00012030,Changed Mind,2023-02-23
R0000622,O00012039,Changed Mind,2023-08-25
R0000623,O00012097,Quality Issue,2025-06-10
R0000624,O00012191,Size Issue,2026-01-06
R0000625,O00012201,Size Issue,2025-06-21
R0000626,O00012217,Quality Issue,2025-09-17
R0000627,O00012233,Size Issue,2024-11-28
R0000628,O00012252,Size Issue,2024-07-13
R0000629,O00012276,Damaged Item,2023-06-04
R0000630,O00012289,Wrong Item,2025-08-08
R0000631,O00012290,Quality Issue,2025-10-13
R0000632,O00012328,Damaged Item,2023-11-29
R0000633,O00012359,Wrong Item,2025-09-17
R0000634,O00012382,Damaged Item,2025-01-08
R0000635,O00012451,Size Issue,2023-12-26
R0000636,O00012472,Quality Issue,2025-10-29
R0000637,O00012477,Size Issue,2025-12-15
R0000638,O00012516,Changed Mind,2025-01-08
R0000639,O00012557,Size Issue,2025-08-12
R0000640,O00012574,Wrong Item,2025-03-30
R0000641,O00012588,Damaged Item,2024-12-26
R0000642,O00012599,Late Delivery,2025-05-20
R0000643,O00012607,Quality Issue,2025-07-02
R0000644,O00012613,Damaged Item,2025-09-19
R0000645,O00012640,Wrong Item,2025-11-01
R0000646,O00012642,Quality Issue,2026-01-02
R0000647,O00012665,Wrong Item,2025-11-19
R0000648,O00012674,Damaged Item,2024-12-30
R0000649,O00012711,Quality Issue,2025-07-23
R0000650,O00012714,Size Issue,2025-11-16
R0000651,O00012733,Wrong Item,2026-01-12
R0000652,O00012740,Quality Issue,2024-06-08
R0000653,O00012748,Changed Mind,2024-11-13
R0000654,O00012751,Late Delivery,2025-05-12
R0000655,O00012778,Late Delivery,2025-07-19
R0000656,O00012788,Quality Issue,2025-04-27
R0000657,O00012798,Quality Issue,2025-09-15
R0000658,O00012823,Quality Issue,2026-01-12
R0000659,O00012835,Quality Issue,2025-09-15
R0000660,O00012851,Quality Issue,2025-05-22
R0000661,O00012877,Quality Issue,2025-06-06
R0000662,O00012882,Quality Issue,2025-11-08
R0000663,O00012894,Changed Mind,2023-02-19
R0000664,O00012925,Size Issue,2024-09-10
R0000665,O00012944,Damaged Item,2025-02-10
R0000666,O00012952,Size Issue,2025-12-19
R0000667,O00012961,Damaged Item,2025-03-10
R0000668,O00012963,Wrong Item,2025-08-05
R0000669,O00012973,Quality Issue,2025-08-15
R0000670,O00012982,Size Issue,2026-01-18
R0000671,O00013037,Wrong Item,2024-12-27
R0000672,O00013041,Damaged Item,2025-07-08
R0000673,O00013055,Wrong Item,2024-04-17
R0000674,O00013073,Quality Issue,2025-11-01
R0000675,O00013100,Damaged Item,2024-12-22
R0000676,O00013126,Size Issue,2024-08-29
R0000677,O00013133,Wrong Item,2025-08-19
R0000678,O00013147,Late Delivery,2023-08-12
R0000679,O00013150,Quality Issue,2024-01-07
R0000680,O00013170,Late Delivery,2024-10-15
R0000681,O00013204,Damaged Item,2023-08-26
R0000682,O00013210,Damaged Item,2025-10-10
R0000683,O00013223,Changed Mind,2025-12-12
R0000684,O00013237,Size Issue,2024-12-08
R0000685,O00013241,Changed Mind,2025-12-19
R0000686,O00013245,Quality Issue,2025-02-20
R0000687,O00013262,Late Delivery,2024-10-23
R0000688,O00013272,Damaged Item,2025-02-28
R0000689,O00013283,Changed Mind,2025-04-20
R0000690,O00013355,Late Delivery,2026-01-01
R0000691,O00013357,Quality Issue,2023-09-20
R0000692,O00013374,Changed Mind,2025-05-18
R0000693,O00013452,Damaged Item,2026-01-02
R0000694,O00013453,Damaged Item,2024-04-07
R0000695,O00013461,Damaged Item,2025-12-04
R0000696,O00013494,Size Issue,2024-03-20
R0000697,O00013535,Quality Issue,2025-01-04
R0000698,O00013570,Size Issue,2024-02-01
R0000699,O00013571,Quality Issue,2024-02-18
R0000700,O00013579,Damaged Item,2024-10-26
R0000701,O00013596,Quality Issue,2026-01-03
R0000702,O00013619,Size Issue,2025-12-18
R0000703,O00013620,Late Delivery,2026-01-15
R0000704,O00013629,Wrong Item,2024-12-08
R0000705,O00013650,Size Issue,2024-06-28
R0000706,O00013688,Late Delivery,2025-05-29
R0000707,O00013709,Quality Issue,2025-12-01
R0000708,O00013715,Damaged Item,2025-12-19
R0000709,O00013718,Damaged Item,2026-01-21
R0000710,O00013723,Quality Issue,2026-01-17
R0000711,O00013731,Changed Mind,2024-03-04
R0000712,O00013759,Size Issue,2025-10-22
R0000713,O00013761,Size Issue,2026-01-09
R0000714,O00013769,Quality Issue,2024-11-20
R0000715,O00013777,Wrong Item,2025-01-06
R0000716,O00013779,Damaged Item,2025-02-13
R0000717,O00013781,Late Delivery,2025-07-25
R0000718,O00013795,Changed Mind,2025-12-05
R0000719,O00013810,Quality Issue,2025-09-15
R0000720,O00013820,Quality Issue,2025-11-30
R0000721,O00013851,Late Delivery,2025-02-15
R0000722,O00013882,Late Delivery,2024-07-11
R0000723,O00013890,Damaged Item,2025-08-14
R0000724,O00013892,Size Issue,2025-11-15
R0000725,O00013901,Wrong Item,2023-10-12
R0000726,O00013913,Damaged Item,2024-12-20
R0000727,O00013932,Size Issue,2026-01-15
R0000728,O00013940,Quality Issue,2025-06-22
R0000729,O00013953,Quality Issue,2025-12-16
R0000730,O00013955,Changed Mind,2026-01-08
R0000731,O00013968,Changed Mind,2025-01-05
R0000732,O00014007,Changed Mind,2024-07-01
R0000733,O00014021,Size Issue,2025-03-21
R0000734,O00014037,Late Delivery,2025-09-30
R0000735,O00014065,Changed Mind,2025-11-18
R0000736,O00014096,Wrong Item,2025-07-14
R0000737,O00014102,Damaged Item,2025-11-25
R0000738,O00014103,Wrong Item,2026-01-01
R0000739,O00014138,Late Delivery,2025-09-17
R0000740,O00014185,Damaged Item,2024-07-14
R0000741,O00014189,Damaged Item,2025-08-21
R0000742,O00014191,Late Delivery,2025-10-18
R0000743,O00014195,Size Issue,2023-06-23
R0000744,O00014228,Late Delivery,2025-05-20
R0000745,O00014240,Wrong Item,2024-01-06
R0000746,O00014299,Quality Issue,2025-06-22
R0000747,O00014308,Damaged Item,2024-05-31
R0000748,O00014322,Late Delivery,2025-12-11
R0000749,O00014327,Size Issue,2025-04-23
R0000750,O00014350,Wrong Item,2025-07-25
R0000751,O00014397,Changed Mind,2026-01-09
R0000752,O00014412,Changed Mind,2025-09-28
R0000753,O00014421,Quality Issue,2023-03-15
R0000754,O00014422,Damaged Item,2025-04-15
R0000755,O00014449,Damaged Item,2025-12-02
R0000756,O00014454,Wrong Item,2025-04-22
R0000757,O00014455,Changed Mind,2025-04-26
R0000758,O00014458,Changed Mind,2025-09-27
R0000759,O00014465,Size Issue,2025-01-27
R0000760,O00014479,Damaged Item,2024-03-30
R0000761,O00014500,Wrong Item,2024-09-17
R0000762,O00014527,Size Issue,2026-01-02
R0000763,O00014578,Damaged Item,2025-12-15
R0000764,O00014595,Damaged Item,2025-11-01
R0000765,O00014607,Damaged Item,2025-12-13
R0000766,O00014617,Quality Issue,2024-12-15
R0000767,O00014630,Wrong Item,2025-12-31
R0000768,O00014631,Damaged Item,2024-09-14
R0000769,O00014641,Quality Issue,2026-01-21
R0000770,O00014645,Quality Issue,2024-03-21
R0000771,O00014660,Quality Issue,2025-06-08
R0000772,O00014695,Size Issue,2025-06-07
R0000773,O00014696,Wrong Item,2025-05-26
R0000774,O00014709,Quality Issue,2024-01-02
R0000775,O00014713,Size Issue,2026-01-24
R0000776,O00014716,Damaged Item,2025-11-02
R0000777,O00014761,Quality Issue,2025-01-19
R0000778,O00014782,Changed Mind,2025-07-29
R0000779,O00014785,Late Delivery,2023-07-03
R0000780,O00014819,Quality Issue,2026-01-11
R0000781,O00014898,Late Delivery,2025-10-11
R0000782,O00014910,Changed Mind,2025-01-21
R0000783,O00014920,Size Issue,2026-01-02
R0000784,O00014922,Damaged Item,2025-12-08
R0000785,O00014934,Wrong Item,2024-02-22
R0000786,O00014938,Damaged Item,2024-07-11
R0000787,O00014943,Damaged Item,2024-11-16
R0000788,O00014949,Wrong Item,2025-06-23
R0000789,O00014987,Late Delivery,2025-10-02
R0000790,O00015018,Damaged Item,2025-11-19
R0000791,O00015051,Size Issue,2025-04-26
R0000792,O00015062,Quality Issue,2025-11-14
R0000793,O00015082,Late Delivery,2025-06-18
R0000794,O00015095,Late Delivery,2024-05-24
R0000795,O00015131,Damaged Item,2026-01-06
R0000796,O00015136,Changed Mind,2024-10-30
R0000797,O00015146,Quality Issue,2025-06-02
R0000798,O00015186,Size Issue,2025-11-07
R0000799,O00015206,Size Issue,2024-04-21
R0000800,O00015229,Late Delivery,2025-05-31
R0000801,O00015233,Size Issue,2024-05-27
R0000802,O00015235,Size Issue,2025-10-14
R0000803,O00015245,Late Delivery,2026-01-05
R0000804,O00015246,Late Delivery,2025-11-30
R0000805,O00015255,Late Delivery,2024-09-18
R0000806,O00015283,Late Delivery,2025-04-04
R0000807,O00015289,Damaged Item,2026-01-25
R0000808,O00015295,Changed Mind,2025-07-21
R0000809,O00015320,Changed Mind,2025-12-16
R0000810,O00015336,Late Delivery,2025-06-15
R0000811,O00015352,Late Delivery,2025-12-06
R0000812,O00015362,Damaged Item,2026-01-06
R0000813,O00015372,Late Delivery,2025-08-10
R0000814,O00015375,Quality Issue,2025-10-16
R0000815,O00015389,Late Delivery,2025-07-15
R0000816,O00015469,Changed Mind,2026-01-06
R0000817,O00015477,Quality Issue,2025-04-26
R0000818,O00015514,Damaged Item,2025-08-31
R0000819,O00015529,Size Issue,2025-10-20
R0000820,O00015545,Late Delivery,2025-05-08
R0000821,O00015566,Changed Mind,2024-12-26
R0000822,O00015611,Damaged Item,2025-01-05
R0000823,O00015637,Wrong Item,2025-10-21
R0000824,O00015660,Size Issue,2025-12-14
R0000825,O00015661,Late Delivery,2026-01-01
R0000826,O00015690,Damaged Item,2025-04-14
R0000827,O00015700,Wrong Item,2024-05-31
R0000828,O00015708,Size Issue,2025-10-04
R0000829,O00015720,Quality Issue,2025-11-29
R0000830,O00015742,Damaged Item,2024-02-25
R0000831,O00015743,Damaged Item,2024-06-24
R0000832,O00015763,Quality Issue,2024-12-15
R0000833,O00015773,Late Delivery,2025-09-22
R0000834,O00015788,Damaged Item,2025-01-06
R0000835,O00015815,Quality Issue,2024-03-20
R0000836,O00015850,Changed Mind,2025-10-03
R0000837,O00015856,Size Issue,2023-09-03
R0000838,O00015893,Late Delivery,2026-01-01
R0000839,O00015908,Damaged Item,2025-01-18
R0000840,O00015942,Wrong Item,2023-12-19
R0000841,O00015969,Size Issue,2025-09-12
R0000842,O00015998,Damaged Item,2026-01-14
R0000843,O00016009,Quality Issue,2025-03-27
R0000844,O00016012,Quality Issue,2025-06-14
R0000845,O00016027,Quality Issue,2026-01-07
R0000846,O00016037,Quality Issue,2025-09-08
R0000847,O00016057,Quality Issue,2024-12-03
R0000848,O00016064,Size Issue,2025-07-28
R0000849,O00016067,Size Issue,2025-07-28
R0000850,O00016096,Quality Issue,2026-01-17
R0000851,O00016119,Wrong Item,2024-07-29
R0000852,O00016165,Late Delivery,2024-11-28
R0000853,O00016201,Size Issue,2025-10-06
R0000854,O00016209,Late Delivery,2026-01-19
R0000855,O00016242,Size Issue,2024-01-10
R0000856,O00016293,Quality Issue,2024-08-08
R0000857,O00016296,Changed Mind,2024-07-14
R0000858,O00016298,Size Issue,2025-06-05
R0000859,O00016302,Size Issue,2024-12-25
R0000860,O00016320,Wrong Item,2025-12-15
R0000861,O00016346,Late Delivery,2025-08-13
R0000862,O00016364,Late Delivery,2024-03-03
R0000863,O00016415,Damaged Item,2025-08-06
R0000864,O00016421,Changed Mind,2023-08-10
R0000865,O00016450,Quality Issue,2025-09-07
R0000866,O00016456,Quality Issue,2025-01-30
R0000867,O00016482,Quality Issue,2025-10-17
R0000868,O00016496,Late Delivery,2025-04-26
R0000869,O00016500,Size Issue,2025-05-29
R0000870,O00016525,Wrong Item,2026-01-06
R0000871,O00016534,Changed Mind,2025-07-26
R0000872,O00016535,Quality Issue,2025-11-10
R0000873,O00016540,Quality Issue,2024-05-09
R0000874,O00016551,Quality Issue,2025-11-03
R0000875,O00016584,Damaged Item,2024-09-07
R0000876,O00016638,Wrong Item,2025-11-13
R0000877,O00016649,Damaged Item,2025-10-03
R0000878,O00016658,Size Issue,2023-11-14
R0000879,O00016666,Quality Issue,2025-10-23
R0000880,O00016673,Changed Mind,2024-05-02
R0000881,O00016678,Damaged Item,2025-08-20
R0000882,O00016685,Damaged Item,2025-12-04
R0000883,O00016713,Damaged Item,2025-09-27
R0000884,O00016723,Late Delivery,2024-07-22
R0000885,O00016777,Quality Issue,2025-09-17
R0000886,O00016806,Late Delivery,2025-11-09
R0000887,O00016807,Damaged Item,2023-12-30
R0000888,O00016822,Size Issue,2024-04-22
R0000889,O00016827,Damaged Item,2024-08-26
R0000890,O00016849,Damaged Item,2026-01-16
R0000891,O00016885,Quality Issue,2025-12-23
R0000892,O00016888,Changed Mind,2026-01-02
R0000893,O00016919,Late Delivery,2025-11-18
R0000894,O00016939,Changed Mind,2025-08-27
R0000895,O00016940,Changed Mind,2025-09-03
R0000896,O00016953,Changed Mind,2024-01-23
R0000897,O00016954,Late Delivery,2024-01-08
R0000898,O00016971,Quality Issue,2025-08-22
R0000899,O00016997,Damaged Item,2025-12-03
R0000900,O00017031,Quality Issue,2025-06-02
R0000901,O00017058,Size Issue,2025-09-07
R0000902,O00017069,Late Delivery,2024-12-24
R0000903,O00017074,Wrong Item,2025-08-20
R0000904,O00017093,Late Delivery,2025-11-16
R0000905,O00017096,Size Issue,2025-12-05
R0000906,O00017114,Quality Issue,2025-08-23
R0000907,O00017140,Damaged Item,2025-05-30
R0000908,O00017147,Quality Issue,2025-11-10
R0000909,O00017154,Damaged Item,2023-07-23
R0000910,O00017177,Changed Mind,2024-09-04
R0000911,O00017179,Damaged Item,2024-09-18
R0000912,O00017180,Late Delivery,2025-01-19
R0000913,O00017198,Changed Mind,2024-04-03
R0000914,O00017231,Size Issue,2024-07-29
R0000915,O00017246,Quality Issue,2024-01-10
R0000916,O00017269,Quality Issue,2025-09-19
R0000917,O00017324,Damaged Item,2025-11-30
R0000918,O00017345,Quality Issue,2026-01-03
R0000919,O00017356,Changed Mind,2025-12-23
R0000920,O00017363,Late Delivery,2024-01-12
R0000921,O00017391,Damaged Item,2025-08-21
R0000922,O00017432,Quality Issue,2024-09-09
R0000923,O00017439,Late Delivery,2025-04-22
R0000924,O00017441,Late Delivery,2025-06-14
R0000925,O00017473,Changed Mind,2025-02-11
R0000926,O00017496,Quality Issue,2025-09-28
R0000927,O00017498,Late Delivery,2025-10-29
R0000928,O00017503,Size Issue,2025-11-22
R0000929,O00017534,Wrong Item,2024-01-09
R0000930,O00017543,Late Delivery,2025-12-30
R0000931,O00017547,Wrong Item,2024-12-18
R0000932,O00017560,Size Issue,2025-09-18
R0000933,O00017564,Changed Mind,2025-10-23
R0000934,O00017566,Wrong Item,2025-10-08
R0000935,O00017574,Damaged Item,2025-12-06
R0000936,O00017582,Changed Mind,2025-11-10
R0000937,O00017597,Wrong Item,2025-07-13
R0000938,O00017626,Quality Issue,2024-12-07
R0000939,O00017645,Damaged Item,2024-08-30
R0000940,O00017673,Changed Mind,2025-06-01
R0000941,O00017688,Quality Issue,2025-09-06
R0000942,O00017703,Damaged Item,2025-12-26
R0000943,O00017713,Wrong Item,2025-02-03
R0000944,O00017717,Quality Issue,2025-05-15
R0000945,O00017740,Size Issue,2025-09-02
R0000946,O00017741,Late Delivery,2025-10-17
R0000947,O00017776,Quality Issue,2025-07-15
R0000948,O00017817,Wrong Item,2025-08-24
R0000949,O00017840,Wrong Item,2025-06-22
R0000950,O00017905,Quality Issue,2024-12-20
R0000951,O00017925,Size Issue,2025-01-26
R0000952,O00017930,Damaged Item,2025-09-18
R0000953,O00017933,Late Delivery,2025-12-07
R0000954,O00017964,Quality Issue,2024-06-15
R0000955,O00017971,Quality Issue,2025-09-13
R0000956,O00017981,Wrong Item,2024-08-28
R0000957,O00017996,Wrong Item,2025-04-04
R0000958,O00018008,Late Delivery,2024-09-05
R0000959,O00018017,Quality Issue,2026-01-27
R0000960,O00018072,Wrong Item,2025-12-16
R0000961,O00018078,Quality Issue,2025-12-03
R0000962,O00018100,Changed Mind,2023-02-26
R0000963,O00018111,Damaged Item,2024-09-11
R0000964,O00018115,Damaged Item,2025-04-04
R0000965,O00018132,Damaged Item,2025-11-19
R0000966,O00018138,Quality Issue,2026-01-17
R0000967,O00018154,Damaged Item,2025-12-07
R0000968,O00018165,Size Issue,2025-06-11
R0000969,O00018183,Changed Mind,2025-08-01
R0000970,O00018242,Size Issue,2025-06-27
R0000971,O00018244,Quality Issue,2025-11-14
R0000972,O00018247,Changed Mind,2024-12-14
R0000973,O00018252,Size Issue,2025-10-29
R0000974,O00018309,Damaged Item,2025-10-25
R0000975,O00018311,Changed Mind,2023-09-14
R0000976,O00018312,Changed Mind,2023-11-05
R0000977,O00018352,Quality Issue,2025-12-07
R0000978,O00018380,Wrong Item,2025-06-06
R0000979,O00018383,Wrong Item,2025-08-08
R0000980,O00018469,Changed Mind,2025-10-30
R0000981,O00018471,Size Issue,2024-07-09
R0000982,O00018494,Late Delivery,2025-09-29
R0000983,O00018513,Quality Issue,2025-09-23
R0000984,O00018519,Wrong Item,2025-05-10
R0000985,O00018577,Quality Issue,2024-07-26
R0000986,O00018585,Size Issue,2025-02-23
R0000987,O00018586,Quality Issue,2025-07-15
R0000988,O00018630,Quality Issue,2025-01-16
R0000989,O00018643,Damaged Item,2025-07-29
R0000990,O00018657,Size Issue,2024-08-23
R0000991,O00018660,Wrong Item,2024-11-13
R0000992,O00018677,Quality Issue,2025-05-04
R0000993,O00018698,Changed Mind,2024-11-25
R0000994,O00018702,Late Delivery,2025-10-19
R0000995,O00018708,Quality Issue,2025-09-18
R0000996,O00018714,Changed Mind,2025-10-28
R0000997,O00018715,Size Issue,2025-09-27
R0000998,O00018731,Damaged Item,2024-10-13
R0000999,O00018764,Damaged Item,2025-01-16
R0001000,O00018765,Changed Mind,2025-01-09
R0001001,O00018783,Size Issue,2024-01-16
R0001002,O00018789,Wrong Item,2024-08-13
R0001003,O00018792,Wrong Item,2025-02-05
R0001004,O00018802,Size Issue,2023-09-13
R0001005,O00018803,Wrong Item,2023-10-25
R0001006,O00018811,Size Issue,2025-12-06
R0001007,O00018817,Damaged Item,2025-01-06
R0001008,O00018822,Wrong Item,2025-05-24
R0001009,O00018831,Changed Mind,2023-03-26
R0001010,O00018865,Changed Mind,2025-06-27
R0001011,O00018899,Changed Mind,2026-01-04
R0001012,O00018918,Late Delivery,2025-10-07
R0001013,O00018947,Late Delivery,2025-10-04
R0001014,O00018970,Late Delivery,2025-10-18
R0001015,O00018971,Wrong Item,2025-11-27
R0001016,O00018983,Damaged Item,2025-12-17
R0001017,O00018988,Wrong Item,2025-08-29
R0001018,O00019048,Wrong Item,2025-12-12
R0001019,O00019075,Quality Issue,2025-12-12
R0001020,O00019096,Quality Issue,2024-08-09
R0001021,O00019098,Quality Issue,2025-01-21
R0001022,O00019116,Damaged Item,2023-10-01
R0001023,O00019155,Damaged Item,2025-03-15
R0001024,O00019192,Size Issue,2026-01-06
R0001025,O00019197,Quality Issue,2024-10-28
R0001026,O00019238,Damaged Item,2024-07-17
R0001027,O00019243,Size Issue,2025-03-23
R0001028,O00019244,Damaged Item,2025-03-24
R0001029,O00019266,Size Issue,2025-09-27
R0001030,O00019316,Wrong Item,2024-07-28
R0001031,O00019358,Damaged Item,2024-12-20
R0001032,O00019375,Changed Mind,2025-10-31
R0001033,O00019379,Size Issue,2025-11-03
R0001034,O00019395,Quality Issue,2024-11-12
R0001035,O00019403,Late Delivery,2024-05-28
R0001036,O00019408,Changed Mind,2025-01-15
R0001037,O00019434,Wrong Item,2025-11-19
R0001038,O00019468,Wrong Item,2025-03-15
R0001039,O00019504,Changed Mind,2024-04-19
R0001040,O00019507,Changed Mind,2025-06-18
R0001041,O00019508,Damaged Item,2025-10-09
R0001042,O00019515,Changed Mind,2024-01-18
R0001043,O00019535,Damaged Item,2025-12-27
R0001044,O00019537,Wrong Item,2024-01-07
R0001045,O00019566,Quality Issue,2023-08-31
R0001046,O00019568,Damaged Item,2025-11-30
R0001047,O00019579,Late Delivery,2024-01-13
R0001048,O00019595,Damaged Item,2025-09-23
R0001049,O00019661,Damaged Item,2025-02-18
R0001050,O00019706,Changed Mind,2024-05-10
R0001051,O00019743,Quality Issue,2025-09-28
R0001052,O00019787,Wrong Item,2025-07-17
R0001053,O00019788,Wrong Item,2025-09-16
R0001054,O00019804,Changed Mind,2025-08-17
R0001055,O00019818,Quality Issue,2025-01-22
R0001056,O00019836,Size Issue,2025-10-05
R0001057,O00019857,Quality Issue,2025-06-10
R0001058,O00019861,Size Issue,2025-07-07
R0001059,O00019863,Late Delivery,2026-01-20
R0001060,O00019874,Quality Issue,2024-03-13
R0001061,O00019881,Quality Issue,2024-09-03
R0001062,O00019882,Damaged Item,2024-12-10
R0001063,O00019885,Damaged Item,2025-05-01
R0001064,O00019900,Damaged Item,2024-12-14
R0001065,O00019920,Damaged Item,2024-01-01
R0001066,O00019922,Wrong Item,2025-10-26
R0001067,O00019953,Damaged Item,2025-12-19
R0001068,O00019958,Quality Issue,2025-05-17
R0001069,O00019959,Late Delivery,2025-10-07
R0001070,O00020055,Damaged Item,2025-08-24
R0001071,O00020056,Quality Issue,2025-10-25
R0001072,O00020080,Damaged Item,2024-10-23
R0001073,O00020098,Quality Issue,2026-01-05
R0001074,O00020104,Size Issue,2025-08-01
R0001075,O00020133,Damaged Item,2025-10-08
R0001076,O00020144,Late Delivery,2025-01-30
R0001077,O00020148,Late Delivery,2025-04-26
R0001078,O00020151,Changed Mind,2025-09-17
R0001079,O00020155,Late Delivery,2025-12-14
R0001080,O00020207,Wrong Item,2025-12-01
R0001081,O00020231,Quality Issue,2025-04-28
R0001082,O00020292,Size Issue,2025-10-25
R0001083,O00020298,Size Issue,2023-09-17
R0001084,O00020300,Changed Mind,2024-12-01
R0001085,O00020417,Wrong Item,2025-06-19
R0001086,O00020421,Size Issue,2024-12-24
R0001087,O00020424,Size Issue,2023-06-03
R0001088,O00020439,Wrong Item,2025-12-20
R0001089,O00020450,Size Issue,2025-11-06
R0001090,O00020470,Wrong Item,2025-12-30
R0001091,O00020488,Size Issue,2025-04-29
R0001092,O00020526,Damaged Item,2025-09-22
R0001093,O00020548,Size Issue,2023-11-24
R0001094,O00020592,Damaged Item,2026-01-13
R0001095,O00020609,Changed Mind,2025-09-24
R0001096,O00020615,Quality Issue,2024-08-31
R0001097,O00020634,Quality Issue,2023-07-11
R0001098,O00020661,Size Issue,2024-07-21
R0001099,O00020666,Wrong Item,2025-11-30
R0001100,O00020668,Late Delivery,2025-07-18
R0001101,O00020713,Damaged Item,2025-02-10
R0001102,O00020772,Damaged Item,2023-08-30
R0001103,O00020773,Damaged Item,2024-06-28
R0001104,O00020784,Damaged Item,2025-10-07
R0001105,O00020813,Wrong Item,2025-09-09
R0001106,O00020846,Quality Issue,2025-08-12
R0001107,O00020848,Wrong Item,2025-09-06
R0001108,O00020861,Damaged Item,2023-10-20
R0001109,O00020869,Wrong Item,2025-10-13
R0001110,O00020895,Damaged Item,2024-08-22
R0001111,O00020898,Damaged Item,2025-05-17
R0001112,O00020910,Size Issue,2024-10-26
R0001113,O00020911,Late Delivery,2025-03-25
R0001114,O00020938,Wrong Item,2025-05-26
R0001115,O00020950,Damaged Item,2025-10-26
R0001116,O00020972,Damaged Item,2024-10-30
R0001117,O00021042,Damaged Item,2025-03-23
R0001118,O00021044,Changed Mind,2025-06-22
R0001119,O00021046,Late Delivery,2026-01-12
R0001120,O00021097,Quality Issue,2023-12-31
R0001121,O00021119,Wrong Item,2025-11-30
R0001122,O00021124,Wrong Item,2024-06-09
R0001123,O00021148,Late Delivery,2025-12-22
R0001124,O00021152,Damaged Item,2025-09-09
R0001125,O00021191,Late Delivery,2025-11-24
R0001126,O00021197,Wrong Item,2025-11-22
R0001127,O00021205,Quality Issue,2025-03-31
R0001128,O00021240,Changed Mind,2025-12-30
R0001129,O00021288,Damaged Item,2023-10-03
R0001130,O00021294,Size Issue,2025-12-15
R0001131,O00021315,Damaged Item,2025-06-19
R0001132,O00021339,Wrong Item,2024-03-08
R0001133,O00021368,Late Delivery,2025-06-04
R0001134,O00021374,Damaged Item,2024-08-09
R0001135,O00021384,Wrong Item,2025-07-25
R0001136,O00021386,Wrong Item,2025-10-21
R0001137,O00021401,Size Issue,2024-12-18
R0001138,O00021409,Damaged Item,2026-01-05
R0001139,O00021411,Size Issue,2025-12-24
R0001140,O00021435,Changed Mind,2024-04-13
R0001141,O00021436,Damaged Item,2023-10-27
R0001142,O00021443,Quality Issue,2025-01-11
R0001143,O00021449,Size Issue,2023-12-03
R0001144,O00021451,Wrong Item,2025-01-28
R0001145,O00021489,Damaged Item,2024-09-07
R0001146,O00021499,Size Issue,2025-10-04
R0001147,O00021512,Late Delivery,2024-07-22
R0001148,O00021517,Size Issue,2025-08-06
R0001149,O00021527,Late Delivery,2025-06-14
R0001150,O00021547,Size Issue,2025-09-19
R0001151,O00021569,Changed Mind,2024-08-01
R0001152,O00021584,Damaged Item,2024-03-29
R0001153,O00021615,Size Issue,2025-05-16
R0001154,O00021624,Damaged Item,2025-06-22
R0001155,O00021630,Quality Issue,2026-01-05
R0001156,O00021645,Late Delivery,2025-11-21
R0001157,O00021692,Quality Issue,2025-12-15
R0001158,O00021708,Quality Issue,2023-05-17
R0001159,O00021714,Late Delivery,2024-03-20
R0001160,O00021733,Damaged Item,2025-06-06
R0001161,O00021790,Size Issue,2025-11-23
R0001162,O00021795,Wrong Item,2026-01-12
R0001163,O00021818,Quality Issue,2025-06-06
R0001164,O00021828,Size Issue,2026-01-14
R0001165,O00021830,Size Issue,2026-01-15
R0001166,O00021834,Wrong Item,2024-03-23
R0001167,O00021836,Damaged Item,2024-05-13
R0001168,O00021837,Quality Issue,2024-10-31
R0001169,O00021874,Damaged Item,2024-09-17
R0001170,O00021892,Quality Issue,2025-12-25
R0001171,O00021899,Wrong Item,2023-04-07
R0001172,O00021908,Changed Mind,2025-10-27
R0001173,O00021912,Changed Mind,2025-06-04
R0001174,O00021949,Changed Mind,2024-08-11
R0001175,O00021954,Quality Issue,2024-12-15
R0001176,O00021964,Damaged Item,2025-10-01
R0001177,O00021971,Damaged Item,2025-12-03
R0001178,O00022007,Quality Issue,2025-12-23
R0001179,O00022019,Late Delivery,2025-10-10
R0001180,O00022025,Quality Issue,2025-11-25
R0001181,O00022057,Size Issue,2024-06-29
R0001182,O00022091,Damaged Item,2025-12-16
R0001183,O00022094,Size Issue,2025-08-22
R0001184,O00022097,Size Issue,2025-10-31
R0001185,O00022118,Quality Issue,2024-09-16
R0001186,O00022141,Late Delivery,2023-06-27
R0001187,O00022149,Changed Mind,2025-09-05
R0001188,O00022157,Wrong Item,2025-01-17
R0001189,O00022164,Quality Issue,2026-01-01
R0001190,O00022183,Quality Issue,2025-12-19
R0001191,O00022207,Late Delivery,2024-04-25
R0001192,O00022257,Size Issue,2025-02-20
R0001193,O00022262,Wrong Item,2024-11-21
R0001194,O00022263,Size Issue,2025-01-11
R0001195,O00022278,Damaged Item,2024-05-10
R0001196,O00022293,Wrong Item,2023-07-25
R0001197,O00022322,Changed Mind,2026-01-22
R0001198,O00022335,Quality Issue,2025-10-10
R0001199,O00022338,Size Issue,2025-12-13
R0001200,O00022372,Changed Mind,2024-05-25
R0001201,O00022377,Size Issue,2025-12-23
R0001202,O00022384,Damaged Item,2025-12-24
R0001203,O00022388,Quality Issue,2024-07-19
R0001204,O00022391,Damaged Item,2023-10-28
R0001205,O00022410,Wrong Item,2024-11-11
R0001206,O00022433,Quality Issue,2025-11-27
R0001207,O00022474,Changed Mind,2025-10-13
R0001208,O00022486,Changed Mind,2025-11-12
R0001209,O00022509,Size Issue,2024-03-26
R0001210,O00022537,Damaged Item,2025-11-19
R0001211,O00022547,Wrong Item,2024-06-16
R0001212,O00022555,Late Delivery,2025-11-22
R0001213,O00022601,Size Issue,2025-10-08
R0001214,O00022609,Changed Mind,2025-06-05
R0001215,O00022622,Quality Issue,2025-09-30
R0001216,O00022732,Damaged Item,2025-06-02
R0001217,O00022738,Changed Mind,2025-10-28
R0001218,O00022750,Wrong Item,2025-08-29
R0001219,O00022768,Size Issue,2025-12-22
R0001220,O00022833,Quality Issue,2025-11-21
R0001221,O00022834,Changed Mind,2025-11-28
R0001222,O00022839,Size Issue,2025-12-17
R0001223,O00022847,Damaged Item,2026-01-19
R0001224,O00022859,Late Delivery,2024-06-13
R0001225,O00022876,Late Delivery,2025-12-31
R0001226,O00022891,Late Delivery,2026-01-13
R0001227,O00022892,Late Delivery,2026-01-26
R0001228,O00022916,Quality Issue,2026-01-07
R0001229,O00022917,Wrong Item,2026-01-07
R0001230,O00022961,Quality Issue,2025-05-10
R0001231,O00023005,Late Delivery,2025-12-20
R0001232,O00023007,Late Delivery,2024-01-01
R0001233,O00023008,Wrong Item,2025-02-08
R0001234,O00023017,Size Issue,2026-01-14
R0001235,O00023040,Quality Issue,2025-01-22
R0001236,O00023058,Quality Issue,2026-01-13
R0001237,O00023059,Changed Mind,2026-01-08
R0001238,O00023064,Wrong Item,2025-10-18
R0001239,O00023065,Wrong Item,2025-11-24
R0001240,O00023068,Late Delivery,2023-12-20
R0001241,O00023073,Wrong Item,2024-12-13
R0001242,O00023087,Quality Issue,2025-11-10
R0001243,O00023122,Quality Issue,2025-11-03
R0001244,O00023128,Quality Issue,2026-01-02
R0001245,O00023188,Size Issue,2025-01-05
R0001246,O00023198,Quality Issue,2025-12-07
R0001247,O00023205,Size Issue,2024-07-05
R0001248,O00023243,Quality Issue,2025-10-23
R0001249,O00023286,Quality Issue,2023-08-02
R0001250,O00023342,Quality Issue,2024-10-22
R0001251,O00023374,Changed Mind,2025-12-09
R0001252,O00023379,Damaged Item,2025-12-18
R0001253,O00023394,Size Issue,2025-01-31
R0001254,O00023429,Changed Mind,2023-03-23
R0001255,O00023463,Quality Issue,2026-01-13
R0001256,O00023489,Changed Mind,2023-06-02
R0001257,O00023513,Wrong Item,2025-11-16
R0001258,O00023542,Quality Issue,2025-04-03
R0001259,O00023544,Damaged Item,2025-11-27
R0001260,O00023556,Damaged Item,2023-06-03
R0001261,O00023580,Damaged Item,2024-11-24
R0001262,O00023598,Damaged Item,2025-08-07
R0001263,O00023615,Wrong Item,2024-06-04
R0001264,O00023623,Damaged Item,2025-03-28
R0001265,O00023655,Size Issue,2025-10-31
R0001266,O00023669,Wrong Item,2024-06-27
R0001267,O00023706,Late Delivery,2025-05-05
R0001268,O00023713,Quality Issue,2024-07-16
R0001269,O00023723,Late Delivery,2026-01-16
R0001270,O00023736,Late Delivery,2025-11-07
R0001271,O00023746,Size Issue,2026-01-08
R0001272,O00023749,Quality Issue,2025-12-26
R0001273,O00023768,Changed Mind,2025-07-18
R0001274,O00023776,Quality Issue,2025-12-18
R0001275,O00023778,Damaged Item,2026-01-03
R0001276,O00023806,Quality Issue,2025-02-14
R0001277,O00023820,Quality Issue,2023-06-17
R0001278,O00023861,Late Delivery,2026-01-07
R0001279,O00023874,Size Issue,2025-08-18
R0001280,O00023895,Late Delivery,2024-12-20
R0001281,O00023898,Quality Issue,2025-09-17
R0001282,O00023903,Size Issue,2026-01-01
R0001283,O00023915,Wrong Item,2024-04-14
R0001284,O00023949,Size Issue,2025-10-08
R0001285,O00023987,Wrong Item,2025-12-23
R0001286,O00024011,Damaged Item,2024-08-26
R0001287,O00024014,Changed Mind,2024-11-16
R0001288,O00024065,Quality Issue,2025-01-11
R0001289,O00024068,Changed Mind,2025-10-23
R0001290,O00024083,Wrong Item,2023-08-27
R0001291,O00024090,Wrong Item,2024-12-02
R0001292,O00024118,Changed Mind,2025-04-10
R0001293,O00024127,Late Delivery,2025-07-23
R0001294,O00024131,Damaged Item,2025-01-14
R0001295,O00024161,Damaged Item,2025-06-23
R0001296,O00024179,Late Delivery,2026-01-13
R0001297,O00024198,Wrong Item,2023-10-02
R0001298,O00024203,Changed Mind,2025-07-02
R0001299,O00024208,Damaged Item,2025-07-16
R0001300,O00024235,Size Issue,2023-05-30
R0001301,O00024263,Size Issue,2025-11-14
R0001302,O00024272,Changed Mind,2025-06-22
R0001303,O00024279,Late Delivery,2024-01-28
R0001304,O00024283,Changed Mind,2025-05-28
R0001305,O00024331,Changed Mind,2024-07-31
R0001306,O00024359,Damaged Item,2025-01-13
R0001307,O00024378,Size Issue,2024-05-02
R0001308,O00024411,Quality Issue,2025-06-09
R0001309,O00024435,Size Issue,2024-07-24
R0001310,O00024461,Late Delivery,2024-09-29
R0001311,O00024473,Wrong Item,2024-06-21
R0001312,O00024486,Size Issue,2025-08-25
R0001313,O00024526,Late Delivery,2025-12-10
R0001314,O00024529,Wrong Item,2025-09-19
R0001315,O00024548,Damaged Item,2025-06-25
R0001316,O00024565,Quality Issue,2024-09-19
R0001317,O00024583,Changed Mind,2024-04-26
R0001318,O00024641,Quality Issue,2025-11-04
R0001319,O00024653,Quality Issue,2025-01-18
R0001320,O00024664,Late Delivery,2025-06-27
R0001321,O00024670,Quality Issue,2025-11-08
R0001322,O00024673,Quality Issue,2025-12-16
R0001323,O00024687,Wrong Item,2025-08-03
R0001324,O00024692,Changed Mind,2025-09-11
R0001325,O00024734,Late Delivery,2025-12-27
R0001326,O00024781,Late Delivery,2025-10-25
R0001327,O00024813,Late Delivery,2026-01-16
R0001328,O00024825,Changed Mind,2024-08-29
R0001329,O00024831,Damaged Item,2025-03-18
R0001330,O00024856,Quality Issue,2025-04-17
R0001331,O00024866,Quality Issue,2025-09-13
R0001332,O00024870,Changed Mind,2025-12-11
R0001333,O00024906,Late Delivery,2023-10-06
R0001334,O00024909,Damaged Item,2025-12-19
R0001335,O00024976,Late Delivery,2025-09-08
R0001336,O00025007,Damaged Item,2024-09-15
R0001337,O00025045,Damaged Item,2026-01-05
R0001338,O00025049,Changed Mind,2025-01-08
R0001339,O00025056,Damaged Item,2025-08-21
R0001340,O00025062,Damaged Item,2026-01-05
R0001341,O00025103,Wrong Item,2025-05-08
R0001342,O00025106,Quality Issue,2025-04-13
R0001343,O00025122,Wrong Item,2023-09-24
R0001344,O00025135,Wrong Item,2024-10-13
R0001345,O00025150,Size Issue,2025-03-25
R0001346,O00025172,Changed Mind,2025-06-29
R0001347,O00025173,Damaged Item,2024-12-12
R0001348,O00025189,Size Issue,2023-12-20
R0001349,O00025192,Wrong Item,2025-12-14
R0001350,O00025202,Wrong Item,2025-07-03
R0001351,O00025203,Late Delivery,2025-11-30
R0001352,O00025207,Changed Mind,2025-08-12
R0001353,O00025217,Damaged Item,2024-10-07
R0001354,O00025243,Wrong Item,2025-07-17
R0001355,O00025261,Late Delivery,2026-01-10
R0001356,O00025264,Late Delivery,2025-09-19
R0001357,O00025283,Size Issue,2025-12-26
R0001358,O00025321,Late Delivery,2025-09-14
R0001359,O00025325,Changed Mind,2025-11-17
R0001360,O00025331,Quality Issue,2025-08-02
R0001361,O00025364,Size Issue,2024-09-22
R0001362,O00025391,Size Issue,2025-09-03
R0001363,O00025425,Changed Mind,2025-12-28
R0001364,O00025439,Size Issue,2024-10-10
R0001365,O00025464,Damaged Item,2025-08-17
R0001366,O00025475,Wrong Item,2024-01-05
R0001367,O00025486,Changed Mind,2025-10-18
R0001368,O00025552,Size Issue,2025-11-28
R0001369,O00025591,Damaged Item,2025-12-22
R0001370,O00025628,Late Delivery,2025-11-06
R0001371,O00025629,Quality Issue,2025-12-22
R0001372,O00025631,Damaged Item,2025-12-24
R0001373,O00025741,Size Issue,2025-06-15
R0001374,O00025755,Quality Issue,2026-01-09
R0001375,O00025767,Damaged Item,2023-10-11
R0001376,O00025839,Size Issue,2025-08-07
R0001377,O00025864,Changed Mind,2025-08-06
R0001378,O00025892,Late Delivery,2025-08-07
R0001379,O00025936,Size Issue,2024-01-04
R0001380,O00025946,Changed Mind,2025-03-21
R0001381,O00025951,Wrong Item,2025-11-15
R0001382,O00025954,Wrong Item,2024-09-06
R0001383,O00025984,Damaged Item,2025-03-24
R0001384,O00026051,Wrong Item,2025-03-10
R0001385,O00026103,Late Delivery,2025-05-23
R0001386,O00026110,Wrong Item,2025-12-05
R0001387,O00026113,Changed Mind,2024-10-14
R0001388,O00026118,Damaged Item,2025-12-20
R0001389,O00026130,Wrong Item,2025-05-01
R0001390,O00026212,Damaged Item,2025-07-20
R0001391,O00026259,Size Issue,2025-12-31
R0001392,O00026264,Size Issue,2025-12-25
R0001393,O00026339,Size Issue,2024-05-15
R0001394,O00026359,Size Issue,2024-11-07
R0001395,O00026362,Late Delivery,2025-02-08
R0001396,O00026397,Size Issue,2024-06-14
R0001397,O00026407,Damaged Item,2025-11-15
R0001398,O00026442,Size Issue,2025-12-07
R0001399,O00026466,Changed Mind,2025-09-10
R0001400,O00026504,Late Delivery,2025-12-25
R0001401,O00026623,Size Issue,2025-01-19
R0001402,O00026626,Size Issue,2025-08-02
R0001403,O00026628,Size Issue,2025-08-09
R0001404,O00026645,Size Issue,2025-10-26
R0001405,O00026647,Damaged Item,2025-12-15
R0001406,O00026664,Quality Issue,2026-01-01
R0001407,O00026690,Wrong Item,2025-10-02
R0001408,O00026711,Size Issue,2025-01-08
R0001409,O00026747,Changed Mind,2025-10-04
R0001410,O00026751,Wrong Item,2024-05-20
R0001411,O00026757,Size Issue,2025-12-25
R0001412,O00026765,Quality Issue,2025-12-14
R0001413,O00026798,Quality Issue,2024-11-02
R0001414,O00026817,Changed Mind,2025-12-26
R0001415,O00026870,Quality Issue,2025-08-24
R0001416,O00026902,Wrong Item,2025-01-08
R0001417,O00026938,Quality Issue,2024-12-04
R0001418,O00026940,Late Delivery,2025-08-27
R0001419,O00026946,Quality Issue,2025-12-08
R0001420,O00026977,Late Delivery,2025-12-16
R0001421,O00026996,Damaged Item,2023-05-30
R0001422,O00027005,Quality Issue,2024-11-28
R0001423,O00027014,Quality Issue,2025-09-07
R0001424,O00027020,Damaged Item,2026-01-26
R0001425,O00027063,Size Issue,2025-12-08
R0001426,O00027082,Quality Issue,2025-08-06
R0001427,O00027090,Late Delivery,2025-11-08
R0001428,O00027095,Quality Issue,2025-12-09
R0001429,O00027105,Quality Issue,2025-11-15
R0001430,O00027109,Size Issue,2025-12-20
R0001431,O00027117,Quality Issue,2024-12-23
R0001432,O00027118,Size Issue,2024-12-23
R0001433,O00027158,Damaged Item,2025-06-26
R0001434,O00027175,Quality Issue,2025-10-26
R0001435,O00027178,Quality Issue,2026-01-01
R0001436,O00027188,Changed Mind,2023-12-16
R0001437,O00027190,Damaged Item,2024-01-06
R0001438,O00027202,Late Delivery,2026-01-06
R0001439,O00027284,Damaged Item,2025-03-30
R0001440,O00027319,Size Issue,2025-07-03
R0001441,O00027326,Damaged Item,2024-11-25
R0001442,O00027338,Damaged Item,2025-11-13
R0001443,O00027397,Late Delivery,2023-04-29
R0001444,O00027412,Wrong Item,2023-11-21
R0001445,O00027419,Quality Issue,2024-09-03
R0001446,O00027452,Damaged Item,2025-09-19
R0001447,O00027453,Changed Mind,2025-09-24
R0001448,O00027469,Wrong Item,2025-06-23
R0001449,O00027547,Size Issue,2023-06-25
R0001450,O00027554,Changed Mind,2025-09-09
R0001451,O00027580,Quality Issue,2024-03-21
R0001452,O00027588,Quality Issue,2025-05-16
R0001453,O00027597,Damaged Item,2026-01-06
R0001454,O00027611,Quality Issue,2024-03-08
R0001455,O00027648,Damaged Item,2025-03-06
R0001456,O00027650,Damaged Item,2025-09-11
R0001457,O00027653,Damaged Item,2023-06-13
R0001458,O00027691,Quality Issue,2025-09-03
R0001459,O00027714,Size Issue,2025-11-07
R0001460,O00027715,Wrong Item,2025-06-05
R0001461,O00027729,Damaged Item,2025-02-03
R0001462,O00027751,Wrong Item,2025-11-08
R0001463,O00027803,Quality Issue,2025-11-08
R0001464,O00027856,Wrong Item,2025-12-22
R0001465,O00027858,Changed Mind,2025-12-03
R0001466,O00027866,Damaged Item,2025-03-01
R0001467,O00027894,Size Issue,2025-10-26
R0001468,O00027907,Wrong Item,2025-07-31
R0001469,O00027927,Late Delivery,2023-07-15
R0001470,O00027937,Size Issue,2025-09-09
R0001471,O00027943,Quality Issue,2024-08-28
R0001472,O00027974,Wrong Item,2025-08-11
R0001473,O00027978,Quality Issue,2025-12-24
R0001474,O00027981,Size Issue,2025-04-26
R0001475,O00027997,Quality Issue,2025-03-19
R0001476,O00028013,Wrong Item,2025-06-05
R0001477,O00028021,Quality Issue,2024-07-24
R0001478,O00028040,Late Delivery,2023-11-28
R0001479,O00028057,Damaged Item,2023-09-20
R0001480,O00028111,Quality Issue,2025-11-04
R0001481,O00028135,Quality Issue,2025-06-06
R0001482,O00028138,Changed Mind,2025-12-18
R0001483,O00028168,Changed Mind,2024-07-07
R0001484,O00028214,Late Delivery,2026-01-19
R0001485,O00028216,Wrong Item,2025-11-19
R0001486,O00028220,Quality Issue,2025-11-14
R0001487,O00028243,Quality Issue,2025-06-10
R0001488,O00028269,Late Delivery,2025-04-20
R0001489,O00028273,Late Delivery,2025-06-08
R0001490,O00028281,Quality Issue,2025-12-02
R0001491,O00028300,Wrong Item,2024-02-15
R0001492,O00028325,Quality Issue,2025-09-07
R0001493,O00028333,Late Delivery,2025-11-10
R0001494,O00028336,Wrong Item,2025-12-23
R0001495,O00028338,Damaged Item,2024-03-19
R0001496,O00028341,Changed Mind,2024-08-27
R0001497,O00028347,Late Delivery,2025-09-20
R0001498,O00028357,Damaged Item,2025-06-30
R0001499,O00028370,Changed Mind,2024-01-19
R0001500,O00028408,Late Delivery,2025-12-07
R0001501,O00028427,Quality Issue,2025-06-28
R0001502,O00028437,Quality Issue,2025-04-10
R0001503,O00028452,Quality Issue,2026-01-09
R0001504,O00028459,Size Issue,2025-12-15
R0001505,O00028477,Changed Mind,2024-10-03
R0001506,O00028486,Quality Issue,2024-07-18
R0001507,O00028487,Quality Issue,2024-07-31
R0001508,O00028495,Size Issue,2026-01-07
R0001509,O00028513,Damaged Item,2024-12-09
R0001510,O00028523,Late Delivery,2025-08-30
R0001511,O00028526,Size Issue,2026-01-03
R0001512,O00028541,Wrong Item,2023-04-10
R0001513,O00028571,Size Issue,2025-05-27
R0001514,O00028575,Wrong Item,2026-01-01
R0001515,O00028580,Late Delivery,2024-12-03
R0001516,O00028600,Quality Issue,2025-09-14
R0001517,O00028603,Damaged Item,2025-08-29
R0001518,O00028606,Wrong Item,2025-12-03
R0001519,O00028611,Damaged Item,2025-09-17
R0001520,O00028612,Quality Issue,2025-12-04
R0001521,O00028646,Size Issue,2025-11-27
R0001522,O00028663,Size Issue,2023-11-28
R0001523,O00028671,Quality Issue,2024-09-19
R0001524,O00028676,Size Issue,2025-12-12
R0001525,O00028684,Late Delivery,2026-01-26
R0001526,O00028685,Wrong Item,2024-12-12
R0001527,O00028705,Wrong Item,2025-06-01
R0001528,O00028706,Wrong Item,2025-07-24
R0001529,O00028707,Wrong Item,2025-08-22
R0001530,O00028714,Late Delivery,2024-03-18
R0001531,O00028736,Late Delivery,2023-10-21
R0001532,O00028737,Changed Mind,2023-11-20
R0001533,O00028745,Damaged Item,2025-12-13
R0001534,O00028748,Late Delivery,2026-01-18
R0001535,O00028775,Changed Mind,2024-11-07
R0001536,O00028776,Quality Issue,2024-12-18
R0001537,O00028786,Wrong Item,2024-10-11
R0001538,O00028797,Damaged Item,2024-11-12
R0001539,O00028823,Changed Mind,2024-12-15
R0001540,O00028833,Late Delivery,2024-11-24
R0001541,O00028837,Changed Mind,2025-10-09
R0001542,O00028839,Changed Mind,2023-02-08
R0001543,O00028855,Wrong Item,2025-07-18
R0001544,O00028862,Damaged Item,2025-11-13
R0001545,O00028863,Wrong Item,2025-02-15
R0001546,O00028871,Quality Issue,2025-04-22
R0001547,O00028897,Wrong Item,2025-08-29
R0001548,O00028922,Quality Issue,2024-12-23
R0001549,O00028953,Size Issue,2025-03-17
R0001550,O00028957,Late Delivery,2025-06-11
R0001551,O00028962,Wrong Item,2024-12-07
R0001552,O00028985,Quality Issue,2023-10-27
R0001553,O00029023,Late Delivery,2024-12-21
R0001554,O00029041,Changed Mind,2024-12-22
R0001555,O00029045,Changed Mind,2025-07-19
R0001556,O00029059,Late Delivery,2025-10-31
R0001557,O00029072,Late Delivery,2023-12-08
R0001558,O00029097,Changed Mind,2024-04-28
R0001559,O00029114,Damaged Item,2025-05-21
R0001560,O00029130,Damaged Item,2025-10-22
R0001561,O00029161,Quality Issue,2024-11-28
R0001562,O00029171,Damaged Item,2026-01-11
R0001563,O00029199,Wrong Item,2025-10-18
R0001564,O00029282,Quality Issue,2024-03-04
R0001565,O00029289,Size Issue,2025-07-21
R0001566,O00029322,Quality Issue,2025-10-12
R0001567,O00029348,Quality Issue,2025-12-30
R0001568,O00029371,Changed Mind,2024-03-27
R0001569,O00029451,Damaged Item,2025-08-20
R0001570,O00029461,Changed Mind,2024-12-19
R0001571,O00029463,Changed Mind,2025-01-03
R0001572,O00029513,Late Delivery,2025-11-26
R0001573,O00029520,Late Delivery,2023-05-20
R0001574,O00029526,Quality Issue,2024-01-07
R0001575,O00029540,Wrong Item,2025-08-17
R0001576,O00029543,Late Delivery,2025-12-22
R0001577,O00029566,Size Issue,2024-11-21
R0001578,O00029577,Size Issue,2023-03-15
R0001579,O00029612,Late Delivery,2025-08-26
R0001580,O00029613,Changed Mind,2025-11-10
R0001581,O00029621,Wrong Item,2025-11-29
R0001582,O00029629,Changed Mind,2026-01-19
R0001583,O00029687,Changed Mind,2025-07-09
R0001584,O00029692,Wrong Item,2025-11-27
R0001585,O00029714,Size Issue,2025-09-04
R0001586,O00029715,Size Issue,2025-09-18
R0001587,O00029752,Size Issue,2025-01-13
R0001588,O00029758,Changed Mind,2025-05-17
R0001589,O00029779,Size Issue,2025-10-02
R0001590,O00029785,Damaged Item,2025-03-18
R0001591,O00029804,Size Issue,2025-05-12
R0001592,O00029812,Damaged Item,2025-09-19
R0001593,O00029821,Wrong Item,2026-01-23
R0001594,O00029836,Late Delivery,2024-05-18
R0001595,O00029843,Late Delivery,2024-10-19
R0001596,O00029846,Changed Mind,2023-11-16
R0001597,O00029885,Size Issue,2025-11-11
R0001598,O00029893,Wrong Item,2025-05-15
R0001599,O00029910,Quality Issue,2025-10-24
R0001600,O00029913,Damaged Item,2025-11-08
R0001601,O00029917,Late Delivery,2025-12-16
R0001602,O00029926,Changed Mind,2025-01-17
R0001603,O00029964,Wrong Item,2025-11-13
R0001604,O00029979,Late Delivery,2025-03-11
R0001605,O00029981,Size Issue,2024-11-05
R0001606,O00029989,Late Delivery,2025-12-23
R0001607,O00030021,Wrong Item,2026-01-22
R0001608,O00030039,Size Issue,2024-06-26
R0001609,O00030057,Late Delivery,2025-04-23
R0001610,O00030058,Late Delivery,2025-09-21
R0001611,O00030062,Late Delivery,2025-05-07
R0001612,O00030072,Changed Mind,2025-12-23
R0001613,O00030078,Wrong Item,2025-11-11
R0001614,O00030084,Late Delivery,2026-01-10
R0001615,O00030105,Size Issue,2023-11-12
R0001616,O00030108,Late Delivery,2025-11-19
R0001617,O00030148,Damaged Item,2025-06-19
R0001618,O00030166,Damaged Item,2025-09-24
R0001619,O00030227,Quality Issue,2025-07-11
R0001620,O00030241,Wrong Item,2023-12-14
R0001621,O00030260,Wrong Item,2025-12-29
R0001622,O00030268,Changed Mind,2025-09-02
R0001623,O00030280,Size Issue,2023-05-25
R0001624,O00030307,Wrong Item,2025-12-01
R0001625,O00030336,Damaged Item,2024-11-18
R0001626,O00030360,Damaged Item,2025-12-09
R0001627,O00030364,Changed Mind,2025-05-18
R0001628,O00030386,Size Issue,2025-04-19
R0001629,O00030402,Wrong Item,2025-05-28
R0001630,O00030410,Size Issue,2026-01-19
R0001631,O00030415,Quality Issue,2025-08-12
R0001632,O00030435,Changed Mind,2025-02-12
R0001633,O00030446,Late Delivery,2024-08-28
R0001634,O00030450,Damaged Item,2024-08-28
R0001635,O00030460,Changed Mind,2025-11-12
R0001636,O00030483,Wrong Item,2025-04-29
R0001637,O00030519,Size Issue,2024-08-08
R0001638,O00030535,Size Issue,2025-07-18
R0001639,O00030538,Quality Issue,2025-09-13
R0001640,O00030552,Damaged Item,2024-11-02
R0001641,O00030556,Changed Mind,2025-01-30
R0001642,O00030578,Size Issue,2023-01-23
R0001643,O00030579,Quality Issue,2023-05-20
R0001644,O00030580,Quality Issue,2023-07-01
R0001645,O00030613,Damaged Item,2024-11-02
R0001646,O00030614,Wrong Item,2025-03-10
R0001647,O00030622,Wrong Item,2025-05-08
R0001648,O00030678,Damaged Item,2025-05-23
R0001649,O00030683,Quality Issue,2023-06-06
R0001650,O00030692,Quality Issue,2025-01-04
R0001651,O00030723,Damaged Item,2023-11-09
R0001652,O00030733,Damaged Item,2025-12-12
R0001653,O00030738,Damaged Item,2025-11-23
R0001654,O00030742,Quality Issue,2023-12-24
R0001655,O00030815,Quality Issue,2025-08-07
R0001656,O00030832,Changed Mind,2025-06-28
R0001657,O00030852,Changed Mind,2023-11-15
R0001658,O00030864,Wrong Item,2023-07-26
R0001659,O00030911,Changed Mind,2025-12-12
R0001660,O00030913,Quality Issue,2025-12-29
R0001661,O00030944,Wrong Item,2023-10-03
R0001662,O00030953,Quality Issue,2024-06-11
R0001663,O00030956,Late Delivery,2024-09-06
R0001664,O00030960,Changed Mind,2024-12-08
R0001665,O00030962,Wrong Item,2025-01-01
R0001666,O00030977,Wrong Item,2024-02-07
R0001667,O00031043,Quality Issue,2025-11-25
R0001668,O00031046,Size Issue,2025-11-14
R0001669,O00031080,Late Delivery,2024-09-26
R0001670,O00031099,Late Delivery,2025-12-11
R0001671,O00031100,Changed Mind,2026-01-19
R0001672,O00031110,Quality Issue,2026-01-01
R0001673,O00031118,Size Issue,2026-01-12
R0001674,O00031121,Wrong Item,2025-12-20
R0001675,O00031126,Late Delivery,2024-12-23
R0001676,O00031128,Wrong Item,2025-02-15
R0001677,O00031136,Damaged Item,2024-09-19
R0001678,O00031141,Quality Issue,2024-03-25
R0001679,O00031202,Quality Issue,2023-12-01
R0001680,O00031236,Damaged Item,2024-03-29
R0001681,O00031244,Damaged Item,2025-07-18
R0001682,O00031249,Late Delivery,2025-06-09
R0001683,O00031250,Wrong Item,2025-06-06
R0001684,O00031277,Quality Issue,2026-01-06
R0001685,O00031291,Wrong Item,2025-12-30
R0001686,O00031301,Quality Issue,2025-08-31
R0001687,O00031304,Wrong Item,2025-12-07
R0001688,O00031306,Changed Mind,2026-01-09
R0001689,O00031318,Wrong Item,2024-04-04
R0001690,O00031326,Damaged Item,2026-01-08
R0001691,O00031349,Size Issue,2026-01-07
R0001692,O00031371,Changed Mind,2026-01-07
R0001693,O00031385,Late Delivery,2024-07-05
R0001694,O00031420,Wrong Item,2025-03-14
R0001695,O00031437,Damaged Item,2025-04-20
R0001696,O00031445,Late Delivery,2025-10-10
R0001697,O00031463,Wrong Item,2025-09-26
R0001698,O00031466,Quality Issue,2025-12-04
R0001699,O00031468,Size Issue,2025-12-19
R0001700,O00031511,Wrong Item,2025-10-05
R0001701,O00031546,Quality Issue,2025-01-09
R0001702,O00031551,Quality Issue,2025-03-06
R0001703,O00031573,Size Issue,2025-08-05
R0001704,O00031585,Size Issue,2025-06-26
R0001705,O00031587,Damaged Item,2025-10-26
R0001706,O00031602,Wrong Item,2025-07-30
R0001707,O00031605,Size Issue,2026-01-12
R0001708,O00031608,Late Delivery,2026-01-05
R0001709,O00031653,Quality Issue,2025-01-23
R0001710,O00031661,Wrong Item,2024-09-13
R0001711,O00031663,Late Delivery,2025-07-28
R0001712,O00031721,Quality Issue,2025-01-10
R0001713,O00031723,Damaged Item,2025-06-25
R0001714,O00031744,Quality Issue,2025-12-08
R0001715,O00031866,Size Issue,2024-09-16
R0001716,O00031870,Size Issue,2025-07-11
R0001717,O00031873,Wrong Item,2025-12-03
R0001718,O00031885,Size Issue,2025-08-02
R0001719,O00031893,Size Issue,2024-11-14
R0001720,O00031897,Quality Issue,2025-10-02
R0001721,O00031906,Quality Issue,2026-01-04
R0001722,O00031922,Damaged Item,2024-05-09
R0001723,O00031923,Quality Issue,2024-07-10
R0001724,O00031928,Damaged Item,2025-06-10
R0001725,O00031938,Damaged Item,2024-08-26
R0001726,O00031956,Damaged Item,2025-09-27
R0001727,O00031957,Late Delivery,2025-09-24
R0001728,O00031966,Late Delivery,2025-10-12
R0001729,O00031974,Changed Mind,2024-08-12
R0001730,O00031977,Quality Issue,2023-12-27
R0001731,O00031990,Damaged Item,2024-07-04
R0001732,O00032007,Quality Issue,2025-12-21
R0001733,O00032051,Late Delivery,2024-09-18
R0001734,O00032061,Late Delivery,2025-05-04
R0001735,O00032074,Late Delivery,2025-06-07
R0001736,O00032083,Size Issue,2025-12-26
R0001737,O00032113,Late Delivery,2025-05-24
R0001738,O00032120,Quality Issue,2025-11-15
R0001739,O00032125,Damaged Item,2025-08-15
R0001740,O00032132,Damaged Item,2025-12-09
R0001741,O00032138,Wrong Item,2024-12-05
R0001742,O00032153,Late Delivery,2024-04-27
R0001743,O00032162,Changed Mind,2025-07-18
R0001744,O00032170,Late Delivery,2023-11-07
R0001745,O00032206,Late Delivery,2025-01-10
R0001746,O00032212,Size Issue,2025-12-08
R0001747,O00032213,Late Delivery,2025-12-23
R0001748,O00032229,Changed Mind,2025-02-02
R0001749,O00032247,Wrong Item,2024-10-28
R0001750,O00032271,Late Delivery,2025-11-14
R0001751,O00032279,Late Delivery,2024-10-09
R0001752,O00032325,Late Delivery,2024-06-18
R0001753,O00032330,Damaged Item,2025-03-27
R0001754,O00032366,Wrong Item,2023-12-15
R0001755,O00032392,Quality Issue,2025-04-28
R0001756,O00032393,Wrong Item,2025-07-25
R0001757,O00032427,Size Issue,2025-10-21
R0001758,O00032436,Late Delivery,2026-01-10
R0001759,O00032464,Changed Mind,2023-07-10
R0001760,O00032467,Quality Issue,2024-02-02
R0001761,O00032469,Size Issue,2024-04-26
R0001762,O00032481,Damaged Item,2025-12-12
R0001763,O00032491,Wrong Item,2023-07-19
R0001764,O00032493,Size Issue,2024-01-10
R0001765,O00032503,Late Delivery,2024-10-11
R0001766,O00032530,Damaged Item,2025-04-10
R0001767,O00032549,Late Delivery,2023-10-07
R0001768,O00032551,Changed Mind,2025-04-08
R0001769,O00032559,Quality Issue,2025-01-27
R0001770,O00032582,Size Issue,2025-11-04
R0001771,O00032583,Late Delivery,2025-12-31
R0001772,O00032604,Changed Mind,2023-02-25
R0001773,O00032617,Wrong Item,2025-04-01
R0001774,O00032684,Changed Mind,2025-12-17
R0001775,O00032725,Late Delivery,2026-01-10
R0001776,O00032748,Quality Issue,2026-01-13
R0001777,O00032755,Quality Issue,2024-03-19
R0001778,O00032765,Damaged Item,2025-08-02
R0001779,O00032771,Quality Issue,2024-09-12
R0001780,O00032841,Changed Mind,2025-12-05
R0001781,O00032854,Changed Mind,2025-05-20
R0001782,O00032906,Late Delivery,2025-10-07
R0001783,O00032909,Damaged Item,2025-07-02
R0001784,O00032947,Late Delivery,2024-04-19
R0001785,O00032955,Damaged Item,2025-12-02
R0001786,O00033003,Late Delivery,2025-10-05
R0001787,O00033014,Late Delivery,2025-11-25
R0001788,O00033026,Size Issue,2026-01-11
R0001789,O00033040,Size Issue,2025-04-10
R0001790,O00033072,Size Issue,2025-04-03
R0001791,O00033116,Quality Issue,2024-04-20
R0001792,O00033130,Changed Mind,2023-12-15
R0001793,O00033157,Changed Mind,2025-12-23
R0001794,O00033204,Size Issue,2024-08-13
R0001795,O00033224,Late Delivery,2025-07-07
R0001796,O00033249,Wrong Item,2025-04-11
R0001797,O00033250,Wrong Item,2025-10-04
R0001798,O00033331,Wrong Item,2024-06-17
R0001799,O00033368,Late Delivery,2025-11-14
R0001800,O00033369,Damaged Item,2025-11-26
R0001801,O00033373,Late Delivery,2024-03-06
R0001802,O00033379,Quality Issue,2024-11-09
R0001803,O00033391,Size Issue,2025-07-24
R0001804,O00033435,Quality Issue,2025-01-30
R0001805,O00033437,Damaged Item,2025-06-12
R0001806,O00033451,Late Delivery,2025-06-18
R0001807,O00033464,Wrong Item,2025-08-22
R0001808,O00033496,Late Delivery,2023-03-27
R0001809,O00033497,Changed Mind,2023-07-14
R0001810,O00033498,Damaged Item,2023-08-11
R0001811,O00033503,Size Issue,2024-04-13
R0001812,O00033517,Late Delivery,2025-11-02
R0001813,O00033533,Size Issue,2023-07-15
R0001814,O00033566,Changed Mind,2025-12-12
R0001815,O00033575,Size Issue,2025-11-07
R0001816,O00033595,Damaged Item,2024-08-01
R0001817,O00033621,Damaged Item,2023-11-25
R0001818,O00033622,Quality Issue,2023-11-04
R0001819,O00033686,Late Delivery,2025-06-10
R0001820,O00033689,Size Issue,2025-12-03
R0001821,O00033698,Late Delivery,2026-01-07
R0001822,O00033745,Late Delivery,2025-12-17
R0001823,O00033747,Changed Mind,2025-03-27
R0001824,O00033755,Damaged Item,2025-02-13
R0001825,O00033801,Damaged Item,2025-02-18
R0001826,O00033812,Quality Issue,2025-12-25
R0001827,O00033828,Wrong Item,2025-11-07
R0001828,O00033837,Quality Issue,2023-12-08
R0001829,O00033840,Size Issue,2024-12-02
R0001830,O00033844,Late Delivery,2025-12-25
R0001831,O00033845,Late Delivery,2024-10-20
R0001832,O00033870,Late Delivery,2024-11-26
R0001833,O00033871,Late Delivery,2024-12-10
R0001834,O00033889,Wrong Item,2025-03-04
R0001835,O00033903,Size Issue,2025-05-14
R0001836,O00033919,Quality Issue,2023-09-23
R0001837,O00033920,Quality Issue,2024-04-10
R0001838,O00033944,Quality Issue,2024-09-03
R0001839,O00033950,Late Delivery,2025-03-07
R0001840,O00033968,Damaged Item,2025-12-06
R0001841,O00033971,Damaged Item,2025-12-14
R0001842,O00033987,Changed Mind,2025-04-11
R0001843,O00033994,Quality Issue,2025-11-19
R0001844,O00034030,Late Delivery,2025-06-01
R0001845,O00034048,Size Issue,2025-12-13
R0001846,O00034064,Late Delivery,2023-03-12
R0001847,O00034115,Quality Issue,2026-01-07
R0001848,O00034120,Wrong Item,2025-11-10
R0001849,O00034151,Wrong Item,2025-07-09
R0001850,O00034167,Quality Issue,2025-12-29
R0001851,O00034168,Late Delivery,2026-01-14
R0001852,O00034175,Size Issue,2025-06-14
R0001853,O00034183,Late Delivery,2026-01-22
R0001854,O00034217,Wrong Item,2025-02-13
R0001855,O00034220,Late Delivery,2024-06-30
R0001856,O00034251,Quality Issue,2026-01-10
R0001857,O00034280,Quality Issue,2025-11-13
R0001858,O00034282,Damaged Item,2025-12-15
R0001859,O00034300,Quality Issue,2023-10-31
R0001860,O00034306,Damaged Item,2025-04-18
R0001861,O00034325,Damaged Item,2025-06-13
R0001862,O00034326,Quality Issue,2025-06-27
R0001863,O00034349,Size Issue,2025-12-09
R0001864,O00034392,Late Delivery,2026-01-15
R0001865,O00034394,Size Issue,2026-01-23
R0001866,O00034423,Quality Issue,2025-09-05
R0001867,O00034426,Late Delivery,2025-12-05
R0001868,O00034448,Changed Mind,2025-11-12
R0001869,O00034477,Late Delivery,2025-03-16
R0001870,O00034509,Wrong Item,2024-06-13
R0001871,O00034563,Damaged Item,2025-07-27
R0001872,O00034584,Quality Issue,2024-10-26
R0001873,O00034606,Changed Mind,2025-05-21
R0001874,O00034628,Quality Issue,2023-12-30
R0001875,O00034653,Quality Issue,2023-05-11
R0001876,O00034673,Wrong Item,2025-10-07
R0001877,O00034683,Changed Mind,2025-08-11
R0001878,O00034692,Size Issue,2025-11-07
R0001879,O00034702,Changed Mind,2024-12-29
R0001880,O00034724,Quality Issue,2024-11-08
R0001881,O00034729,Size Issue,2025-06-23
R0001882,O00034753,Quality Issue,2024-12-21
R0001883,O00034762,Late Delivery,2025-12-07
R0001884,O00034782,Changed Mind,2026-01-08
R0001885,O00034798,Quality Issue,2026-01-22
R0001886,O00034803,Size Issue,2023-11-22
R0001887,O00034817,Damaged Item,2024-07-19
R0001888,O00034821,Size Issue,2024-09-28
R0001889,O00034838,Size Issue,2024-11-15
R0001890,O00034870,Damaged Item,2024-11-15
R0001891,O00034889,Late Delivery,2023-12-23
R0001892,O00034910,Wrong Item,2025-11-13
R0001893,O00034930,Size Issue,2026-01-07
R0001894,O00034946,Size Issue,2025-11-22
R0001895,O00035000,Quality Issue,2023-06-02
R0001896,O00035007,Late Delivery,2024-05-08
R0001897,O00035019,Quality Issue,2025-12-23
R0001898,O00035055,Changed Mind,2025-05-24
R0001899,O00035112,Late Delivery,2025-07-20
R0001900,O00035126,Late Delivery,2025-07-04
R0001901,O00035159,Quality Issue,2024-04-16
R0001902,O00035243,Wrong Item,2024-10-12
R0001903,O00035258,Quality Issue,2025-09-11
R0001904,O00035297,Changed Mind,2023-09-28
R0001905,O00035323,Late Delivery,2025-12-05
R0001906,O00035326,Changed Mind,2025-01-06
R0001907,O00035328,Quality Issue,2024-09-14
R0001908,O00035339,Changed Mind,2025-08-30
R0001909,O00035341,Late Delivery,2025-12-27
R0001910,O00035353,Wrong Item,2024-07-22
R0001911,O00035375,Changed Mind,2025-03-30
R0001912,O00035408,Late Delivery,2025-10-26
R0001913,O00035414,Late Delivery,2026-01-02
R0001914,O00035420,Wrong Item,2024-09-02
R0001915,O00035424,Wrong Item,2024-11-12
R0001916,O00035457,Changed Mind,2024-04-12
R0001917,O00035501,Quality Issue,2025-12-26
R0001918,O00035528,Quality Issue,2025-11-29
R0001919,O00035535,Damaged Item,2025-11-05
R0001920,O00035540,Changed Mind,2025-01-01
R0001921,O00035546,Damaged Item,2025-09-17
R0001922,O00035561,Size Issue,2025-10-18
R0001923,O00035582,Size Issue,2025-04-22
R0001924,O00035591,Quality Issue,2025-03-18
R0001925,O00035627,Damaged Item,2025-02-12
R0001926,O00035638,Changed Mind,2025-11-17
R0001927,O00035642,Changed Mind,2026-01-02
R0001928,O00035649,Wrong Item,2025-12-21
R0001929,O00035678,Quality Issue,2025-11-23
R0001930,O00035687,Quality Issue,2025-12-03
R0001931,O00035695,Late Delivery,2025-11-11
R0001932,O00035741,Damaged Item,2024-08-18
R0001933,O00035757,Late Delivery,2025-07-24
R0001934,O00035760,Wrong Item,2025-11-17
R0001935,O00035807,Size Issue,2025-09-25
R0001936,O00035834,Damaged Item,2025-04-27
R0001937,O00035846,Quality Issue,2024-08-06
R0001938,O00035849,Damaged Item,2025-09-13
R0001939,O00035851,Damaged Item,2025-11-22
R0001940,O00035852,Quality Issue,2026-01-12
R0001941,O00035888,Quality Issue,2025-11-17
R0001942,O00035894,Size Issue,2025-06-03
R0001943,O00035907,Size Issue,2025-12-27
R0001944,O00035982,Changed Mind,2023-11-06
R0001945,O00036027,Changed Mind,2025-08-07
R0001946,O00036060,Late Delivery,2025-07-19
R0001947,O00036119,Late Delivery,2025-10-15
R0001948,O00036129,Late Delivery,2025-01-04
R0001949,O00036135,Changed Mind,2023-10-05
R0001950,O00036138,Quality Issue,2025-09-10
R0001951,O00036151,Quality Issue,2024-08-20
R0001952,O00036154,Changed Mind,2024-10-15
R0001953,O00036175,Size Issue,2024-12-09
R0001954,O00036193,Damaged Item,2024-05-20
R0001955,O00036200,Quality Issue,2025-02-17
R0001956,O00036241,Wrong Item,2024-11-26
R0001957,O00036243,Damaged Item,2025-12-18
R0001958,O00036250,Quality Issue,2025-12-16
R0001959,O00036269,Wrong Item,2024-11-04
R0001960,O00036296,Damaged Item,2025-07-25
R0001961,O00036298,Damaged Item,2024-05-15
R0001962,O00036335,Damaged Item,2025-05-21
R0001963,O00036343,Wrong Item,2024-11-22
R0001964,O00036373,Size Issue,2025-04-21
R0001965,O00036389,Wrong Item,2025-07-01
R0001966,O00036393,Quality Issue,2024-06-18
R0001967,O00036410,Late Delivery,2024-10-31
R0001968,O00036420,Wrong Item,2024-07-16
R0001969,O00036432,Quality Issue,2024-11-12
R0001970,O00036463,Late Delivery,2025-09-07
R0001971,O00036497,Late Delivery,2024-12-06
R0001972,O00036508,Quality Issue,2025-11-16
R0001973,O00036606,Quality Issue,2024-12-14
R0001974,O00036607,Damaged Item,2025-05-30
R0001975,O00036630,Damaged Item,2024-12-13
R0001976,O00036637,Damaged Item,2025-11-10
R0001977,O00036678,Late Delivery,2025-11-23
R0001978,O00036725,Damaged Item,2024-12-22
R0001979,O00036731,Wrong Item,2025-07-09
R0001980,O00036739,Quality Issue,2025-11-13
R0001981,O00036774,Quality Issue,2025-10-18
R0001982,O00036779,Late Delivery,2024-06-30
R0001983,O00036783,Late Delivery,2024-11-14
R0001984,O00036793,Quality Issue,2025-10-30
R0001985,O00036825,Size Issue,2025-06-11
R0001986,O00036834,Late Delivery,2024-09-14
R0001987,O00036858,Size Issue,2025-03-12
R0001988,O00036868,Damaged Item,2025-09-07
R0001989,O00036886,Damaged Item,2025-11-13
R0001990,O00036954,Size Issue,2024-11-03
R0001991,O00036960,Late Delivery,2024-12-22
R0001992,O00036976,Wrong Item,2025-04-10
R0001993,O00037009,Wrong Item,2025-12-07
R0001994,O00037010,Wrong Item,2025-12-16
R0001995,O00037023,Quality Issue,2025-12-05
R0001996,O00037036,Quality Issue,2024-06-24
R0001997,O00037039,Wrong Item,2025-01-06
R0001998,O00037041,Quality Issue,2025-05-29
R0001999,O00037082,Damaged Item,2025-12-25
R0002000,O00037084,Changed Mind,2026-01-11
R0002001,O00037086,Damaged Item,2025-12-31
R0002002,O00037129,Size Issue,2025-07-05
R0002003,O00037163,Size Issue,2024-11-06
R0002004,O00037169,Size Issue,2024-11-25
R0002005,O00037174,Size Issue,2023-11-05
R0002006,O00037175,Quality Issue,2025-06-06
R0002007,O00037191,Changed Mind,2025-04-20
R0002008,O00037214,Size Issue,2023-05-02
R0002009,O00037249,Damaged Item,2025-10-23
R0002010,O00037283,Damaged Item,2025-11-13
R0002011,O00037378,Changed Mind,2023-05-20
R0002012,O00037387,Quality Issue,2024-04-15
R0002013,O00037397,Wrong Item,2024-10-26
R0002014,O00037402,Changed Mind,2024-09-11
R0002015,O00037415,Wrong Item,2025-06-30
R0002016,O00037431,Quality Issue,2025-01-01
R0002017,O00037433,Wrong Item,2025-03-08
R0002018,O00037441,Size Issue,2025-11-21
R0002019,O00037473,Size Issue,2025-07-20
R0002020,O00037484,Quality Issue,2023-11-02
R0002021,O00037519,Damaged Item,2025-10-14
R0002022,O00037521,Damaged Item,2025-10-30
R0002023,O00037528,Changed Mind,2023-10-22
R0002024,O00037554,Changed Mind,2025-12-04
R0002025,O00037572,Late Delivery,2025-03-19
R0002026,O00037615,Damaged Item,2023-12-28
R0002027,O00037618,Wrong Item,2024-02-02
R0002028,O00037632,Size Issue,2025-06-11
R0002029,O00037685,Quality Issue,2025-10-28
R0002030,O00037700,Late Delivery,2024-05-23
R0002031,O00037736,Size Issue,2025-11-05
R0002032,O00037740,Quality Issue,2025-11-22
R0002033,O00037744,Quality Issue,2025-05-22
R0002034,O00037750,Quality Issue,2025-12-03
R0002035,O00037751,Changed Mind,2025-12-09
R0002036,O00037755,Size Issue,2026-01-26
R0002037,O00037758,Quality Issue,2025-07-27
R0002038,O00037783,Quality Issue,2024-09-29
R0002039,O00037792,Wrong Item,2025-02-12
R0002040,O00037800,Size Issue,2025-11-17
R0002041,O00037808,Quality Issue,2026-01-08
R0002042,O00037911,Late Delivery,2024-11-09
R0002043,O00037928,Damaged Item,2025-06-24
R0002044,O00037934,Damaged Item,2025-10-24
R0002045,O00037953,Size Issue,2024-07-12
R0002046,O00037954,Wrong Item,2024-10-05
R0002047,O00037972,Size Issue,2025-12-06
R0002048,O00038070,Quality Issue,2023-04-26
R0002049,O00038071,Changed Mind,2025-11-16
R0002050,O00038082,Late Delivery,2025-07-02
R0002051,O00038125,Changed Mind,2025-10-13
R0002052,O00038145,Quality Issue,2025-03-12
R0002053,O00038154,Size Issue,2024-11-20
R0002054,O00038162,Late Delivery,2025-01-03
R0002055,O00038188,Late Delivery,2025-03-15
R0002056,O00038273,Size Issue,2025-03-24
R0002057,O00038295,Wrong Item,2025-09-24
R0002058,O00038301,Changed Mind,2024-05-19
R0002059,O00038331,Wrong Item,2026-01-07
R0002060,O00038349,Quality Issue,2026-01-09
R0002061,O00038351,Wrong Item,2025-10-31
R0002062,O00038358,Late Delivery,2025-09-16
R0002063,O00038416,Wrong Item,2024-02-19
R0002064,O00038439,Late Delivery,2025-09-17
R0002065,O00038440,Quality Issue,2025-10-15
R0002066,O00038478,Late Delivery,2023-11-27
R0002067,O00038486,Damaged Item,2026-01-10
R0002068,O00038505,Quality Issue,2024-09-09
R0002069,O00038531,Changed Mind,2025-12-30
R0002070,O00038539,Wrong Item,2024-11-17
R0002071,O00038561,Quality Issue,2025-03-05
R0002072,O00038593,Wrong Item,2026-01-12
R0002073,O00038612,Size Issue,2026-01-01
R0002074,O00038626,Quality Issue,2025-09-07
R0002075,O00038636,Damaged Item,2025-09-01
R0002076,O00038653,Quality Issue,2025-08-25
R0002077,O00038661,Damaged Item,2026-01-20
R0002078,O00038666,Late Delivery,2023-09-24
R0002079,O00038683,Size Issue,2025-12-27
R0002080,O00038728,Size Issue,2024-07-16
R0002081,O00038758,Changed Mind,2024-10-25
R0002082,O00038774,Damaged Item,2025-08-11
R0002083,O00038775,Changed Mind,2025-11-03
R0002084,O00038840,Damaged Item,2026-01-13
R0002085,O00038843,Late Delivery,2023-09-28
R0002086,O00038845,Damaged Item,2024-12-30
R0002087,O00038888,Damaged Item,2025-10-23
R0002088,O00038892,Size Issue,2025-11-14
R0002089,O00038922,Size Issue,2024-12-20
R0002090,O00038930,Size Issue,2025-12-24
R0002091,O00038960,Quality Issue,2025-10-17
R0002092,O00038975,Damaged Item,2025-08-12
R0002093,O00039000,Changed Mind,2024-11-25
R0002094,O00039019,Quality Issue,2024-04-11
R0002095,O00039020,Wrong Item,2024-06-29
R0002096,O00039041,Wrong Item,2024-08-22
R0002097,O00039062,Late Delivery,2025-09-17
R0002098,O00039098,Quality Issue,2025-11-26
R0002099,O00039108,Late Delivery,2025-01-29
R0002100,O00039115,Wrong Item,2025-03-25
R0002101,O00039126,Size Issue,2025-11-26
R0002102,O00039160,Changed Mind,2025-02-15
R0002103,O00039164,Size Issue,2025-04-17
R0002104,O00039174,Wrong Item,2025-11-09
R0002105,O00039175,Quality Issue,2025-11-23
R0002106,O00039197,Changed Mind,2025-11-08
R0002107,O00039207,Damaged Item,2024-05-26
R0002108,O00039241,Wrong Item,2025-12-12
R0002109,O00039270,Size Issue,2024-08-08
R0002110,O00039278,Late Delivery,2025-10-18
R0002111,O00039286,Damaged Item,2023-12-29
R0002112,O00039333,Damaged Item,2024-11-27
R0002113,O00039344,Quality Issue,2025-04-02
R0002114,O00039351,Size Issue,2025-11-11
R0002115,O00039380,Changed Mind,2025-08-21
R0002116,O00039408,Late Delivery,2025-07-12
R0002117,O00039410,Size Issue,2025-11-19
R0002118,O00039413,Quality Issue,2023-10-26
R0002119,O00039437,Quality Issue,2025-11-21
R0002120,O00039447,Size Issue,2025-03-19
R0002121,O00039474,Damaged Item,2023-09-04
R0002122,O00039490,Quality Issue,2025-06-15
R0002123,O00039500,Damaged Item,2025-02-05
R0002124,O00039514,Quality Issue,2024-06-12
R0002125,O00039538,Late Delivery,2025-04-12
R0002126,O00039573,Wrong Item,2025-12-09
R0002127,O00039574,Changed Mind,2025-12-20
R0002128,O00039576,Late Delivery,2024-11-03
R0002129,O00039578,Size Issue,2025-02-23
R0002130,O00039590,Late Delivery,2025-10-08
R0002131,O00039614,Changed Mind,2024-08-31
R0002132,O00039622,Damaged Item,2026-01-01
R0002133,O00039625,Damaged Item,2026-01-10
R0002134,O00039644,Size Issue,2024-05-03
R0002135,O00039667,Wrong Item,2025-11-30
R0002136,O00039706,Damaged Item,2024-05-13
R0002137,O00039719,Wrong Item,2025-06-19
R0002138,O00039750,Late Delivery,2025-08-31
R0002139,O00039769,Wrong Item,2025-11-24
R0002140,O00039793,Damaged Item,2024-09-05
R0002141,O00039822,Damaged Item,2024-01-01
R0002142,O00039826,Wrong Item,2024-09-03
R0002143,O00039830,Size Issue,2025-12-26
R0002144,O00039834,Quality Issue,2024-02-22
R0002145,O00039853,Changed Mind,2024-09-14
R0002146,O00039905,Changed Mind,2025-10-26
R0002147,O00039914,Size Issue,2025-04-17
R0002148,O00039921,Late Delivery,2025-12-29
R0002149,O00039930,Size Issue,2025-09-06
R0002150,O00039936,Changed Mind,2025-01-28
R0002151,O00039949,Damaged Item,2026-01-09
R0002152,O00039955,Damaged Item,2023-02-16
R0002153,O00039984,Changed Mind,2025-12-14
R0002154,O00039985,Wrong Item,2025-12-12
R0002155,O00039995,Size Issue,2025-08-27
R0002156,O00040033,Quality Issue,2025-09-14
R0002157,O00040041,Late Delivery,2025-09-01
R0002158,O00040042,Size Issue,2025-12-10
R0002159,O00040048,Damaged Item,2024-08-18
R0002160,O00040063,Late Delivery,2025-03-06
R0002161,O00040095,Size Issue,2025-05-06
R0002162,O00040116,Wrong Item,2025-10-31
R0002163,O00040183,Wrong Item,2025-03-15
R0002164,O00040184,Wrong Item,2025-05-16
R0002165,O00040205,Size Issue,2023-12-21
R0002166,O00040218,Size Issue,2025-09-15
R0002167,O00040224,Damaged Item,2025-12-14
R0002168,O00040241,Size Issue,2025-12-10
R0002169,O00040263,Quality Issue,2024-12-09
R0002170,O00040304,Damaged Item,2025-06-30
R0002171,O00040332,Late Delivery,2025-11-10
R0002172,O00040344,Quality Issue,2023-05-21
R0002173,O00040349,Damaged Item,2024-01-05
R0002174,O00040350,Quality Issue,2024-01-07
R0002175,O00040357,Wrong Item,2025-04-14
R0002176,O00040379,Quality Issue,2025-03-03
R0002177,O00040387,Size Issue,2025-12-28
R0002178,O00040394,Damaged Item,2024-12-28
R0002179,O00040418,Changed Mind,2025-11-29
R0002180,O00040463,Wrong Item,2025-10-20
R0002181,O00040470,Wrong Item,2025-12-31
R0002182,O00040515,Wrong Item,2025-10-24
R0002183,O00040524,Wrong Item,2025-07-06
R0002184,O00040535,Quality Issue,2025-08-21
R0002185,O00040546,Changed Mind,2026-02-01
R0002186,O00040552,Quality Issue,2024-09-14
R0002187,O00040559,Changed Mind,2024-06-15
R0002188,O00040561,Late Delivery,2024-08-08
R0002189,O00040570,Damaged Item,2025-10-05
R0002190,O00040580,Changed Mind,2026-01-13
R0002191,O00040587,Size Issue,2024-06-29
R0002192,O00040597,Size Issue,2026-01-11
R0002193,O00040601,Changed Mind,2025-12-13
R0002194,O00040616,Changed Mind,2026-01-07
R0002195,O00040643,Size Issue,2025-07-02
R0002196,O00040658,Late Delivery,2024-04-20
R0002197,O00040662,Changed Mind,2025-12-10
R0002198,O00040682,Changed Mind,2024-09-09
R0002199,O00040684,Damaged Item,2023-02-01
R0002200,O00040717,Damaged Item,2024-12-16
R0002201,O00040782,Wrong Item,2024-09-22
R0002202,O00040786,Size Issue,2025-05-03
R0002203,O00040787,Damaged Item,2025-06-01
R0002204,O00040793,Size Issue,2025-02-16
R0002205,O00040862,Damaged Item,2025-02-06
R0002206,O00040868,Changed Mind,2024-08-19
R0002207,O00040891,Late Delivery,2024-09-21
R0002208,O00040923,Size Issue,2025-12-20
R0002209,O00040961,Changed Mind,2024-11-28
R0002210,O00040967,Late Delivery,2024-12-17
R0002211,O00040994,Wrong Item,2025-09-01
R0002212,O00040995,Damaged Item,2025-10-29
R0002213,O00041031,Wrong Item,2025-11-04
R0002214,O00041034,Changed Mind,2025-11-25
R0002215,O00041052,Damaged Item,2025-11-09
R0002216,O00041054,Size Issue,2024-04-18
R0002217,O00041090,Late Delivery,2024-12-27
R0002218,O00041096,Late Delivery,2024-05-21
R0002219,O00041101,Late Delivery,2025-08-26
R0002220,O00041105,Late Delivery,2025-02-16
R0002221,O00041110,Quality Issue,2025-12-30
R0002222,O00041164,Quality Issue,2025-02-15
R0002223,O00041180,Changed Mind,2025-03-31
R0002224,O00041181,Quality Issue,2025-09-22
R0002225,O00041183,Changed Mind,2025-05-28
R0002226,O00041237,Quality Issue,2025-09-23
R0002227,O00041290,Quality Issue,2025-10-08
R0002228,O00041301,Quality Issue,2025-12-10
R0002229,O00041325,Late Delivery,2024-09-26
R0002230,O00041327,Quality Issue,2025-11-12
R0002231,O00041344,Size Issue,2025-11-08
R0002232,O00041346,Size Issue,2025-12-05
R0002233,O00041355,Wrong Item,2026-01-07
R0002234,O00041382,Damaged Item,2024-12-14
R0002235,O00041393,Damaged Item,2025-12-18
R0002236,O00041401,Late Delivery,2024-11-12
R0002237,O00041444,Quality Issue,2024-12-04
R0002238,O00041469,Changed Mind,2024-12-02
R0002239,O00041499,Size Issue,2023-07-24
R0002240,O00041563,Size Issue,2025-01-15
R0002241,O00041568,Size Issue,2024-01-10
R0002242,O00041569,Wrong Item,2024-01-21
R0002243,O00041571,Late Delivery,2025-06-15
R0002244,O00041573,Wrong Item,2025-09-18
R0002245,O00041574,Quality Issue,2025-12-13
R0002246,O00041597,Late Delivery,2026-01-23
R0002247,O00041619,Damaged Item,2025-10-18
R0002248,O00041629,Damaged Item,2023-12-17
R0002249,O00041633,Quality Issue,2025-11-21
R0002250,O00041635,Damaged Item,2025-10-26
R0002251,O00041669,Quality Issue,2024-08-20
R0002252,O00041680,Quality Issue,2024-09-02
R0002253,O00041688,Damaged Item,2025-06-21
R0002254,O00041690,Damaged Item,2025-11-18
R0002255,O00041698,Quality Issue,2023-12-14
R0002256,O00041715,Changed Mind,2025-10-16
R0002257,O00041721,Wrong Item,2025-11-29
R0002258,O00041806,Damaged Item,2025-10-20
R0002259,O00041843,Late Delivery,2025-05-23
R0002260,O00041847,Changed Mind,2024-11-26
R0002261,O00041855,Size Issue,2025-06-17
R0002262,O00041860,Quality Issue,2025-09-27
R0002263,O00041867,Wrong Item,2025-10-28
R0002264,O00041877,Size Issue,2025-05-20
R0002265,O00041879,Damaged Item,2025-01-23
R0002266,O00041937,Quality Issue,2024-06-02
R0002267,O00041939,Quality Issue,2024-10-02
R0002268,O00041940,Damaged Item,2024-11-04
R0002269,O00041953,Quality Issue,2024-10-20
R0002270,O00041976,Quality Issue,2025-12-06
R0002271,O00041983,Changed Mind,2025-04-10
R0002272,O00042014,Quality Issue,2025-11-05
R0002273,O00042029,Wrong Item,2025-11-16
R0002274,O00042039,Size Issue,2025-12-27
R0002275,O00042046,Quality Issue,2024-07-06
R0002276,O00042049,Damaged Item,2024-08-13
R0002277,O00042127,Quality Issue,2024-08-04
R0002278,O00042140,Changed Mind,2023-08-31
R0002279,O00042148,Changed Mind,2025-12-16
R0002280,O00042151,Size Issue,2024-03-10
R0002281,O00042159,Size Issue,2023-07-01
R0002282,O00042163,Wrong Item,2024-06-21
R0002283,O00042172,Damaged Item,2025-02-24
R0002284,O00042179,Quality Issue,2024-12-12
R0002285,O00042207,Wrong Item,2024-06-24
R0002286,O00042254,Changed Mind,2023-06-28
R0002287,O00042258,Changed Mind,2023-12-26
R0002288,O00042303,Quality Issue,2025-08-01
R0002289,O00042306,Changed Mind,2025-12-01
R0002290,O00042372,Size Issue,2025-05-09
R0002291,O00042373,Damaged Item,2025-07-29
R0002292,O00042385,Wrong Item,2025-11-02
R0002293,O00042402,Late Delivery,2025-03-07
R0002294,O00042409,Size Issue,2025-11-21
R0002295,O00042422,Damaged Item,2025-07-30
R0002296,O00042424,Quality Issue,2023-09-12
R0002297,O00042431,Quality Issue,2025-12-01
R0002298,O00042453,Damaged Item,2026-01-02
R0002299,O00042454,Size Issue,2025-06-06
R0002300,O00042473,Late Delivery,2025-11-12
R0002301,O00042490,Late Delivery,2023-08-18
R0002302,O00042533,Late Delivery,2025-12-17
R0002303,O00042546,Damaged Item,2025-10-22
R0002304,O00042547,Damaged Item,2025-05-26
R0002305,O00042590,Changed Mind,2025-05-31
R0002306,O00042658,Changed Mind,2024-12-14
R0002307,O00042665,Late Delivery,2024-11-18
R0002308,O00042688,Quality Issue,2025-08-24
R0002309,O00042726,Wrong Item,2024-12-27
R0002310,O00042729,Damaged Item,2025-12-29
R0002311,O00042746,Size Issue,2025-12-26
R0002312,O00042801,Wrong Item,2024-07-03
R0002313,O00042807,Damaged Item,2025-07-28
R0002314,O00042821,Wrong Item,2025-12-21
R0002315,O00042830,Late Delivery,2026-01-20
R0002316,O00042837,Late Delivery,2026-01-23
R0002317,O00042857,Quality Issue,2024-06-29
R0002318,O00042859,Late Delivery,2024-12-24
R0002319,O00042890,Late Delivery,2025-05-21
R0002320,O00042894,Size Issue,2025-07-09
R0002321,O00042913,Quality Issue,2025-04-19
R0002322,O00042921,Late Delivery,2025-11-26
R0002323,O00042956,Wrong Item,2025-12-18
R0002324,O00042958,Changed Mind,2026-01-03
R0002325,O00042966,Quality Issue,2025-10-17
R0002326,O00043011,Damaged Item,2025-11-04
R0002327,O00043017,Wrong Item,2024-10-31
R0002328,O00043038,Size Issue,2025-09-23
R0002329,O00043042,Late Delivery,2023-08-31
R0002330,O00043090,Quality Issue,2024-12-25
R0002331,O00043144,Late Delivery,2025-08-21
R0002332,O00043152,Wrong Item,2024-12-31
R0002333,O00043157,Changed Mind,2025-07-26
R0002334,O00043173,Changed Mind,2024-08-21
R0002335,O00043203,Changed Mind,2025-07-12
R0002336,O00043217,Size Issue,2026-01-11
R0002337,O00043221,Changed Mind,2025-09-11
R0002338,O00043254,Wrong Item,2025-08-26
R0002339,O00043258,Late Delivery,2025-12-18
R0002340,O00043292,Wrong Item,2025-12-29
R0002341,O00043316,Quality Issue,2025-12-25
R0002342,O00043320,Wrong Item,2026-01-05
R0002343,O00043325,Changed Mind,2025-11-15
R0002344,O00043333,Quality Issue,2025-11-01
R0002345,O00043353,Late Delivery,2025-08-27
R0002346,O00043364,Changed Mind,2025-10-24
R0002347,O00043372,Late Delivery,2025-10-31
R0002348,O00043425,Wrong Item,2026-01-09
R0002349,O00043446,Size Issue,2025-12-16
R0002350,O00043481,Quality Issue,2025-09-20
R0002351,O00043497,Size Issue,2024-03-10
R0002352,O00043507,Changed Mind,2025-09-05
R0002353,O00043564,Wrong Item,2024-03-09
R0002354,O00043571,Quality Issue,2025-06-18
R0002355,O00043578,Size Issue,2026-01-11
R0002356,O00043590,Changed Mind,2024-12-08
R0002357,O00043614,Quality Issue,2025-08-30
R0002358,O00043616,Damaged Item,2024-01-28
R0002359,O00043634,Size Issue,2026-01-16
R0002360,O00043641,Wrong Item,2025-04-15
R0002361,O00043688,Damaged Item,2025-06-18
R0002362,O00043706,Damaged Item,2024-07-25
R0002363,O00043715,Size Issue,2025-06-19
R0002364,O00043718,Damaged Item,2025-11-01
R0002365,O00043723,Changed Mind,2024-01-24
R0002366,O00043753,Wrong Item,2025-12-19
R0002367,O00043754,Quality Issue,2026-01-05
R0002368,O00043766,Wrong Item,2023-09-05
R0002369,O00043789,Size Issue,2025-07-14
R0002370,O00043819,Damaged Item,2025-11-22
R0002371,O00043832,Quality Issue,2025-12-02
R0002372,O00043833,Wrong Item,2025-12-23
R0002373,O00043836,Late Delivery,2025-07-14
R0002374,O00043847,Late Delivery,2025-03-22
R0002375,O00043848,Quality Issue,2025-06-20
R0002376,O00043872,Quality Issue,2025-12-29
R0002377,O00043886,Changed Mind,2025-09-16
R0002378,O00043894,Wrong Item,2025-08-10
R0002379,O00043897,Quality Issue,2024-12-22
R0002380,O00043917,Changed Mind,2025-12-17
R0002381,O00043924,Size Issue,2024-12-09
R0002382,O00044033,Damaged Item,2025-07-13
R0002383,O00044058,Wrong Item,2025-04-29
R0002384,O00044060,Wrong Item,2025-07-06
R0002385,O00044064,Late Delivery,2025-12-02
R0002386,O00044078,Changed Mind,2024-02-12
R0002387,O00044102,Damaged Item,2023-05-19
R0002388,O00044106,Quality Issue,2025-07-07
R0002389,O00044152,Damaged Item,2025-11-23
R0002390,O00044189,Changed Mind,2025-04-05
R0002391,O00044225,Damaged Item,2025-08-27
R0002392,O00044244,Wrong Item,2025-12-05
R0002393,O00044248,Changed Mind,2025-11-04
R0002394,O00044278,Size Issue,2023-11-01
R0002395,O00044309,Damaged Item,2024-05-08
R0002396,O00044342,Late Delivery,2025-12-23
R0002397,O00044345,Wrong Item,2026-01-03
R0002398,O00044362,Late Delivery,2025-11-09
R0002399,O00044370,Quality Issue,2024-12-16
R0002400,O00044381,Quality Issue,2025-12-25
R0002401,O00044393,Changed Mind,2026-01-08
R0002402,O00044402,Changed Mind,2025-03-06
R0002403,O00044451,Quality Issue,2024-11-13
R0002404,O00044466,Late Delivery,2024-01-24
R0002405,O00044494,Quality Issue,2025-08-08
R0002406,O00044497,Changed Mind,2025-10-08
R0002407,O00044502,Quality Issue,2025-09-22
R0002408,O00044521,Changed Mind,2025-10-26
R0002409,O00044560,Wrong Item,2024-11-16
R0002410,O00044590,Late Delivery,2024-12-11
R0002411,O00044595,Quality Issue,2025-11-27
R0002412,O00044605,Size Issue,2025-10-27
R0002413,O00044614,Damaged Item,2025-10-06
R0002414,O00044619,Changed Mind,2025-11-03
R0002415,O00044629,Size Issue,2024-10-07
R0002416,O00044646,Damaged Item,2025-06-08
R0002417,O00044659,Quality Issue,2026-01-10
R0002418,O00044689,Damaged Item,2025-11-16
R0002419,O00044714,Changed Mind,2023-03-08
R0002420,O00044716,Damaged Item,2023-06-07
R0002421,O00044717,Wrong Item,2023-06-30
R0002422,O00044734,Damaged Item,2025-05-06
R0002423,O00044790,Damaged Item,2025-03-05
R0002424,O00044794,Late Delivery,2024-07-11
R0002425,O00044812,Changed Mind,2024-12-06
R0002426,O00044846,Damaged Item,2025-08-22
R0002427,O00044847,Changed Mind,2025-05-21
R0002428,O00044851,Wrong Item,2024-02-09
R0002429,O00044855,Late Delivery,2024-11-03
R0002430,O00044866,Size Issue,2025-12-17
R0002431,O00044919,Wrong Item,2025-11-30
R0002432,O00044933,Quality Issue,2024-12-02
R0002433,O00044934,Quality Issue,2023-05-15
R0002434,O00044959,Quality Issue,2025-11-14
R0002435,O00044981,Changed Mind,2025-06-12
R0002436,O00045027,Wrong Item,2024-03-21
R0002437,O00045068,Wrong Item,2025-12-15
R0002438,O00045085,Changed Mind,2024-05-12
R0002439,O00045113,Wrong Item,2025-07-25
R0002440,O00045198,Size Issue,2025-12-11
R0002441,O00045209,Late Delivery,2025-07-30
R0002442,O00045214,Late Delivery,2025-11-27
R0002443,O00045239,Quality Issue,2024-09-11
R0002444,O00045248,Damaged Item,2025-03-08
R0002445,O00045299,Late Delivery,2024-04-01
R0002446,O00045329,Quality Issue,2025-10-18
R0002447,O00045347,Wrong Item,2025-10-20
R0002448,O00045359,Late Delivery,2025-09-13
R0002449,O00045421,Damaged Item,2024-07-25
R0002450,O00045456,Changed Mind,2025-08-31
R0002451,O00045468,Size Issue,2025-11-22
R0002452,O00045471,Changed Mind,2025-07-23
R0002453,O00045518,Changed Mind,2025-03-05
R0002454,O00045549,Size Issue,2023-08-12
R0002455,O00045551,Late Delivery,2024-01-06
R0002456,O00045554,Changed Mind,2024-04-28
R0002457,O00045598,Damaged Item,2025-08-23
R0002458,O00045601,Changed Mind,2025-11-13
R0002459,O00045610,Changed Mind,2025-11-26
R0002460,O00045622,Wrong Item,2025-11-27
R0002461,O00045627,Damaged Item,2025-04-25
R0002462,O00045657,Wrong Item,2026-01-16
R0002463,O00045668,Size Issue,2025-07-02
R0002464,O00045687,Size Issue,2025-05-03
R0002465,O00045721,Quality Issue,2024-11-27
R0002466,O00045733,Late Delivery,2025-08-06
R0002467,O00045745,Size Issue,2024-02-15
R0002468,O00045751,Damaged Item,2025-12-31
R0002469,O00045760,Late Delivery,2025-01-03
R0002470,O00045770,Late Delivery,2024-10-24
R0002471,O00045791,Damaged Item,2025-09-01
R0002472,O00045792,Late Delivery,2025-09-18
R0002473,O00045809,Wrong Item,2025-12-11
R0002474,O00045828,Changed Mind,2023-11-08
R0002475,O00045834,Late Delivery,2025-12-26
R0002476,O00045850,Wrong Item,2024-02-22
R0002477,O00045855,Changed Mind,2025-09-18
R0002478,O00045879,Quality Issue,2023-06-27
R0002479,O00045886,Wrong Item,2025-03-08
R0002480,O00045893,Wrong Item,2025-03-26
R0002481,O00045916,Quality Issue,2025-06-28
R0002482,O00045936,Quality Issue,2024-08-20
R0002483,O00045940,Late Delivery,2024-11-10
R0002484,O00045945,Late Delivery,2025-12-31
R0002485,O00045955,Changed Mind,2025-05-07
R0002486,O00045958,Changed Mind,2025-03-22
R0002487,O00046007,Damaged Item,2023-12-26
R0002488,O00046044,Changed Mind,2025-10-01
R0002489,O00046079,Damaged Item,2025-08-02
R0002490,O00046080,Size Issue,2025-09-26
R0002491,O00046089,Quality Issue,2025-02-19
R0002492,O00046093,Changed Mind,2026-01-11
R0002493,O00046109,Changed Mind,2024-12-06
R0002494,O00046124,Quality Issue,2024-02-28
R0002495,O00046146,Size Issue,2025-11-28
R0002496,O00046157,Damaged Item,2025-10-14
R0002497,O00046197,Late Delivery,2025-01-10
R0002498,O00046203,Size Issue,2025-11-11
R0002499,O00046227,Late Delivery,2023-11-02
R0002500,O00046229,Size Issue,2024-07-17
R0002501,O00046260,Size Issue,2025-09-20
R0002502,O00046262,Damaged Item,2025-10-24
R0002503,O00046312,Size Issue,2025-08-28
R0002504,O00046346,Late Delivery,2023-06-24
R0002505,O00046376,Size Issue,2025-09-23
R0002506,O00046385,Damaged Item,2025-09-29
R0002507,O00046388,Late Delivery,2024-11-11
R0002508,O00046407,Wrong Item,2025-11-29
R0002509,O00046409,Late Delivery,2025-12-15
R0002510,O00046427,Damaged Item,2025-11-23
R0002511,O00046429,Damaged Item,2024-09-09
R0002512,O00046462,Quality Issue,2025-08-27
R0002513,O00046467,Wrong Item,2025-01-04
R0002514,O00046476,Size Issue,2025-08-06
R0002515,O00046483,Late Delivery,2025-04-20
R0002516,O00046526,Size Issue,2025-01-22
R0002517,O00046537,Quality Issue,2023-12-12
R0002518,O00046544,Late Delivery,2023-09-03
R0002519,O00046566,Quality Issue,2024-06-15
R0002520,O00046586,Size Issue,2026-01-10
R0002521,O00046607,Size Issue,2025-09-25
R0002522,O00046611,Changed Mind,2025-06-05
R0002523,O00046615,Size Issue,2025-12-18
R0002524,O00046641,Wrong Item,2025-11-30
R0002525,O00046686,Size Issue,2024-01-08
R0002526,O00046699,Damaged Item,2025-12-20
R0002527,O00046708,Changed Mind,2025-08-13
R0002528,O00046713,Damaged Item,2025-10-31
R0002529,O00046729,Size Issue,2025-06-15
R0002530,O00046733,Late Delivery,2024-12-06
R0002531,O00046770,Quality Issue,2025-09-01
R0002532,O00046771,Size Issue,2025-12-21
R0002533,O00046803,Size Issue,2025-07-10
R0002534,O00046840,Wrong Item,2025-11-19
R0002535,O00046842,Damaged Item,2024-01-20
R0002536,O00046843,Size Issue,2024-03-23
R0002537,O00046852,Wrong Item,2024-12-31
R0002538,O00046853,Late Delivery,2025-02-12
R0002539,O00046855,Damaged Item,2025-04-20
R0002540,O00046859,Quality Issue,2024-12-30
R0002541,O00046869,Wrong Item,2025-10-29
R0002542,O00046871,Late Delivery,2025-11-11
R0002543,O00046923,Changed Mind,2024-01-22
R0002544,O00046936,Size Issue,2025-12-31
R0002545,O00046952,Size Issue,2026-01-20
R0002546,O00046970,Changed Mind,2025-06-05
R0002547,O00046978,Late Delivery,2024-12-18
R0002548,O00046996,Quality Issue,2025-07-19
R0002549,O00046997,Damaged Item,2025-06-28
R0002550,O00047006,Damaged Item,2026-01-14
R0002551,O00047009,Wrong Item,2024-09-07
R0002552,O00047012,Late Delivery,2023-12-01
R0002553,O00047031,Changed Mind,2026-01-10
R0002554,O00047047,Size Issue,2023-06-09
R0002555,O00047056,Wrong Item,2025-11-09
R0002556,O00047064,Damaged Item,2023-04-17
R0002557,O00047070,Quality Issue,2025-08-14
R0002558,O00047110,Changed Mind,2025-11-06
R0002559,O00047121,Wrong Item,2025-12-20
R0002560,O00047126,Size Issue,2025-10-05
R0002561,O00047128,Size Issue,2024-02-21
R0002562,O00047143,Changed Mind,2025-12-28
R0002563,O00047156,Changed Mind,2026-01-06
R0002564,O00047186,Quality Issue,2025-03-19
R0002565,O00047241,Changed Mind,2025-07-17
R0002566,O00047245,Changed Mind,2024-07-28
R0002567,O00047272,Wrong Item,2024-12-05
R0002568,O00047296,Changed Mind,2025-07-16
R0002569,O00047320,Damaged Item,2025-01-08
R0002570,O00047328,Quality Issue,2025-12-26
R0002571,O00047331,Damaged Item,2025-12-26
R0002572,O00047336,Damaged Item,2025-06-19
R0002573,O00047346,Damaged Item,2024-09-06
R0002574,O00047353,Quality Issue,2023-03-17
R0002575,O00047367,Damaged Item,2024-11-14
R0002576,O00047421,Late Delivery,2025-06-24
R0002577,O00047437,Wrong Item,2025-11-06
R0002578,O00047439,Late Delivery,2025-10-15
R0002579,O00047466,Damaged Item,2025-08-31
R0002580,O00047469,Late Delivery,2025-11-10
R0002581,O00047492,Changed Mind,2024-12-09
R0002582,O00047498,Damaged Item,2025-06-03
R0002583,O00047538,Quality Issue,2025-04-21
R0002584,O00047559,Late Delivery,2025-01-08
R0002585,O00047560,Wrong Item,2025-02-19
R0002586,O00047578,Late Delivery,2025-06-26
R0002587,O00047615,Late Delivery,2025-08-20
R0002588,O00047682,Quality Issue,2025-07-15
R0002589,O00047693,Size Issue,2024-09-17
R0002590,O00047700,Quality Issue,2025-01-17
R0002591,O00047719,Damaged Item,2025-01-31
R0002592,O00047728,Size Issue,2025-08-11
R0002593,O00047782,Size Issue,2025-07-30
R0002594,O00047794,Late Delivery,2025-01-24
R0002595,O00047798,Wrong Item,2025-03-20
R0002596,O00047802,Changed Mind,2025-06-25
R0002597,O00047803,Wrong Item,2025-08-08
R0002598,O00047816,Damaged Item,2024-07-12
R0002599,O00047852,Quality Issue,2023-08-19
R0002600,O00047934,Size Issue,2025-06-02
R0002601,O00047947,Damaged Item,2025-11-22
R0002602,O00047959,Changed Mind,2024-11-11
R0002603,O00047976,Size Issue,2025-01-29
R0002604,O00047986,Size Issue,2025-03-31
R0002605,O00048022,Late Delivery,2025-11-28
R0002606,O00048025,Wrong Item,2025-12-17
R0002607,O00048029,Wrong Item,2025-12-19
R0002608,O00048043,Wrong Item,2025-08-20
R0002609,O00048045,Changed Mind,2023-04-16
R0002610,O00048061,Wrong Item,2025-11-04
R0002611,O00048063,Size Issue,2025-12-24
R0002612,O00048072,Late Delivery,2024-04-12
R0002613,O00048086,Quality Issue,2023-12-16
R0002614,O00048089,Late Delivery,2024-06-15
R0002615,O00048092,Size Issue,2025-04-05
R0002616,O00048112,Damaged Item,2025-03-18
R0002617,O00048179,Size Issue,2025-12-24
R0002618,O00048187,Changed Mind,2026-01-09
R0002619,O00048201,Size Issue,2025-12-26
R0002620,O00048266,Changed Mind,2025-12-27
R0002621,O00048291,Changed Mind,2024-10-22
R0002622,O00048306,Late Delivery,2025-07-25
R0002623,O00048307,Damaged Item,2025-12-16
R0002624,O00048317,Changed Mind,2025-02-12
R0002625,O00048336,Quality Issue,2025-02-01
R0002626,O00048337,Changed Mind,2025-04-15
R0002627,O00048343,Wrong Item,2025-12-29
R0002628,O00048362,Wrong Item,2025-01-23
R0002629,O00048372,Quality Issue,2025-12-17
R0002630,O00048384,Quality Issue,2024-05-16
R0002631,O00048394,Size Issue,2025-04-13
R0002632,O00048403,Quality Issue,2024-11-03
R0002633,O00048404,Damaged Item,2024-09-23
R0002634,O00048472,Changed Mind,2026-01-03
R0002635,O00048522,Size Issue,2024-11-11
R0002636,O00048528,Changed Mind,2023-11-10
R0002637,O00048542,Damaged Item,2025-03-28
R0002638,O00048614,Late Delivery,2024-12-21
R0002639,O00048638,Damaged Item,2025-08-07
R0002640,O00048673,Wrong Item,2023-09-19
R0002641,O00048705,Changed Mind,2025-01-30
R0002642,O00048720,Quality Issue,2024-04-12
R0002643,O00048721,Wrong Item,2024-07-09
R0002644,O00048735,Wrong Item,2025-12-07
R0002645,O00048745,Damaged Item,2025-12-09
R0002646,O00048752,Changed Mind,2026-01-01
R0002647,O00048797,Quality Issue,2024-03-21
R0002648,O00048801,Late Delivery,2024-12-11
R0002649,O00048807,Changed Mind,2025-05-03
R0002650,O00048809,Damaged Item,2025-07-30
R0002651,O00048822,Size Issue,2024-03-10
R0002652,O00048827,Changed Mind,2026-01-09
R0002653,O00048859,Size Issue,2025-12-12
R0002654,O00048924,Damaged Item,2024-07-31
R0002655,O00048965,Damaged Item,2025-12-19
R0002656,O00049007,Damaged Item,2024-11-07
R0002657,O00049021,Quality Issue,2025-04-07
R0002658,O00049052,Changed Mind,2025-09-10
R0002659,O00049073,Quality Issue,2025-12-16
R0002660,O00049074,Damaged Item,2024-07-28
R0002661,O00049075,Size Issue,2024-09-03
R0002662,O00049085,Changed Mind,2025-10-03
R0002663,O00049102,Damaged Item,2026-01-03
R0002664,O00049154,Changed Mind,2025-10-13
R0002665,O00049159,Changed Mind,2024-01-21
R0002666,O00049191,Changed Mind,2025-09-06
R0002667,O00049196,Size Issue,2025-07-14
R0002668,O00049207,Late Delivery,2023-10-21
R0002669,O00049224,Changed Mind,2026-02-02
R0002670,O00049235,Quality Issue,2023-07-23
R0002671,O00049253,Damaged Item,2025-02-03
R0002672,O00049262,Size Issue,2026-01-13
R0002673,O00049264,Damaged Item,2025-05-11
R0002674,O00049266,Damaged Item,2026-01-03
R0002675,O00049293,Changed Mind,2024-11-15
R0002676,O00049306,Size Issue,2025-04-25
R0002677,O00049309,Late Delivery,2025-11-30
R0002678,O00049324,Size Issue,2025-06-24
R0002679,O00049349,Wrong Item,2025-06-03
R0002680,O00049355,Size Issue,2025-05-10
R0002681,O00049392,Damaged Item,2025-05-13
R0002682,O00049406,Wrong Item,2025-08-26
R0002683,O00049430,Damaged Item,2025-12-31
R0002684,O00049455,Quality Issue,2025-07-31
R0002685,O00049459,Size Issue,2024-03-18
R0002686,O00049464,Quality Issue,2025-08-13
R0002687,O00049479,Quality Issue,2025-05-04
R0002688,O00049498,Size Issue,2024-11-15
R0002689,O00049510,Damaged Item,2024-05-30
R0002690,O00049511,Late Delivery,2024-06-19
R0002691,O00049563,Damaged Item,2024-08-25
R0002692,O00049580,Damaged Item,2026-01-15
R0002693,O00049594,Late Delivery,2024-06-08
R0002694,O00049604,Quality Issue,2025-11-18
R0002695,O00049605,Quality Issue,2025-06-24
R0002696,O00049646,Quality Issue,2023-10-15
R0002697,O00049661,Quality Issue,2026-01-01
R0002698,O00049686,Damaged Item,2024-07-29
R0002699,O00049747,Wrong Item,2023-11-24
R0002700,O00049780,Quality Issue,2024-12-14
R0002701,O00049836,Damaged Item,2024-11-27
R0002702,O00049841,Changed Mind,2025-06-25
R0002703,O00049849,Quality Issue,2025-05-08
R0002704,O00049879,Wrong Item,2025-06-20
R0002705,O00049915,Changed Mind,2025-12-22
R0002706,O00049947,Changed Mind,2025-09-01
R0002707,O00049960,Quality Issue,2025-09-22
R0002708,O00049963,Size Issue,2025-12-24
R0002709,O00049969,Late Delivery,2025-07-17
R0002710,O00049977,Quality Issue,2023-07-02
R0002711,O00050011,Damaged Item,2026-01-04
R0002712,O00050035,Damaged Item,2025-05-10
R0002713,O00050044,Changed Mind,2025-11-16
R0002714,O00050092,Quality Issue,2025-02-02
R0002715,O00050119,Size Issue,2024-12-23
R0002716,O00050157,Changed Mind,2025-07-24
R0002717,O00050177,Late Delivery,2025-05-11
R0002718,O00050203,Late Delivery,2025-10-20
R0002719,O00050210,Size Issue,2025-12-20
R0002720,O00050224,Late Delivery,2025-12-18
R0002721,O00050228,Late Delivery,2025-03-01
R0002722,O00050255,Late Delivery,2025-03-19
R0002723,O00050293,Wrong Item,2023-11-22
R0002724,O00050314,Changed Mind,2025-10-17
R0002725,O00050338,Damaged Item,2024-11-14
R0002726,O00050354,Changed Mind,2025-10-31
R0002727,O00050368,Size Issue,2025-03-17
R0002728,O00050382,Late Delivery,2025-10-26
R0002729,O00050390,Wrong Item,2024-12-11
R0002730,O00050391,Size Issue,2023-11-10
R0002731,O00050398,Quality Issue,2025-02-27
R0002732,O00050409,Quality Issue,2023-11-12
R0002733,O00050410,Late Delivery,2024-04-14
R0002734,O00050442,Quality Issue,2025-06-17
R0002735,O00050444,Damaged Item,2024-03-11
R0002736,O00050473,Changed Mind,2023-12-12
R0002737,O00050494,Quality Issue,2025-11-17
R0002738,O00050496,Size Issue,2025-12-30
R0002739,O00050528,Changed Mind,2025-07-13
R0002740,O00050568,Late Delivery,2025-01-24
R0002741,O00050602,Quality Issue,2025-03-02
R0002742,O00050603,Size Issue,2025-03-17
R0002743,O00050611,Late Delivery,2023-09-08
R0002744,O00050624,Changed Mind,2023-11-24
R0002745,O00050629,Quality Issue,2024-05-01
R0002746,O00050632,Size Issue,2024-09-17
R0002747,O00050636,Size Issue,2024-11-17
R0002748,O00050642,Wrong Item,2025-10-01
R0002749,O00050688,Damaged Item,2023-12-17
R0002750,O00050694,Damaged Item,2025-10-03
R0002751,O00050739,Wrong Item,2024-09-18
R0002752,O00050745,Wrong Item,2024-05-05
R0002753,O00050764,Damaged Item,2025-06-09
R0002754,O00050772,Quality Issue,2025-09-19
R0002755,O00050797,Damaged Item,2026-01-25
R0002756,O00050828,Changed Mind,2026-01-13
R0002757,O00050831,Wrong Item,2024-12-24
R0002758,O00050863,Damaged Item,2024-03-11
R0002759,O00050884,Wrong Item,2026-01-14
R0002760,O00050886,Late Delivery,2023-07-24
R0002761,O00050914,Wrong Item,2025-12-25
R0002762,O00050975,Quality Issue,2023-12-30
R0002763,O00050996,Wrong Item,2024-06-30
R0002764,O00051053,Quality Issue,2025-09-12
R0002765,O00051159,Size Issue,2024-11-29
R0002766,O00051167,Wrong Item,2023-02-11
R0002767,O00051194,Wrong Item,2025-07-13
R0002768,O00051237,Damaged Item,2025-07-05
R0002769,O00051242,Late Delivery,2025-11-20
R0002770,O00051244,Late Delivery,2025-11-16
R0002771,O00051249,Wrong Item,2025-08-30
R0002772,O00051266,Quality Issue,2023-10-29
R0002773,O00051274,Quality Issue,2024-11-19
R0002774,O00051285,Wrong Item,2024-06-11
R0002775,O00051313,Size Issue,2025-11-06
R0002776,O00051327,Changed Mind,2025-01-02
R0002777,O00051336,Quality Issue,2025-12-26
R0002778,O00051381,Late Delivery,2024-01-24
R0002779,O00051398,Changed Mind,2025-07-04
R0002780,O00051402,Damaged Item,2024-11-20
R0002781,O00051403,Late Delivery,2025-11-28
R0002782,O00051407,Quality Issue,2024-12-18
R0002783,O00051427,Wrong Item,2025-04-03
R0002784,O00051441,Size Issue,2024-09-18
R0002785,O00051447,Wrong Item,2025-05-30
R0002786,O00051450,Quality Issue,2023-12-16
R0002787,O00051458,Changed Mind,2025-03-25
R0002788,O00051462,Quality Issue,2024-10-04
R0002789,O00051470,Changed Mind,2026-01-17
R0002790,O00051472,Late Delivery,2026-01-12
R0002791,O00051473,Quality Issue,2024-07-07
R0002792,O00051478,Late Delivery,2025-10-25
R0002793,O00051489,Quality Issue,2023-06-03
R0002794,O00051493,Changed Mind,2025-05-23
R0002795,O00051501,Late Delivery,2025-10-15
R0002796,O00051503,Damaged Item,2024-10-25
R0002797,O00051517,Late Delivery,2025-11-14
R0002798,O00051558,Size Issue,2025-03-07
R0002799,O00051573,Wrong Item,2026-01-22
R0002800,O00051601,Damaged Item,2025-09-03
R0002801,O00051683,Quality Issue,2025-01-13
R0002802,O00051718,Quality Issue,2025-08-20
R0002803,O00051731,Quality Issue,2026-01-06
R0002804,O00051735,Damaged Item,2025-12-09
R0002805,O00051739,Quality Issue,2026-01-13
R0002806,O00051749,Size Issue,2024-12-26
R0002807,O00051821,Quality Issue,2025-08-23
R0002808,O00051839,Size Issue,2025-12-15
R0002809,O00051858,Late Delivery,2025-11-12
R0002810,O00051883,Changed Mind,2025-12-12
R0002811,O00051903,Wrong Item,2024-04-25
R0002812,O00051953,Wrong Item,2025-06-26
R0002813,O00051982,Size Issue,2025-12-27
R0002814,O00052024,Changed Mind,2023-11-17
R0002815,O00052037,Quality Issue,2025-08-21
R0002816,O00052040,Changed Mind,2025-08-17
R0002817,O00052074,Size Issue,2025-09-12
R0002818,O00052077,Wrong Item,2025-11-17
R0002819,O00052082,Late Delivery,2024-09-14
R0002820,O00052083,Size Issue,2024-10-19
R0002821,O00052086,Wrong Item,2024-12-10
R0002822,O00052090,Wrong Item,2025-03-26
R0002823,O00052118,Changed Mind,2024-03-29
R0002824,O00052127,Changed Mind,2025-07-26
R0002825,O00052142,Changed Mind,2025-12-30
R0002826,O00052187,Late Delivery,2025-01-18
R0002827,O00052202,Quality Issue,2025-01-21
R0002828,O00052207,Damaged Item,2023-10-01
R0002829,O00052209,Size Issue,2024-07-11
R0002830,O00052232,Changed Mind,2023-11-16
R0002831,O00052237,Late Delivery,2025-05-17
R0002832,O00052245,Size Issue,2025-06-16
R0002833,O00052246,Late Delivery,2025-08-08
R0002834,O00052261,Quality Issue,2025-08-22
R0002835,O00052296,Wrong Item,2025-03-01
R0002836,O00052301,Quality Issue,2025-06-20
R0002837,O00052323,Damaged Item,2024-12-05
R0002838,O00052336,Wrong Item,2025-07-30
R0002839,O00052351,Late Delivery,2025-06-26
R0002840,O00052364,Changed Mind,2024-11-30
R0002841,O00052366,Wrong Item,2024-09-28
R0002842,O00052383,Late Delivery,2024-10-02
R0002843,O00052410,Quality Issue,2023-11-30
R0002844,O00052459,Size Issue,2025-04-28
R0002845,O00052460,Changed Mind,2025-11-16
R0002846,O00052467,Late Delivery,2024-06-20
R0002847,O00052478,Size Issue,2024-07-06
R0002848,O00052497,Late Delivery,2023-03-19
R0002849,O00052508,Wrong Item,2024-08-19
R0002850,O00052522,Size Issue,2024-08-08
R0002851,O00052524,Wrong Item,2025-07-23
R0002852,O00052545,Late Delivery,2025-04-27
R0002853,O00052576,Damaged Item,2023-06-19
R0002854,O00052580,Wrong Item,2023-09-29
R0002855,O00052582,Wrong Item,2023-11-27
R0002856,O00052602,Size Issue,2024-12-03
R0002857,O00052648,Damaged Item,2025-09-19
R0002858,O00052654,Damaged Item,2024-12-16
R0002859,O00052678,Quality Issue,2025-12-13
R0002860,O00052685,Late Delivery,2025-09-11
R0002861,O00052691,Late Delivery,2025-10-12
R0002862,O00052694,Wrong Item,2025-08-22
R0002863,O00052695,Changed Mind,2025-10-15
R0002864,O00052709,Size Issue,2024-11-19
R0002865,O00052725,Size Issue,2025-05-09
R0002866,O00052740,Late Delivery,2025-11-11
R0002867,O00052771,Wrong Item,2024-07-18
R0002868,O00052777,Quality Issue,2025-09-16
R0002869,O00052817,Quality Issue,2024-01-08
R0002870,O00052828,Damaged Item,2025-08-10
R0002871,O00052842,Wrong Item,2024-12-08
R0002872,O00052850,Size Issue,2025-12-02
R0002873,O00052871,Quality Issue,2025-07-17
R0002874,O00052872,Wrong Item,2025-07-25
R0002875,O00052878,Late Delivery,2025-12-04
R0002876,O00052939,Wrong Item,2025-12-05
R0002877,O00052949,Changed Mind,2025-04-25
R0002878,O00052951,Size Issue,2025-09-02
R0002879,O00052968,Quality Issue,2025-08-17
R0002880,O00052980,Size Issue,2024-01-02
R0002881,O00053030,Quality Issue,2026-01-27
R0002882,O00053048,Quality Issue,2024-12-13
R0002883,O00053068,Size Issue,2025-11-13
R0002884,O00053076,Damaged Item,2025-05-22
R0002885,O00053085,Wrong Item,2025-11-14
R0002886,O00053105,Wrong Item,2025-08-07
R0002887,O00053113,Quality Issue,2024-12-25
R0002888,O00053151,Wrong Item,2025-12-28
R0002889,O00053217,Quality Issue,2025-12-28
R0002890,O00053248,Late Delivery,2025-12-11
R0002891,O00053253,Late Delivery,2025-06-08
R0002892,O00053261,Late Delivery,2025-09-06
R0002893,O00053281,Quality Issue,2025-02-18
R0002894,O00053309,Quality Issue,2024-08-05
R0002895,O00053322,Damaged Item,2025-08-03
R0002896,O00053327,Quality Issue,2026-01-18
R0002897,O00053332,Damaged Item,2025-09-04
R0002898,O00053359,Late Delivery,2025-12-25
R0002899,O00053366,Quality Issue,2024-12-18
R0002900,O00053432,Changed Mind,2026-01-01
R0002901,O00053436,Size Issue,2024-04-27
R0002902,O00053447,Size Issue,2025-12-29
R0002903,O00053451,Late Delivery,2025-02-05
R0002904,O00053486,Wrong Item,2024-08-24
R0002905,O00053491,Changed Mind,2025-07-05
R0002906,O00053493,Late Delivery,2025-07-28
R0002907,O00053515,Changed Mind,2025-12-09
R0002908,O00053525,Late Delivery,2025-12-08
R0002909,O00053532,Quality Issue,2023-11-26
R0002910,O00053560,Size Issue,2025-05-27
R0002911,O00053566,Wrong Item,2024-03-13
R0002912,O00053573,Quality Issue,2024-12-18
R0002913,O00053580,Wrong Item,2025-03-28
R0002914,O00053604,Late Delivery,2025-09-22
R0002915,O00053606,Changed Mind,2025-09-18
R0002916,O00053620,Changed Mind,2025-08-18
R0002917,O00053637,Quality Issue,2025-05-05
R0002918,O00053641,Damaged Item,2025-07-26
R0002919,O00053644,Size Issue,2024-12-07
R0002920,O00053653,Quality Issue,2024-01-28
R0002921,O00053660,Wrong Item,2025-10-12
R0002922,O00053710,Quality Issue,2025-12-08
R0002923,O00053717,Quality Issue,2024-04-19
R0002924,O00053731,Quality Issue,2025-09-20
R0002925,O00053789,Wrong Item,2024-12-23
R0002926,O00053833,Late Delivery,2024-06-04
R0002927,O00053938,Damaged Item,2025-08-02
R0002928,O00053956,Changed Mind,2023-11-08
R0002929,O00053958,Size Issue,2025-07-28
R0002930,O00053974,Damaged Item,2024-03-24
R0002931,O00053985,Wrong Item,2026-01-17
R0002932,O00053988,Quality Issue,2023-12-17
R0002933,O00054016,Quality Issue,2024-11-08
R0002934,O00054022,Quality Issue,2025-12-16
R0002935,O00054025,Size Issue,2026-01-01
R0002936,O00054047,Quality Issue,2025-10-04
R0002937,O00054050,Size Issue,2025-11-15
R0002938,O00054057,Changed Mind,2026-01-23
R0002939,O00054058,Late Delivery,2025-09-26
R0002940,O00054100,Late Delivery,2025-04-06
R0002941,O00054108,Wrong Item,2025-04-08
R0002942,O00054127,Damaged Item,2025-01-06
R0002943,O00054129,Quality Issue,2025-10-05
R0002944,O00054157,Damaged Item,2025-12-05
R0002945,O00054209,Late Delivery,2025-11-01
R0002946,O00054214,Wrong Item,2024-10-12
R0002947,O00054215,Wrong Item,2025-11-24
R0002948,O00054227,Quality Issue,2025-09-17
R0002949,O00054241,Quality Issue,2023-11-06
R0002950,O00054245,Size Issue,2025-02-16
R0002951,O00054289,Late Delivery,2025-07-31
R0002952,O00054293,Late Delivery,2023-12-19
R0002953,O00054319,Wrong Item,2025-01-20
R0002954,O00054326,Damaged Item,2025-01-11
R0002955,O00054346,Changed Mind,2024-09-21
R0002956,O00054372,Late Delivery,2026-01-05
R0002957,O00054413,Wrong Item,2026-01-04
R0002958,O00054422,Quality Issue,2025-03-05
R0002959,O00054451,Damaged Item,2026-01-15
R0002960,O00054468,Size Issue,2024-12-04
R0002961,O00054519,Late Delivery,2025-12-29
R0002962,O00054521,Size Issue,2026-01-17
R0002963,O00054524,Wrong Item,2024-05-01
R0002964,O00054571,Quality Issue,2025-07-06
R0002965,O00054578,Wrong Item,2026-01-06
R0002966,O00054580,Quality Issue,2025-03-10
R0002967,O00054587,Changed Mind,2025-11-28
R0002968,O00054619,Size Issue,2026-01-17
R0002969,O00054625,Size Issue,2025-06-15
R0002970,O00054645,Damaged Item,2026-01-11
R0002971,O00054656,Changed Mind,2025-12-10
R0002972,O00054661,Damaged Item,2025-04-27
R0002973,O00054662,Damaged Item,2025-05-23
R0002974,O00054682,Damaged Item,2025-02-07
R0002975,O00054691,Damaged Item,2025-11-20
R0002976,O00054706,Changed Mind,2026-01-03
R0002977,O00054771,Quality Issue,2024-04-28
R0002978,O00054784,Changed Mind,2025-10-07
R0002979,O00054786,Wrong Item,2024-02-04
R0002980,O00054801,Size Issue,2024-12-08
R0002981,O00054813,Wrong Item,2025-04-09
R0002982,O00054822,Wrong Item,2025-05-07
R0002983,O00054847,Quality Issue,2025-10-08
R0002984,O00054911,Wrong Item,2025-05-11
R0002985,O00054914,Damaged Item,2025-08-26
R0002986,O00054930,Wrong Item,2023-08-04
R0002987,O00054936,Damaged Item,2024-11-21
R0002988,O00054979,Size Issue,2025-01-08
R0002989,O00055079,Damaged Item,2025-02-13
R0002990,O00055082,Wrong Item,2025-05-24
R0002991,O00055093,Late Delivery,2026-01-06
R0002992,O00055099,Quality Issue,2025-02-01
R0002993,O00055122,Size Issue,2025-08-03
R0002994,O00055128,Quality Issue,2025-12-18
R0002995,O00055135,Damaged Item,2025-05-17
R0002996,O00055148,Size Issue,2024-08-10
R0002997,O00055150,Wrong Item,2025-02-19
R0002998,O00055163,Quality Issue,2024-10-20
R0002999,O00055188,Damaged Item,2025-10-25
R0003000,O00055201,Quality Issue,2025-07-04
R0003001,O00055215,Wrong Item,2025-04-18
R0003002,O00055248,Late Delivery,2025-03-28
R0003003,O00055264,Late Delivery,2025-11-29
R0003004,O00055286,Changed Mind,2024-11-06
R0003005,O00055298,Size Issue,2025-04-22
R0003006,O00055345,Changed Mind,2025-11-21
R0003007,O00055376,Size Issue,2024-11-04
R0003008,O00055387,Wrong Item,2024-08-13
R0003009,O00055389,Wrong Item,2024-10-26
R0003010,O00055403,Changed Mind,2025-11-03
R0003011,O00055411,Late Delivery,2024-01-18
R0003012,O00055449,Damaged Item,2024-02-02
R0003013,O00055501,Size Issue,2024-12-23
R0003014,O00055542,Wrong Item,2025-11-12
R0003015,O00055580,Size Issue,2023-01-26
R0003016,O00055596,Quality Issue,2023-05-24
R0003017,O00055597,Damaged Item,2023-10-19
R0003018,O00055611,Wrong Item,2024-11-09
R0003019,O00055625,Quality Issue,2025-06-16
R0003020,O00055634,Quality Issue,2025-12-27
R0003021,O00055647,Quality Issue,2025-08-28
R0003022,O00055655,Late Delivery,2025-01-01
R0003023,O00055669,Wrong Item,2025-04-13
R0003024,O00055675,Late Delivery,2023-08-14
R0003025,O00055679,Size Issue,2025-10-31
R0003026,O00055683,Quality Issue,2025-05-16
R0003027,O00055686,Quality Issue,2025-12-04
R0003028,O00055707,Changed Mind,2024-07-07
R0003029,O00055721,Changed Mind,2025-12-29
R0003030,O00055774,Damaged Item,2024-08-19
R0003031,O00055776,Size Issue,2024-12-09
R0003032,O00055782,Size Issue,2025-11-30
R0003033,O00055794,Damaged Item,2025-06-06
R0003034,O00055795,Size Issue,2024-11-26
R0003035,O00055881,Wrong Item,2025-07-07
R0003036,O00055890,Damaged Item,2025-01-30
R0003037,O00055894,Quality Issue,2025-07-17
R0003038,O00055916,Quality Issue,2024-09-30
R0003039,O00055931,Late Delivery,2025-12-06
R0003040,O00055938,Wrong Item,2025-06-17
R0003041,O00055948,Late Delivery,2024-12-20
R0003042,O00055949,Quality Issue,2025-02-28
R0003043,O00055961,Size Issue,2025-02-05
R0003044,O00055966,Size Issue,2025-10-25
R0003045,O00055992,Damaged Item,2025-10-05
R0003046,O00056036,Damaged Item,2025-12-27
R0003047,O00056038,Changed Mind,2026-01-22
R0003048,O00056063,Quality Issue,2025-05-20
R0003049,O00056114,Size Issue,2025-12-18
R0003050,O00056131,Size Issue,2026-01-04
R0003051,O00056136,Wrong Item,2024-01-10
R0003052,O00056140,Wrong Item,2024-12-08
R0003053,O00056141,Quality Issue,2024-12-28
R0003054,O00056177,Damaged Item,2025-10-19
R0003055,O00056191,Size Issue,2025-05-08
R0003056,O00056204,Quality Issue,2025-11-20
R0003057,O00056216,Damaged Item,2025-07-10
R0003058,O00056217,Wrong Item,2025-08-20
R0003059,O00056232,Late Delivery,2024-01-01
R0003060,O00056233,Size Issue,2023-12-19
R0003061,O00056248,Quality Issue,2025-04-28
R0003062,O00056275,Quality Issue,2025-07-09
R0003063,O00056276,Size Issue,2025-11-04
R0003064,O00056287,Changed Mind,2023-08-09
R0003065,O00056307,Quality Issue,2025-09-19
R0003066,O00056321,Size Issue,2025-11-01
R0003067,O00056362,Damaged Item,2025-03-13
R0003068,O00056369,Damaged Item,2025-12-20
R0003069,O00056401,Quality Issue,2025-11-18
R0003070,O00056450,Size Issue,2025-09-27
R0003071,O00056472,Quality Issue,2024-10-26
R0003072,O00056543,Late Delivery,2023-11-19
R0003073,O00056551,Damaged Item,2025-04-07
R0003074,O00056560,Size Issue,2024-09-27
R0003075,O00056566,Changed Mind,2025-07-01
R0003076,O00056569,Size Issue,2025-10-27
R0003077,O00056576,Changed Mind,2024-12-20
R0003078,O00056587,Quality Issue,2025-08-20
R0003079,O00056598,Damaged Item,2025-10-19
R0003080,O00056613,Wrong Item,2025-11-16
R0003081,O00056713,Quality Issue,2024-02-21
R0003082,O00056722,Late Delivery,2025-02-17
R0003083,O00056726,Quality Issue,2025-04-27
R0003084,O00056736,Quality Issue,2025-12-18
R0003085,O00056738,Damaged Item,2025-12-14
R0003086,O00056743,Changed Mind,2024-12-09
R0003087,O00056749,Wrong Item,2026-01-20
R0003088,O00056773,Damaged Item,2024-05-11
R0003089,O00056791,Damaged Item,2025-12-09
R0003090,O00056805,Size Issue,2024-02-10
R0003091,O00056829,Wrong Item,2024-11-20
R0003092,O00056833,Late Delivery,2023-11-07
R0003093,O00056873,Late Delivery,2024-11-27
R0003094,O00056880,Changed Mind,2025-06-12
R0003095,O00056883,Quality Issue,2025-10-26
R0003096,O00056887,Changed Mind,2024-10-16
R0003097,O00056897,Wrong Item,2025-02-27
R0003098,O00056914,Quality Issue,2025-11-26
R0003099,O00056945,Size Issue,2025-11-14
R0003100,O00056947,Changed Mind,2025-11-16
R0003101,O00056948,Size Issue,2025-11-24
R0003102,O00056953,Wrong Item,2024-09-14
R0003103,O00056977,Damaged Item,2023-08-15
R0003104,O00056978,Damaged Item,2023-09-04
R0003105,O00057004,Quality Issue,2025-10-30
R0003106,O00057016,Wrong Item,2025-07-31
R0003107,O00057031,Wrong Item,2025-09-06
R0003108,O00057035,Size Issue,2025-08-18
R0003109,O00057043,Late Delivery,2026-01-17
R0003110,O00057069,Damaged Item,2024-12-04
R0003111,O00057080,Size Issue,2024-08-07
R0003112,O00057085,Late Delivery,2024-09-29
R0003113,O00057094,Wrong Item,2025-03-27
R0003114,O00057111,Late Delivery,2024-11-08
R0003115,O00057115,Damaged Item,2025-06-02
R0003116,O00057121,Size Issue,2023-12-09
R0003117,O00057127,Size Issue,2023-06-19
R0003118,O00057128,Size Issue,2023-07-07
R0003119,O00057133,Damaged Item,2023-10-24
R0003120,O00057150,Late Delivery,2024-08-23
R0003121,O00057172,Size Issue,2024-06-22
R0003122,O00057191,Changed Mind,2026-01-02
R0003123,O00057235,Damaged Item,2025-11-24
R0003124,O00057248,Wrong Item,2025-07-13
R0003125,O00057255,Wrong Item,2025-06-13
R0003126,O00057261,Quality Issue,2024-12-18
R0003127,O00057287,Quality Issue,2025-08-18
R0003128,O00057324,Changed Mind,2025-11-27
R0003129,O00057353,Late Delivery,2024-10-17
R0003130,O00057376,Damaged Item,2025-11-01
R0003131,O00057390,Late Delivery,2025-11-10
R0003132,O00057428,Wrong Item,2023-06-30
R0003133,O00057431,Damaged Item,2024-03-09
R0003134,O00057438,Size Issue,2024-10-21
R0003135,O00057456,Wrong Item,2025-11-29
R0003136,O00057467,Quality Issue,2024-12-25
R0003137,O00057503,Size Issue,2025-04-24
R0003138,O00057504,Damaged Item,2025-09-04
R0003139,O00057508,Changed Mind,2024-08-06
R0003140,O00057535,Wrong Item,2025-02-28
R0003141,O00057573,Damaged Item,2025-10-28
R0003142,O00057575,Wrong Item,2025-03-18
R0003143,O00057584,Wrong Item,2025-07-08
R0003144,O00057607,Size Issue,2025-12-21
R0003145,O00057639,Size Issue,2024-09-02
R0003146,O00057645,Damaged Item,2025-11-26
R0003147,O00057666,Size Issue,2025-12-31
R0003148,O00057670,Wrong Item,2024-03-04
R0003149,O00057673,Wrong Item,2025-06-22
R0003150,O00057693,Size Issue,2024-12-22
R0003151,O00057701,Changed Mind,2025-12-09
R0003152,O00057751,Wrong Item,2024-10-04
R0003153,O00057803,Quality Issue,2025-12-01
R0003154,O00057812,Quality Issue,2025-12-19
R0003155,O00057830,Late Delivery,2025-12-22
R0003156,O00057832,Quality Issue,2025-11-18
R0003157,O00057916,Size Issue,2024-10-15
R0003158,O00057918,Changed Mind,2025-02-11
R0003159,O00057950,Size Issue,2024-12-02
R0003160,O00057955,Damaged Item,2024-12-22
R0003161,O00057956,Size Issue,2025-01-04
R0003162,O00057994,Size Issue,2025-05-04
R0003163,O00057995,Quality Issue,2025-12-11
R0003164,O00058044,Wrong Item,2025-06-23
R0003165,O00058047,Wrong Item,2024-10-07
R0003166,O00058051,Changed Mind,2025-10-17
R0003167,O00058053,Size Issue,2025-06-19
R0003168,O00058087,Wrong Item,2025-10-31
R0003169,O00058090,Late Delivery,2025-11-17
R0003170,O00058131,Late Delivery,2025-02-18
R0003171,O00058148,Late Delivery,2024-01-19
R0003172,O00058152,Size Issue,2025-12-02
R0003173,O00058207,Quality Issue,2025-08-20
R0003174,O00058226,Size Issue,2025-12-16
R0003175,O00058231,Quality Issue,2024-05-02
R0003176,O00058238,Size Issue,2025-01-14
R0003177,O00058245,Late Delivery,2025-07-19
R0003178,O00058259,Wrong Item,2025-08-17
R0003179,O00058263,Size Issue,2025-09-13
R0003180,O00058275,Size Issue,2024-11-06
R0003181,O00058286,Late Delivery,2025-10-16
R0003182,O00058319,Size Issue,2024-11-19
R0003183,O00058362,Changed Mind,2026-01-24
R0003184,O00058393,Wrong Item,2025-10-23
R0003185,O00058403,Late Delivery,2025-09-30
R0003186,O00058413,Late Delivery,2024-12-02
R0003187,O00058419,Late Delivery,2024-01-12
R0003188,O00058429,Quality Issue,2025-06-30
R0003189,O00058469,Size Issue,2026-01-08
R0003190,O00058474,Late Delivery,2025-11-28
R0003191,O00058480,Quality Issue,2023-03-24
R0003192,O00058526,Late Delivery,2025-08-22
R0003193,O00058546,Quality Issue,2025-12-05
R0003194,O00058561,Size Issue,2025-05-27
R0003195,O00058578,Late Delivery,2025-12-25
R0003196,O00058580,Wrong Item,2024-09-20
R0003197,O00058599,Late Delivery,2024-01-29
R0003198,O00058613,Quality Issue,2025-04-03
R0003199,O00058638,Late Delivery,2026-01-10
R0003200,O00058640,Changed Mind,2024-11-26
R0003201,O00058641,Late Delivery,2024-12-23
R0003202,O00058648,Late Delivery,2023-10-08
R0003203,O00058650,Wrong Item,2023-11-07
R0003204,O00058654,Damaged Item,2024-11-03
R0003205,O00058662,Size Issue,2025-12-04
R0003206,O00058664,Changed Mind,2025-12-20
R0003207,O00058675,Wrong Item,2024-04-28
R0003208,O00058699,Quality Issue,2024-02-25
R0003209,O00058704,Changed Mind,2025-08-20
R0003210,O00058744,Size Issue,2025-08-03
R0003211,O00058748,Size Issue,2024-12-04
R0003212,O00058766,Quality Issue,2024-12-05
R0003213,O00058768,Quality Issue,2024-12-26
R0003214,O00058811,Damaged Item,2025-09-15
R0003215,O00058824,Quality Issue,2025-05-28
R0003216,O00058830,Damaged Item,2026-01-07
R0003217,O00058904,Size Issue,2025-09-22
R0003218,O00058906,Quality Issue,2026-01-02
R0003219,O00058907,Damaged Item,2025-12-25
R0003220,O00058956,Damaged Item,2025-04-13
R0003221,O00058993,Changed Mind,2024-10-23
R0003222,O00058998,Quality Issue,2024-12-19
R0003223,O00059002,Damaged Item,2025-03-29
R0003224,O00059008,Changed Mind,2025-12-11
R0003225,O00059036,Damaged Item,2026-01-01
R0003226,O00059042,Changed Mind,2025-09-21
R0003227,O00059044,Quality Issue,2025-12-11
R0003228,O00059090,Damaged Item,2025-12-31
R0003229,O00059099,Changed Mind,2024-07-20
R0003230,O00059103,Quality Issue,2025-11-10
R0003231,O00059109,Changed Mind,2025-12-13
R0003232,O00059140,Size Issue,2024-12-07
R0003233,O00059152,Wrong Item,2025-06-12
R0003234,O00059156,Quality Issue,2025-12-15
R0003235,O00059207,Quality Issue,2025-10-13
R0003236,O00059210,Late Delivery,2025-11-16
R0003237,O00059219,Changed Mind,2025-04-04
R0003238,O00059221,Late Delivery,2025-07-15
R0003239,O00059243,Wrong Item,2025-07-19
R0003240,O00059247,Wrong Item,2023-07-17
R0003241,O00059276,Damaged Item,2024-12-29
R0003242,O00059294,Changed Mind,2025-08-29
R0003243,O00059303,Size Issue,2025-10-22
R0003244,O00059304,Quality Issue,2025-10-26
R0003245,O00059308,Size Issue,2025-12-03
R0003246,O00059313,Changed Mind,2025-08-02
R0003247,O00059324,Wrong Item,2025-11-24
R0003248,O00059335,Late Delivery,2025-02-07
R0003249,O00059343,Size Issue,2025-07-08
R0003250,O00059361,Size Issue,2025-09-01
R0003251,O00059368,Wrong Item,2025-03-03
R0003252,O00059375,Wrong Item,2024-12-09
R0003253,O00059378,Late Delivery,2023-10-04
R0003254,O00059387,Damaged Item,2025-10-02
R0003255,O00059394,Wrong Item,2025-09-18
R0003256,O00059396,Late Delivery,2025-11-28
R0003257,O00059397,Changed Mind,2025-06-28
R0003258,O00059439,Quality Issue,2025-11-08
R0003259,O00059455,Wrong Item,2025-11-07
R0003260,O00059482,Damaged Item,2025-04-10
R0003261,O00059490,Late Delivery,2025-05-15
R0003262,O00059508,Late Delivery,2024-11-29
R0003263,O00059511,Late Delivery,2025-10-16
R0003264,O00059517,Damaged Item,2025-01-13
R0003265,O00059551,Damaged Item,2023-09-21
R0003266,O00059578,Size Issue,2024-03-03
R0003267,O00059587,Damaged Item,2024-12-23
R0003268,O00059591,Damaged Item,2025-10-24
R0003269,O00059640,Wrong Item,2025-07-30
R0003270,O00059658,Late Delivery,2025-11-10
R0003271,O00059678,Late Delivery,2025-05-07
R0003272,O00059696,Quality Issue,2023-06-08
R0003273,O00059699,Wrong Item,2024-08-03
R0003274,O00059702,Late Delivery,2025-06-01
R0003275,O00059707,Wrong Item,2023-11-06
R0003276,O00059772,Wrong Item,2025-11-11
R0003277,O00059832,Changed Mind,2025-11-17
R0003278,O00059836,Changed Mind,2025-11-11
R0003279,O00059837,Wrong Item,2025-11-22
R0003280,O00059843,Changed Mind,2024-11-25
R0003281,O00059857,Changed Mind,2023-10-26
R0003282,O00059858,Damaged Item,2025-12-28
R0003283,O00059870,Damaged Item,2025-12-03
R0003284,O00059900,Quality Issue,2025-12-02
R0003285,O00059917,Quality Issue,2025-12-23
R0003286,O00059924,Late Delivery,2024-09-27
R0003287,O00059951,Size Issue,2025-01-14
R0003288,O00059969,Changed Mind,2025-01-01
R0003289,O00059978,Quality Issue,2026-01-09
R0003290,O00059980,Quality Issue,2026-01-03
R0003291,O00060010,Quality Issue,2025-10-02
R0003292,O00060011,Changed Mind,2024-11-04
R0003293,O00060036,Damaged Item,2025-09-03
R0003294,O00060054,Quality Issue,2025-02-18
R0003295,O00060055,Size Issue,2025-09-25
R0003296,O00060088,Late Delivery,2025-09-10
R0003297,O00060135,Size Issue,2025-10-29
R0003298,O00060160,Damaged Item,2024-12-17
R0003299,O00060163,Quality Issue,2025-12-21
R0003300,O00060171,Quality Issue,2024-10-19
R0003301,O00060190,Changed Mind,2024-07-08
R0003302,O00060193,Damaged Item,2024-09-29
R0003303,O00060208,Wrong Item,2025-10-15
R0003304,O00060244,Changed Mind,2025-11-28
R0003305,O00060257,Late Delivery,2025-04-25
R0003306,O00060284,Changed Mind,2023-12-19
R0003307,O00060335,Damaged Item,2025-10-03
R0003308,O00060338,Size Issue,2025-12-04
R0003309,O00060359,Size Issue,2024-10-25
R0003310,O00060363,Changed Mind,2025-05-05
R0003311,O00060370,Changed Mind,2025-11-14
R0003312,O00060375,Damaged Item,2024-12-07
R0003313,O00060410,Size Issue,2025-03-29
R0003314,O00060413,Wrong Item,2026-01-08
R0003315,O00060425,Damaged Item,2025-11-15
R0003316,O00060435,Size Issue,2026-01-08
R0003317,O00060444,Damaged Item,2025-11-19
R0003318,O00060459,Wrong Item,2025-12-17
R0003319,O00060461,Wrong Item,2025-03-13
R0003320,O00060499,Wrong Item,2025-12-20
R0003321,O00060514,Damaged Item,2023-06-15
R0003322,O00060515,Late Delivery,2024-02-03
R0003323,O00060551,Damaged Item,2025-01-29
R0003324,O00060597,Wrong Item,2023-08-25
R0003325,O00060604,Size Issue,2023-06-01
R0003326,O00060624,Damaged Item,2025-12-22
R0003327,O00060626,Size Issue,2026-01-05
R0003328,O00060644,Late Delivery,2024-11-24
R0003329,O00060701,Damaged Item,2024-11-09
R0003330,O00060719,Damaged Item,2025-01-12
R0003331,O00060742,Changed Mind,2024-12-06
R0003332,O00060792,Size Issue,2025-12-22
R0003333,O00060796,Wrong Item,2023-11-21
R0003334,O00060809,Wrong Item,2026-01-05
R0003335,O00060852,Damaged Item,2025-03-17
R0003336,O00060892,Size Issue,2025-01-21
R0003337,O00060898,Size Issue,2025-11-20
R0003338,O00060930,Late Delivery,2025-12-12
R0003339,O00060931,Wrong Item,2025-12-12
R0003340,O00060948,Damaged Item,2025-09-05
R0003341,O00060955,Quality Issue,2024-12-12
R0003342,O00061024,Damaged Item,2025-07-28
R0003343,O00061068,Wrong Item,2025-09-04
R0003344,O00061077,Changed Mind,2025-08-31
R0003345,O00061118,Changed Mind,2025-08-10
R0003346,O00061148,Late Delivery,2025-11-14
R0003347,O00061211,Changed Mind,2024-12-12
R0003348,O00061257,Late Delivery,2025-09-16
R0003349,O00061260,Wrong Item,2025-06-24
R0003350,O00061291,Quality Issue,2025-01-11
R0003351,O00061293,Wrong Item,2025-07-31
R0003352,O00061366,Wrong Item,2025-10-25
R0003353,O00061377,Damaged Item,2025-06-19
R0003354,O00061388,Wrong Item,2025-09-28
R0003355,O00061389,Late Delivery,2025-11-20
R0003356,O00061403,Quality Issue,2026-01-08
R0003357,O00061436,Changed Mind,2025-06-27
R0003358,O00061495,Late Delivery,2024-12-12
R0003359,O00061520,Damaged Item,2025-01-05
R0003360,O00061560,Wrong Item,2025-05-27
R0003361,O00061576,Quality Issue,2025-08-09
R0003362,O00061588,Late Delivery,2024-12-19
R0003363,O00061590,Size Issue,2025-03-24
R0003364,O00061616,Quality Issue,2024-12-02
R0003365,O00061623,Size Issue,2024-06-22
R0003366,O00061638,Changed Mind,2025-01-25
R0003367,O00061641,Damaged Item,2025-07-07
R0003368,O00061648,Size Issue,2025-12-19
R0003369,O00061653,Quality Issue,2025-10-29
R0003370,O00061661,Late Delivery,2025-11-12
R0003371,O00061668,Damaged Item,2024-04-02
R0003372,O00061702,Quality Issue,2023-12-31
R0003373,O00061735,Wrong Item,2025-08-09
R0003374,O00061738,Size Issue,2026-01-16
R0003375,O00061758,Changed Mind,2025-11-05
R0003376,O00061760,Late Delivery,2023-11-21
R0003377,O00061775,Damaged Item,2025-03-15
R0003378,O00061782,Damaged Item,2025-12-20
R0003379,O00061784,Late Delivery,2026-01-18
R0003380,O00061797,Damaged Item,2024-05-25
R0003381,O00061802,Wrong Item,2024-11-14
R0003382,O00061814,Changed Mind,2024-08-30
R0003383,O00061826,Changed Mind,2025-03-01
R0003384,O00061854,Quality Issue,2023-10-29
R0003385,O00061878,Late Delivery,2025-08-28
R0003386,O00061902,Damaged Item,2026-01-08
R0003387,O00061938,Wrong Item,2025-10-23
R0003388,O00061944,Quality Issue,2025-04-10
R0003389,O00061950,Wrong Item,2023-09-25
R0003390,O00061959,Changed Mind,2025-09-08
R0003391,O00061970,Changed Mind,2025-09-16
R0003392,O00061981,Damaged Item,2026-01-15
R0003393,O00061987,Size Issue,2025-09-18
R0003394,O00062006,Late Delivery,2025-10-26
R0003395,O00062018,Quality Issue,2025-11-26
R0003396,O00062064,Late Delivery,2025-10-15
R0003397,O00062068,Wrong Item,2023-06-28
R0003398,O00062069,Size Issue,2024-03-04
R0003399,O00062091,Damaged Item,2025-03-19
R0003400,O00062117,Quality Issue,2025-08-16
R0003401,O00062157,Late Delivery,2025-12-28
R0003402,O00062164,Changed Mind,2025-07-20
R0003403,O00062170,Wrong Item,2025-08-23
R0003404,O00062197,Wrong Item,2025-12-13
R0003405,O00062200,Changed Mind,2025-12-27
R0003406,O00062249,Size Issue,2025-06-27
R0003407,O00062254,Wrong Item,2025-07-14
R0003408,O00062268,Late Delivery,2024-01-24
R0003409,O00062289,Late Delivery,2025-09-15
R0003410,O00062314,Damaged Item,2025-04-14
R0003411,O00062328,Wrong Item,2025-09-16
R0003412,O00062373,Wrong Item,2024-03-04
R0003413,O00062376,Wrong Item,2025-07-12
R0003414,O00062381,Wrong Item,2026-01-11
R0003415,O00062387,Wrong Item,2025-12-24
R0003416,O00062425,Changed Mind,2023-04-13
R0003417,O00062443,Damaged Item,2025-01-12
R0003418,O00062483,Size Issue,2025-01-04
R0003419,O00062491,Changed Mind,2025-11-24
R0003420,O00062533,Quality Issue,2025-09-14
R0003421,O00062554,Damaged Item,2025-06-05
R0003422,O00062574,Quality Issue,2026-01-27
R0003423,O00062589,Size Issue,2024-08-28
R0003424,O00062594,Wrong Item,2025-11-30
R0003425,O00062634,Damaged Item,2026-01-11
R0003426,O00062639,Quality Issue,2025-07-28
R0003427,O00062640,Wrong Item,2026-01-11
R0003428,O00062670,Wrong Item,2025-05-10
R0003429,O00062686,Damaged Item,2025-09-07
R0003430,O00062707,Quality Issue,2023-12-11
R0003431,O00062711,Damaged Item,2025-07-20
R0003432,O00062714,Quality Issue,2025-09-05
R0003433,O00062720,Wrong Item,2025-04-11
R0003434,O00062727,Late Delivery,2024-10-04
R0003435,O00062750,Damaged Item,2025-11-30
R0003436,O00062768,Changed Mind,2025-01-07
R0003437,O00062780,Size Issue,2025-05-23
R0003438,O00062784,Late Delivery,2025-07-30
R0003439,O00062794,Changed Mind,2025-02-10
R0003440,O00062803,Wrong Item,2025-12-06
R0003441,O00062809,Size Issue,2024-04-20
R0003442,O00062822,Damaged Item,2025-07-20
R0003443,O00062830,Size Issue,2024-12-20
R0003444,O00062859,Quality Issue,2025-05-08
R0003445,O00062864,Damaged Item,2025-07-10
R0003446,O00062893,Late Delivery,2023-05-26
R0003447,O00062899,Damaged Item,2025-06-17
R0003448,O00062922,Late Delivery,2024-10-21
R0003449,O00062949,Size Issue,2025-02-13
R0003450,O00062950,Changed Mind,2025-03-30
R0003451,O00062955,Size Issue,2025-10-08
R0003452,O00062956,Size Issue,2025-11-12
R0003453,O00062958,Changed Mind,2025-12-10
R0003454,O00062960,Quality Issue,2025-08-13
R0003455,O00062980,Quality Issue,2025-08-06
R0003456,O00063020,Quality Issue,2024-12-24
R0003457,O00063055,Changed Mind,2026-01-17
R0003458,O00063063,Wrong Item,2023-06-27
R0003459,O00063066,Wrong Item,2025-02-07
R0003460,O00063068,Size Issue,2025-07-21
R0003461,O00063081,Late Delivery,2024-08-16
R0003462,O00063083,Size Issue,2024-09-22
R0003463,O00063106,Quality Issue,2025-12-27
R0003464,O00063127,Late Delivery,2025-11-23
R0003465,O00063142,Wrong Item,2023-12-20
R0003466,O00063170,Quality Issue,2025-08-11
R0003467,O00063176,Size Issue,2024-12-07
R0003468,O00063189,Wrong Item,2025-01-11
R0003469,O00063200,Changed Mind,2025-01-29
R0003470,O00063209,Size Issue,2025-04-15
R0003471,O00063233,Size Issue,2026-01-18
R0003472,O00063286,Quality Issue,2025-08-02
R0003473,O00063292,Quality Issue,2023-09-16
R0003474,O00063304,Damaged Item,2025-01-24
R0003475,O00063332,Damaged Item,2024-07-06
R0003476,O00063335,Late Delivery,2023-09-12
R0003477,O00063358,Wrong Item,2025-08-27
R0003478,O00063369,Quality Issue,2025-11-04
R0003479,O00063370,Size Issue,2025-11-08
R0003480,O00063392,Wrong Item,2025-09-25
R0003481,O00063415,Changed Mind,2025-12-29
R0003482,O00063445,Changed Mind,2025-07-11
R0003483,O00063448,Size Issue,2024-12-15
R0003484,O00063530,Size Issue,2026-01-11
R0003485,O00063555,Changed Mind,2024-10-11
R0003486,O00063570,Late Delivery,2026-01-21
R0003487,O00063574,Size Issue,2025-06-30
R0003488,O00063581,Wrong Item,2025-04-11
R0003489,O00063594,Damaged Item,2023-04-04
R0003490,O00063625,Late Delivery,2024-08-13
R0003491,O00063629,Wrong Item,2025-05-14
R0003492,O00063665,Damaged Item,2023-11-29
R0003493,O00063673,Changed Mind,2024-12-15
R0003494,O00063679,Late Delivery,2025-05-19
R0003495,O00063690,Damaged Item,2023-12-27
R0003496,O00063704,Damaged Item,2025-11-26
R0003497,O00063720,Size Issue,2025-05-23
R0003498,O00063774,Size Issue,2024-12-05
R0003499,O00063784,Damaged Item,2025-08-27
R0003500,O00063790,Size Issue,2024-10-27
R0003501,O00063801,Wrong Item,2025-01-19
R0003502,O00063805,Quality Issue,2024-10-18
R0003503,O00063806,Late Delivery,2025-09-13
R0003504,O00063813,Late Delivery,2023-03-30
R0003505,O00063817,Wrong Item,2023-08-29
R0003506,O00063929,Quality Issue,2025-07-04
R0003507,O00063935,Changed Mind,2026-01-06
R0003508,O00063952,Changed Mind,2024-08-16
R0003509,O00063999,Damaged Item,2024-12-19
R0003510,O00064004,Wrong Item,2025-07-17
R0003511,O00064035,Wrong Item,2023-02-23
R0003512,O00064041,Late Delivery,2025-03-27
R0003513,O00064043,Damaged Item,2023-11-21
R0003514,O00064049,Size Issue,2023-05-22
R0003515,O00064053,Quality Issue,2024-01-24
R0003516,O00064088,Quality Issue,2023-09-07
R0003517,O00064092,Changed Mind,2024-09-20
R0003518,O00064102,Changed Mind,2025-03-25
R0003519,O00064108,Damaged Item,2025-10-04
R0003520,O00064156,Late Delivery,2025-12-27
R0003521,O00064179,Quality Issue,2026-01-04
R0003522,O00064188,Wrong Item,2024-10-25
R0003523,O00064189,Quality Issue,2025-07-30
R0003524,O00064197,Changed Mind,2023-08-15
R0003525,O00064209,Quality Issue,2025-09-19
R0003526,O00064238,Size Issue,2026-01-17
R0003527,O00064263,Wrong Item,2024-12-19
R0003528,O00064283,Wrong Item,2025-11-28
R0003529,O00064349,Changed Mind,2025-10-24
R0003530,O00064385,Changed Mind,2023-05-04
R0003531,O00064404,Quality Issue,2024-10-28
R0003532,O00064418,Changed Mind,2025-06-19
R0003533,O00064426,Changed Mind,2024-05-31
R0003534,O00064440,Wrong Item,2025-09-27
R0003535,O00064466,Damaged Item,2025-04-30
R0003536,O00064470,Quality Issue,2026-01-02
R0003537,O00064488,Size Issue,2025-04-17
R0003538,O00064496,Wrong Item,2025-11-14
R0003539,O00064501,Size Issue,2025-07-28
R0003540,O00064516,Wrong Item,2025-12-20
R0003541,O00064551,Wrong Item,2025-11-23
R0003542,O00064552,Damaged Item,2025-11-20
R0003543,O00064565,Size Issue,2025-12-22
R0003544,O00064582,Damaged Item,2024-12-10
R0003545,O00064650,Wrong Item,2024-01-29
R0003546,O00064661,Wrong Item,2025-05-18
R0003547,O00064663,Changed Mind,2025-06-14
R0003548,O00064665,Damaged Item,2025-06-27
R0003549,O00064682,Size Issue,2025-11-15
R0003550,O00064688,Wrong Item,2024-01-03
R0003551,O00064740,Size Issue,2025-08-19
R0003552,O00064742,Quality Issue,2025-08-04
R0003553,O00064749,Wrong Item,2025-11-19
R0003554,O00064769,Damaged Item,2025-08-23
R0003555,O00064772,Quality Issue,2025-10-11
R0003556,O00064790,Quality Issue,2025-07-28
R0003557,O00064825,Size Issue,2024-10-23
R0003558,O00064831,Damaged Item,2025-05-09
R0003559,O00064834,Damaged Item,2025-10-28
R0003560,O00064836,Wrong Item,2025-08-19
R0003561,O00064864,Size Issue,2025-04-25
R0003562,O00064869,Late Delivery,2026-01-22
R0003563,O00064893,Late Delivery,2025-07-06
R0003564,O00064923,Quality Issue,2026-01-08
R0003565,O00064942,Size Issue,2025-06-30
R0003566,O00064943,Quality Issue,2023-10-26
R0003567,O00064953,Wrong Item,2025-04-06
R0003568,O00064956,Changed Mind,2025-08-03
R0003569,O00065104,Changed Mind,2025-08-18
R0003570,O00065111,Changed Mind,2025-01-20
R0003571,O00065130,Damaged Item,2025-03-14
R0003572,O00065139,Quality Issue,2025-12-13
R0003573,O00065142,Quality Issue,2024-01-25
R0003574,O00065184,Wrong Item,2023-08-03
R0003575,O00065210,Wrong Item,2023-06-26
R0003576,O00065229,Damaged Item,2025-04-21
R0003577,O00065276,Wrong Item,2025-06-16
R0003578,O00065292,Damaged Item,2026-01-13
R0003579,O00065320,Changed Mind,2024-12-20
R0003580,O00065326,Wrong Item,2025-01-17
R0003581,O00065335,Quality Issue,2025-06-02
R0003582,O00065336,Changed Mind,2023-12-26
R0003583,O00065352,Damaged Item,2024-01-02
R0003584,O00065356,Wrong Item,2023-09-01
R0003585,O00065370,Quality Issue,2024-06-07
R0003586,O00065382,Changed Mind,2025-12-03
R0003587,O00065406,Late Delivery,2025-01-09
R0003588,O00065437,Changed Mind,2025-08-17
R0003589,O00065508,Size Issue,2025-12-24
R0003590,O00065558,Late Delivery,2023-04-03
R0003591,O00065577,Quality Issue,2024-09-09
R0003592,O00065586,Damaged Item,2024-12-29
R0003593,O00065634,Damaged Item,2025-11-29
R0003594,O00065646,Changed Mind,2025-08-18
R0003595,O00065686,Damaged Item,2024-11-17
R0003596,O00065700,Changed Mind,2025-11-07
R0003597,O00065701,Damaged Item,2025-11-21
R0003598,O00065716,Late Delivery,2025-12-28
R0003599,O00065723,Wrong Item,2025-10-31
R0003600,O00065725,Wrong Item,2025-11-12
R0003601,O00065745,Wrong Item,2025-08-31
R0003602,O00065746,Size Issue,2025-10-10
R0003603,O00065756,Changed Mind,2025-12-30
R0003604,O00065764,Quality Issue,2026-01-15
R0003605,O00065770,Late Delivery,2024-05-03
R0003606,O00065783,Damaged Item,2024-01-19
R0003607,O00065809,Size Issue,2025-09-20
R0003608,O00065820,Late Delivery,2025-07-27
R0003609,O00065873,Wrong Item,2025-10-25
R0003610,O00065935,Wrong Item,2024-08-25
R0003611,O00065953,Size Issue,2025-11-06
R0003612,O00066014,Quality Issue,2023-07-24
R0003613,O00066025,Quality Issue,2024-11-21
R0003614,O00066037,Damaged Item,2025-06-14
R0003615,O00066046,Size Issue,2026-01-01
R0003616,O00066062,Changed Mind,2024-12-29
R0003617,O00066066,Changed Mind,2024-04-24
R0003618,O00066071,Quality Issue,2025-12-02
R0003619,O00066079,Damaged Item,2025-10-02
R0003620,O00066106,Damaged Item,2025-09-26
R0003621,O00066123,Quality Issue,2025-12-04
R0003622,O00066128,Quality Issue,2025-07-04
R0003623,O00066133,Size Issue,2026-01-20
R0003624,O00066137,Damaged Item,2024-09-20
R0003625,O00066138,Changed Mind,2024-10-30
R0003626,O00066175,Size Issue,2025-01-15
R0003627,O00066203,Wrong Item,2025-11-29
R0003628,O00066213,Late Delivery,2024-04-26
R0003629,O00066224,Wrong Item,2025-12-09
R0003630,O00066277,Damaged Item,2025-08-05
R0003631,O00066303,Late Delivery,2025-10-18
R0003632,O00066353,Wrong Item,2024-06-21
R0003633,O00066372,Wrong Item,2025-09-21
R0003634,O00066383,Changed Mind,2023-12-24
R0003635,O00066387,Quality Issue,2023-07-25
R0003636,O00066402,Changed Mind,2025-07-08
R0003637,O00066411,Quality Issue,2025-07-24
R0003638,O00066478,Damaged Item,2026-01-02
R0003639,O00066487,Wrong Item,2025-11-13
R0003640,O00066490,Size Issue,2025-12-08
R0003641,O00066494,Size Issue,2025-12-17
R0003642,O00066499,Damaged Item,2025-12-28
R0003643,O00066516,Late Delivery,2024-12-05
R0003644,O00066519,Late Delivery,2025-07-05
R0003645,O00066521,Wrong Item,2025-11-08
R0003646,O00066533,Damaged Item,2025-12-12
R0003647,O00066553,Quality Issue,2025-09-19
R0003648,O00066560,Wrong Item,2025-12-04
R0003649,O00066590,Late Delivery,2026-01-22
R0003650,O00066599,Size Issue,2026-01-24
R0003651,O00066603,Damaged Item,2024-02-19
R0003652,O00066613,Wrong Item,2025-03-13
R0003653,O00066614,Wrong Item,2025-08-10
R0003654,O00066632,Late Delivery,2024-08-11
R0003655,O00066656,Changed Mind,2024-12-28
R0003656,O00066660,Damaged Item,2025-11-04
R0003657,O00066662,Wrong Item,2025-12-28
R0003658,O00066677,Late Delivery,2025-03-30
R0003659,O00066684,Changed Mind,2025-10-11
R0003660,O00066691,Changed Mind,2025-04-02
R0003661,O00066693,Wrong Item,2025-08-19
R0003662,O00066710,Changed Mind,2024-07-05
R0003663,O00066714,Late Delivery,2023-12-21
R0003664,O00066773,Quality Issue,2026-01-03
R0003665,O00066784,Damaged Item,2025-12-26
R0003666,O00066821,Changed Mind,2026-01-11
R0003667,O00066833,Quality Issue,2025-11-25
R0003668,O00066843,Damaged Item,2025-12-05
R0003669,O00066935,Damaged Item,2025-02-13
R0003670,O00066987,Size Issue,2025-05-22
R0003671,O00066994,Late Delivery,2025-11-04
R0003672,O00067016,Damaged Item,2024-12-26
R0003673,O00067050,Wrong Item,2025-05-14
R0003674,O00067086,Late Delivery,2025-11-03
R0003675,O00067087,Size Issue,2024-05-22
R0003676,O00067119,Wrong Item,2024-07-03
R0003677,O00067132,Wrong Item,2026-02-02
R0003678,O00067144,Quality Issue,2025-11-26
R0003679,O00067155,Late Delivery,2026-01-15
R0003680,O00067175,Size Issue,2024-12-25
R0003681,O00067196,Quality Issue,2026-01-13
R0003682,O00067213,Changed Mind,2025-05-29
R0003683,O00067215,Damaged Item,2025-11-09
R0003684,O00067228,Wrong Item,2024-09-22
R0003685,O00067297,Changed Mind,2025-10-05
R0003686,O00067301,Quality Issue,2025-12-27
R0003687,O00067312,Size Issue,2024-08-22
R0003688,O00067317,Late Delivery,2023-11-23
R0003689,O00067332,Late Delivery,2025-01-13
R0003690,O00067339,Damaged Item,2025-07-05
R0003691,O00067349,Changed Mind,2025-11-30
R0003692,O00067350,Damaged Item,2025-12-14
R0003693,O00067427,Damaged Item,2024-11-14
R0003694,O00067452,Quality Issue,2025-11-14
R0003695,O00067471,Size Issue,2024-09-16
R0003696,O00067485,Quality Issue,2023-10-10
R0003697,O00067487,Quality Issue,2024-09-27
R0003698,O00067499,Quality Issue,2025-10-28
R0003699,O00067512,Damaged Item,2025-05-16
R0003700,O00067523,Late Delivery,2025-08-13
R0003701,O00067551,Late Delivery,2026-01-12
R0003702,O00067584,Size Issue,2023-11-04
R0003703,O00067593,Damaged Item,2025-01-26
R0003704,O00067594,Late Delivery,2025-05-01
R0003705,O00067598,Damaged Item,2025-12-03
R0003706,O00067643,Quality Issue,2023-11-28
R0003707,O00067646,Damaged Item,2025-11-23
R0003708,O00067696,Late Delivery,2026-01-02
R0003709,O00067701,Wrong Item,2025-07-22
R0003710,O00067711,Late Delivery,2024-04-08
R0003711,O00067721,Wrong Item,2026-01-22
R0003712,O00067813,Quality Issue,2025-12-22
R0003713,O00067836,Size Issue,2025-07-18
R0003714,O00067840,Late Delivery,2026-01-10
R0003715,O00067849,Changed Mind,2025-11-11
R0003716,O00067874,Changed Mind,2023-02-18
R0003717,O00067920,Size Issue,2025-07-02
R0003718,O00067942,Wrong Item,2024-02-05
R0003719,O00067966,Late Delivery,2024-09-30
R0003720,O00068023,Damaged Item,2025-01-06
R0003721,O00068045,Changed Mind,2023-09-30
R0003722,O00068047,Changed Mind,2025-04-07
R0003723,O00068068,Changed Mind,2025-12-20
R0003724,O00068076,Size Issue,2025-09-28
R0003725,O00068166,Size Issue,2024-08-11
R0003726,O00068202,Late Delivery,2025-01-27
R0003727,O00068246,Changed Mind,2025-02-14
R0003728,O00068258,Size Issue,2023-08-16
R0003729,O00068262,Changed Mind,2024-12-03
R0003730,O00068269,Quality Issue,2025-04-16
R0003731,O00068271,Changed Mind,2025-09-17
R0003732,O00068277,Size Issue,2025-01-08
R0003733,O00068281,Size Issue,2025-10-01
R0003734,O00068290,Quality Issue,2025-10-31
R0003735,O00068299,Wrong Item,2025-10-25
R0003736,O00068331,Size Issue,2025-06-12
R0003737,O00068352,Wrong Item,2025-08-26
R0003738,O00068369,Quality Issue,2025-07-29
R0003739,O00068370,Size Issue,2025-07-15
R0003740,O00068425,Size Issue,2023-09-20
R0003741,O00068444,Quality Issue,2025-12-29
R0003742,O00068453,Changed Mind,2024-11-24
R0003743,O00068492,Wrong Item,2025-11-26
R0003744,O00068500,Damaged Item,2023-10-08
R0003745,O00068506,Quality Issue,2025-05-05
R0003746,O00068578,Changed Mind,2025-01-19
R0003747,O00068582,Damaged Item,2025-07-04
R0003748,O00068586,Late Delivery,2024-11-26
R0003749,O00068608,Damaged Item,2024-12-27
R0003750,O00068631,Quality Issue,2025-10-15
R0003751,O00068633,Damaged Item,2023-01-23
R0003752,O00068644,Late Delivery,2024-03-28
R0003753,O00068668,Quality Issue,2025-02-11
R0003754,O00068684,Quality Issue,2025-12-18
R0003755,O00068738,Late Delivery,2026-01-03
R0003756,O00068784,Quality Issue,2025-07-28
R0003757,O00068842,Damaged Item,2025-05-17
R0003758,O00068861,Quality Issue,2024-09-19
R0003759,O00068867,Damaged Item,2024-12-30
R0003760,O00068881,Changed Mind,2025-12-09
R0003761,O00068886,Late Delivery,2025-10-29
R0003762,O00068889,Wrong Item,2025-02-24
R0003763,O00068906,Late Delivery,2024-12-10
R0003764,O00068927,Size Issue,2025-11-18
R0003765,O00068967,Wrong Item,2024-11-20
R0003766,O00068974,Quality Issue,2025-12-08
R0003767,O00068984,Late Delivery,2024-11-12
R0003768,O00068989,Damaged Item,2025-09-01
R0003769,O00068994,Wrong Item,2025-12-17
R0003770,O00068998,Late Delivery,2025-06-25
R0003771,O00069017,Late Delivery,2025-07-31
R0003772,O00069037,Size Issue,2023-07-20
R0003773,O00069062,Quality Issue,2025-12-05
R0003774,O00069069,Damaged Item,2025-06-10
R0003775,O00069080,Late Delivery,2024-11-30
R0003776,O00069083,Wrong Item,2025-03-29
R0003777,O00069105,Wrong Item,2024-06-12
R0003778,O00069111,Damaged Item,2026-01-18
R0003779,O00069145,Wrong Item,2024-12-29
R0003780,O00069196,Size Issue,2025-01-21
R0003781,O00069202,Quality Issue,2023-12-22
R0003782,O00069203,Quality Issue,2024-11-24
R0003783,O00069217,Damaged Item,2025-07-23
R0003784,O00069230,Size Issue,2025-12-24
R0003785,O00069242,Quality Issue,2026-01-07
R0003786,O00069248,Quality Issue,2025-10-11
R0003787,O00069263,Size Issue,2025-10-12
R0003788,O00069273,Size Issue,2026-01-11
R0003789,O00069311,Late Delivery,2023-10-22
R0003790,O00069312,Damaged Item,2023-12-08
R0003791,O00069339,Damaged Item,2025-12-26
R0003792,O00069345,Size Issue,2025-04-23
R0003793,O00069358,Quality Issue,2025-08-06
R0003794,O00069359,Size Issue,2025-09-01
R0003795,O00069374,Quality Issue,2025-04-22
R0003796,O00069396,Late Delivery,2025-10-06
R0003797,O00069422,Changed Mind,2025-05-13
R0003798,O00069433,Late Delivery,2025-12-16
R0003799,O00069472,Late Delivery,2025-12-27
R0003800,O00069484,Changed Mind,2025-07-28
R0003801,O00069488,Damaged Item,2025-10-18
R0003802,O00069507,Changed Mind,2025-11-15
R0003803,O00069520,Late Delivery,2025-09-12
R0003804,O00069531,Size Issue,2025-12-31
R0003805,O00069593,Late Delivery,2025-08-18
R0003806,O00069604,Changed Mind,2024-11-16
R0003807,O00069657,Size Issue,2025-03-06
R0003808,O00069660,Changed Mind,2025-06-19
R0003809,O00069665,Quality Issue,2026-01-09
R0003810,O00069676,Damaged Item,2024-06-21
R0003811,O00069704,Damaged Item,2025-01-23
R0003812,O00069715,Changed Mind,2024-12-31
R0003813,O00069762,Quality Issue,2025-12-16
R0003814,O00069809,Quality Issue,2025-03-23
R0003815,O00069836,Wrong Item,2025-12-27
R0003816,O00069851,Wrong Item,2025-12-07
R0003817,O00069868,Wrong Item,2025-12-10
R0003818,O00069869,Quality Issue,2025-09-23
R0003819,O00069872,Late Delivery,2023-11-27
R0003820,O00069876,Changed Mind,2025-01-02
R0003821,O00069897,Changed Mind,2024-01-10
R0003822,O00069910,Size Issue,2025-05-29
R0003823,O00069926,Size Issue,2026-01-23
R0003824,O00069950,Late Delivery,2025-07-10
R0003825,O00069955,Size Issue,2025-07-20
R0003826,O00069958,Wrong Item,2025-08-28
R0003827,O00069970,Wrong Item,2025-12-26
R0003828,O00069978,Changed Mind,2025-12-15
R0003829,O00070000,Damaged Item,2024-10-10
R0003830,O00070025,Size Issue,2024-12-25
R0003831,O00070039,Late Delivery,2026-01-09
R0003832,O00070046,Quality Issue,2026-01-22
R0003833,O00070064,Quality Issue,2024-12-09
R0003834,O00070073,Size Issue,2023-04-22
R0003835,O00070078,Late Delivery,2025-09-20
R0003836,O00070104,Wrong Item,2026-01-03
R0003837,O00070110,Wrong Item,2025-05-16
R0003838,O00070128,Late Delivery,2025-07-04
R0003839,O00070134,Late Delivery,2025-11-20
R0003840,O00070146,Changed Mind,2024-09-05
R0003841,O00070152,Wrong Item,2025-06-11
R0003842,O00070171,Wrong Item,2024-10-03
R0003843,O00070187,Size Issue,2025-12-29
R0003844,O00070188,Late Delivery,2024-05-07
R0003845,O00070203,Late Delivery,2025-06-08
R0003846,O00070248,Size Issue,2024-01-12
R0003847,O00070278,Damaged Item,2025-05-29
R0003848,O00070292,Wrong Item,2025-01-31
R0003849,O00070294,Wrong Item,2025-02-21
R0003850,O00070344,Quality Issue,2025-09-27
R0003851,O00070346,Size Issue,2025-05-07
R0003852,O00070361,Damaged Item,2025-10-06
R0003853,O00070378,Changed Mind,2025-01-09
R0003854,O00070385,Quality Issue,2024-10-24
R0003855,O00070410,Wrong Item,2025-10-17
R0003856,O00070416,Damaged Item,2025-01-15
R0003857,O00070425,Damaged Item,2024-06-30
R0003858,O00070451,Damaged Item,2025-12-02
R0003859,O00070454,Late Delivery,2025-07-27
R0003860,O00070457,Wrong Item,2024-10-10
R0003861,O00070463,Quality Issue,2025-08-09
R0003862,O00070504,Late Delivery,2025-12-19
R0003863,O00070523,Quality Issue,2025-04-08
R0003864,O00070573,Size Issue,2025-01-05
R0003865,O00070602,Quality Issue,2025-08-03
R0003866,O00070603,Damaged Item,2026-01-06
R0003867,O00070632,Damaged Item,2025-05-17
R0003868,O00070639,Damaged Item,2024-07-02
R0003869,O00070655,Size Issue,2025-11-08
R0003870,O00070674,Changed Mind,2025-07-01
R0003871,O00070720,Late Delivery,2025-10-06
R0003872,O00070748,Quality Issue,2024-01-15
R0003873,O00070789,Size Issue,2023-06-11
R0003874,O00070796,Wrong Item,2024-11-21
R0003875,O00070840,Wrong Item,2025-11-27
R0003876,O00070851,Damaged Item,2025-09-26
R0003877,O00070868,Wrong Item,2025-03-10
R0003878,O00070922,Changed Mind,2025-01-16
R0003879,O00070953,Size Issue,2025-05-09
R0003880,O00070964,Quality Issue,2026-01-18
R0003881,O00070971,Changed Mind,2025-11-02
R0003882,O00070980,Late Delivery,2025-08-31
R0003883,O00071042,Late Delivery,2023-07-06
R0003884,O00071055,Quality Issue,2025-09-18
R0003885,O00071084,Changed Mind,2023-08-28
R0003886,O00071092,Changed Mind,2025-09-04
R0003887,O00071096,Wrong Item,2025-12-02
R0003888,O00071126,Changed Mind,2025-10-25
R0003889,O00071173,Quality Issue,2024-12-29
R0003890,O00071214,Damaged Item,2025-06-24
R0003891,O00071229,Damaged Item,2025-05-15
R0003892,O00071265,Size Issue,2025-07-14
R0003893,O00071278,Quality Issue,2025-12-29
R0003894,O00071284,Size Issue,2026-01-30
R0003895,O00071287,Size Issue,2025-08-18
R0003896,O00071296,Quality Issue,2025-11-25
R0003897,O00071309,Size Issue,2026-01-30
R0003898,O00071312,Changed Mind,2025-05-14
R0003899,O00071321,Size Issue,2025-09-26
R0003900,O00071331,Wrong Item,2025-05-29
R0003901,O00071337,Size Issue,2025-08-17
R0003902,O00071368,Wrong Item,2025-01-19
R0003903,O00071388,Quality Issue,2024-02-25
R0003904,O00071403,Damaged Item,2023-11-17
R0003905,O00071407,Changed Mind,2024-07-16
R0003906,O00071423,Damaged Item,2024-08-06
R0003907,O00071433,Size Issue,2025-03-13
R0003908,O00071475,Quality Issue,2025-11-08
R0003909,O00071476,Changed Mind,2024-10-01
R0003910,O00071487,Changed Mind,2025-12-27
R0003911,O00071499,Size Issue,2025-11-30
R0003912,O00071525,Late Delivery,2024-09-26
R0003913,O00071536,Damaged Item,2025-09-05
R0003914,O00071545,Damaged Item,2025-12-12
R0003915,O00071550,Quality Issue,2025-04-12
R0003916,O00071554,Quality Issue,2025-09-03
R0003917,O00071573,Wrong Item,2025-12-31
R0003918,O00071580,Quality Issue,2026-01-01
R0003919,O00071585,Late Delivery,2025-11-18
R0003920,O00071586,Size Issue,2025-11-30
R0003921,O00071590,Quality Issue,2025-01-11
R0003922,O00071635,Wrong Item,2025-06-05
R0003923,O00071667,Wrong Item,2025-11-14
R0003924,O00071690,Quality Issue,2024-05-15
R0003925,O00071700,Damaged Item,2024-12-25
R0003926,O00071703,Quality Issue,2025-07-21
R0003927,O00071705,Changed Mind,2025-09-16
R0003928,O00071708,Size Issue,2025-11-06
R0003929,O00071709,Wrong Item,2025-12-24
R0003930,O00071718,Size Issue,2025-10-07
R0003931,O00071746,Late Delivery,2023-04-30
R0003932,O00071767,Changed Mind,2025-08-05
R0003933,O00071778,Size Issue,2026-01-02
R0003934,O00071797,Changed Mind,2024-11-21
R0003935,O00071816,Late Delivery,2024-07-28
R0003936,O00071818,Wrong Item,2025-02-22
R0003937,O00071822,Quality Issue,2025-09-18
R0003938,O00071824,Late Delivery,2026-01-22
R0003939,O00071830,Size Issue,2025-09-01
R0003940,O00071835,Size Issue,2024-09-15
R0003941,O00071845,Damaged Item,2023-12-15
R0003942,O00071855,Wrong Item,2023-06-10
R0003943,O00071856,Changed Mind,2023-06-10
R0003944,O00071861,Wrong Item,2024-09-14
R0003945,O00071870,Changed Mind,2026-01-18
R0003946,O00071910,Size Issue,2025-09-29
R0003947,O00071915,Wrong Item,2023-10-13
R0003948,O00071932,Late Delivery,2025-07-08
R0003949,O00071937,Wrong Item,2025-09-20
R0003950,O00071949,Quality Issue,2025-12-22
R0003951,O00071950,Late Delivery,2025-09-15
R0003952,O00071965,Damaged Item,2024-06-23
R0003953,O00072015,Size Issue,2025-09-06
R0003954,O00072018,Changed Mind,2025-12-28
R0003955,O00072037,Quality Issue,2024-03-09
R0003956,O00072040,Size Issue,2024-11-15
R0003957,O00072045,Quality Issue,2026-01-03
R0003958,O00072063,Late Delivery,2025-04-16
R0003959,O00072072,Damaged Item,2025-11-03
R0003960,O00072079,Quality Issue,2025-01-08
R0003961,O00072099,Size Issue,2025-05-19
R0003962,O00072125,Damaged Item,2025-02-25
R0003963,O00072146,Damaged Item,2025-06-19
R0003964,O00072172,Damaged Item,2024-12-30
R0003965,O00072184,Size Issue,2026-01-05
R0003966,O00072237,Wrong Item,2025-08-28
R0003967,O00072238,Size Issue,2025-12-27
R0003968,O00072256,Size Issue,2025-12-31
R0003969,O00072272,Late Delivery,2025-11-28
R0003970,O00072289,Size Issue,2025-10-24
R0003971,O00072296,Changed Mind,2024-11-24
R0003972,O00072320,Size Issue,2025-08-13
R0003973,O00072346,Wrong Item,2025-10-29
R0003974,O00072349,Size Issue,2025-02-08
R0003975,O00072356,Damaged Item,2025-01-15
R0003976,O00072358,Damaged Item,2023-08-10
R0003977,O00072393,Damaged Item,2025-10-22
R0003978,O00072412,Late Delivery,2026-01-08
R0003979,O00072417,Damaged Item,2025-01-23
R0003980,O00072432,Wrong Item,2025-05-27
R0003981,O00072446,Quality Issue,2025-12-20
R0003982,O00072447,Damaged Item,2024-12-31
R0003983,O00072481,Size Issue,2025-10-29
R0003984,O00072483,Quality Issue,2024-12-08
R0003985,O00072493,Late Delivery,2025-10-05
R0003986,O00072499,Wrong Item,2026-01-12
R0003987,O00072513,Damaged Item,2023-04-04
R0003988,O00072541,Wrong Item,2023-11-19
R0003989,O00072548,Wrong Item,2023-06-14
R0003990,O00072564,Late Delivery,2025-06-18
R0003991,O00072607,Size Issue,2023-06-28
R0003992,O00072612,Wrong Item,2025-07-15
R0003993,O00072677,Damaged Item,2026-01-12
R0003994,O00072695,Late Delivery,2025-11-07
R0003995,O00072711,Size Issue,2024-10-07
R0003996,O00072735,Late Delivery,2025-12-18
R0003997,O00072763,Late Delivery,2025-01-27
R0003998,O00072782,Quality Issue,2024-12-31
R0003999,O00072818,Damaged Item,2023-07-09
R0004000,O00072820,Late Delivery,2025-10-22
R0004001,O00072850,Changed Mind,2025-05-07
R0004002,O00072871,Quality Issue,2026-01-23
R0004003,O00072883,Wrong Item,2025-12-26
R0004004,O00072893,Size Issue,2026-01-20
R0004005,O00072896,Quality Issue,2025-03-10
R0004006,O00072915,Size Issue,2024-01-19
R0004007,O00072927,Wrong Item,2025-12-05
R0004008,O00072934,Changed Mind,2024-12-08
R0004009,O00072936,Quality Issue,2025-01-06
R0004010,O00072938,Damaged Item,2025-08-10
R0004011,O00072954,Changed Mind,2024-10-20
R0004012,O00072969,Size Issue,2023-03-29
R0004013,O00072987,Late Delivery,2025-08-07
R0004014,O00072999,Wrong Item,2023-01-15
R0004015,O00073006,Late Delivery,2024-12-26
R0004016,O00073007,Late Delivery,2025-01-10
R0004017,O00073024,Wrong Item,2025-11-21
R0004018,O00073034,Size Issue,2025-11-08
R0004019,O00073042,Damaged Item,2026-01-08
R0004020,O00073043,Wrong Item,2024-12-04
R0004021,O00073046,Late Delivery,2024-11-30
R0004022,O00073060,Changed Mind,2025-08-14
R0004023,O00073082,Size Issue,2023-08-04
R0004024,O00073085,Quality Issue,2025-12-20
R0004025,O00073109,Quality Issue,2025-10-08
R0004026,O00073184,Quality Issue,2025-08-31
R0004027,O00073243,Wrong Item,2025-11-27
R0004028,O00073248,Late Delivery,2025-05-20
R0004029,O00073265,Late Delivery,2023-10-13
R0004030,O00073282,Wrong Item,2026-01-18
R0004031,O00073288,Size Issue,2025-05-15
R0004032,O00073297,Late Delivery,2025-12-25
R0004033,O00073314,Quality Issue,2025-12-08
R0004034,O00073349,Damaged Item,2025-04-04
R0004035,O00073381,Damaged Item,2025-06-03
R0004036,O00073414,Changed Mind,2024-12-17
R0004037,O00073435,Late Delivery,2025-10-16
R0004038,O00073460,Wrong Item,2025-11-12
R0004039,O00073469,Quality Issue,2024-09-30
R0004040,O00073479,Quality Issue,2025-10-17
R0004041,O00073510,Damaged Item,2026-01-09
R0004042,O00073569,Wrong Item,2025-09-15
R0004043,O00073590,Quality Issue,2023-11-16
R0004044,O00073608,Quality Issue,2025-09-01
R0004045,O00073624,Damaged Item,2025-01-28
R0004046,O00073626,Damaged Item,2025-09-15
R0004047,O00073664,Size Issue,2025-12-29
R0004048,O00073666,Quality Issue,2025-08-13
R0004049,O00073687,Changed Mind,2025-12-10
R0004050,O00073709,Quality Issue,2025-11-16
R0004051,O00073712,Quality Issue,2025-12-18
R0004052,O00073736,Size Issue,2025-11-27
R0004053,O00073800,Size Issue,2024-08-24
R0004054,O00073804,Wrong Item,2025-01-07
R0004055,O00073823,Damaged Item,2025-07-02
R0004056,O00073824,Size Issue,2025-07-15
R0004057,O00073864,Damaged Item,2025-08-30
R0004058,O00073902,Damaged Item,2025-12-03
R0004059,O00073933,Damaged Item,2024-06-20
R0004060,O00073935,Wrong Item,2024-09-29
R0004061,O00073938,Quality Issue,2025-05-07
R0004062,O00073947,Size Issue,2025-07-31
R0004063,O00073966,Damaged Item,2025-11-16
R0004064,O00073997,Changed Mind,2025-11-20
R0004065,O00074051,Damaged Item,2025-07-31
R0004066,O00074063,Damaged Item,2024-10-07
R0004067,O00074073,Changed Mind,2025-03-12
R0004068,O00074121,Size Issue,2026-01-09
R0004069,O00074123,Damaged Item,2023-03-05
R0004070,O00074140,Size Issue,2024-09-29
R0004071,O00074147,Changed Mind,2024-06-11
R0004072,O00074159,Wrong Item,2025-11-12
R0004073,O00074162,Late Delivery,2025-12-08
R0004074,O00074176,Changed Mind,2025-12-06
R0004075,O00074183,Late Delivery,2026-01-01
R0004076,O00074190,Changed Mind,2026-01-03
R0004077,O00074235,Late Delivery,2025-10-27
R0004078,O00074260,Quality Issue,2025-11-15
R0004079,O00074308,Quality Issue,2025-10-28
R0004080,O00074318,Wrong Item,2026-01-03
R0004081,O00074324,Late Delivery,2024-09-27
R0004082,O00074330,Size Issue,2025-08-23
R0004083,O00074336,Changed Mind,2024-11-14
R0004084,O00074402,Damaged Item,2025-06-30
R0004085,O00074412,Quality Issue,2025-12-12
R0004086,O00074442,Damaged Item,2024-05-24
R0004087,O00074511,Damaged Item,2025-01-04
R0004088,O00074527,Quality Issue,2025-12-10
R0004089,O00074609,Wrong Item,2024-04-02
R0004090,O00074616,Damaged Item,2025-04-23
R0004091,O00074630,Quality Issue,2026-01-21
R0004092,O00074651,Wrong Item,2025-11-26
R0004093,O00074653,Wrong Item,2024-10-16
R0004094,O00074687,Wrong Item,2023-12-13
R0004095,O00074698,Late Delivery,2023-12-07
R0004096,O00074701,Changed Mind,2025-12-12
R0004097,O00074754,Size Issue,2025-12-12
R0004098,O00074785,Size Issue,2025-08-08
R0004099,O00074795,Quality Issue,2025-08-07
R0004100,O00074816,Quality Issue,2025-09-11
R0004101,O00074829,Wrong Item,2023-09-26
R0004102,O00074867,Quality Issue,2025-02-28
R0004103,O00074917,Damaged Item,2025-12-28
R0004104,O00074931,Damaged Item,2025-01-08
R0004105,O00074949,Quality Issue,2025-08-09
R0004106,O00075047,Damaged Item,2025-10-18
R0004107,O00075086,Quality Issue,2024-05-10
R0004108,O00075100,Wrong Item,2025-10-19
R0004109,O00075108,Wrong Item,2025-11-20
R0004110,O00075110,Wrong Item,2025-12-08
R0004111,O00075113,Wrong Item,2025-12-23
R0004112,O00075132,Damaged Item,2025-01-03
R0004113,O00075140,Late Delivery,2024-07-11
R0004114,O00075171,Changed Mind,2025-10-31
R0004115,O00075188,Changed Mind,2024-05-03
R0004116,O00075195,Late Delivery,2024-08-06
R0004117,O00075196,Quality Issue,2024-11-30
R0004118,O00075199,Quality Issue,2025-02-12
R0004119,O00075233,Quality Issue,2025-12-29
R0004120,O00075276,Quality Issue,2025-10-24
R0004121,O00075301,Changed Mind,2025-07-27
R0004122,O00075305,Quality Issue,2025-09-03
R0004123,O00075310,Changed Mind,2025-06-17
R0004124,O00075323,Wrong Item,2024-09-20
R0004125,O00075327,Late Delivery,2025-04-28
R0004126,O00075335,Size Issue,2023-10-02
R0004127,O00075352,Damaged Item,2024-12-15
R0004128,O00075359,Size Issue,2025-07-20
R0004129,O00075360,Quality Issue,2025-08-02
R0004130,O00075373,Wrong Item,2025-05-19
R0004131,O00075374,Wrong Item,2025-08-02
R0004132,O00075399,Changed Mind,2025-07-10
R0004133,O00075422,Damaged Item,2024-08-11
R0004134,O00075453,Quality Issue,2025-02-07
R0004135,O00075462,Damaged Item,2025-11-05
R0004136,O00075471,Damaged Item,2025-08-30
R0004137,O00075494,Damaged Item,2023-08-03
R0004138,O00075512,Wrong Item,2025-06-09
R0004139,O00075554,Late Delivery,2025-06-07
R0004140,O00075587,Size Issue,2025-08-26
R0004141,O00075622,Damaged Item,2025-02-11
R0004142,O00075637,Late Delivery,2025-01-17
R0004143,O00075650,Quality Issue,2026-01-22
R0004144,O00075677,Size Issue,2025-11-22
R0004145,O00075685,Size Issue,2024-11-27
R0004146,O00075697,Wrong Item,2025-08-04
R0004147,O00075712,Changed Mind,2025-09-21
R0004148,O00075740,Damaged Item,2024-05-07
R0004149,O00075754,Changed Mind,2025-09-19
R0004150,O00075792,Late Delivery,2025-11-10
R0004151,O00075813,Quality Issue,2025-11-27
R0004152,O00075834,Wrong Item,2025-01-21
R0004153,O00075837,Quality Issue,2025-12-07
R0004154,O00075838,Quality Issue,2025-04-28
R0004155,O00075847,Late Delivery,2025-09-29
R0004156,O00075852,Late Delivery,2023-07-11
R0004157,O00075858,Quality Issue,2025-09-07
R0004158,O00075895,Changed Mind,2024-09-22
R0004159,O00075901,Damaged Item,2025-08-04
R0004160,O00075925,Size Issue,2024-05-27
R0004161,O00075998,Quality Issue,2025-12-17
R0004162,O00076004,Late Delivery,2024-01-24
R0004163,O00076008,Late Delivery,2024-05-24
R0004164,O00076063,Quality Issue,2024-12-08
R0004165,O00076074,Size Issue,2024-08-08
R0004166,O00076094,Quality Issue,2025-09-19
R0004167,O00076100,Wrong Item,2025-04-18
R0004168,O00076105,Size Issue,2025-11-16
R0004169,O00076121,Quality Issue,2025-07-11
R0004170,O00076211,Damaged Item,2026-01-05
R0004171,O00076216,Size Issue,2025-07-01
R0004172,O00076221,Quality Issue,2025-08-10
R0004173,O00076222,Quality Issue,2025-12-17
R0004174,O00076231,Quality Issue,2025-10-25
R0004175,O00076234,Changed Mind,2024-01-22
R0004176,O00076241,Wrong Item,2025-09-28
R0004177,O00076301,Late Delivery,2024-07-09
R0004178,O00076338,Wrong Item,2025-11-07
R0004179,O00076371,Wrong Item,2025-11-06
R0004180,O00076384,Changed Mind,2024-05-09
R0004181,O00076389,Late Delivery,2024-09-30
R0004182,O00076390,Late Delivery,2023-08-07
R0004183,O00076428,Damaged Item,2025-06-14
R0004184,O00076434,Quality Issue,2026-01-15
R0004185,O00076448,Late Delivery,2025-03-15
R0004186,O00076474,Changed Mind,2025-04-24
R0004187,O00076499,Damaged Item,2024-04-28
R0004188,O00076505,Changed Mind,2025-12-10
R0004189,O00076531,Quality Issue,2024-10-10
R0004190,O00076548,Changed Mind,2025-11-07
R0004191,O00076587,Changed Mind,2025-10-25
R0004192,O00076601,Quality Issue,2025-12-09
R0004193,O00076628,Damaged Item,2025-11-07
R0004194,O00076629,Damaged Item,2025-12-19
R0004195,O00076648,Size Issue,2024-03-02
R0004196,O00076658,Late Delivery,2025-10-09
R0004197,O00076684,Size Issue,2025-05-28
R0004198,O00076687,Wrong Item,2025-10-08
R0004199,O00076688,Size Issue,2025-11-07
R0004200,O00076703,Changed Mind,2024-10-24
R0004201,O00076715,Damaged Item,2025-05-24
R0004202,O00076723,Damaged Item,2024-11-05
R0004203,O00076725,Damaged Item,2025-06-18
R0004204,O00076751,Damaged Item,2025-05-24
R0004205,O00076760,Changed Mind,2024-01-28
R0004206,O00076833,Size Issue,2025-07-30
R0004207,O00076835,Quality Issue,2025-11-22
R0004208,O00076840,Late Delivery,2025-10-26
R0004209,O00076853,Quality Issue,2025-10-28
R0004210,O00076865,Late Delivery,2025-07-28
R0004211,O00076918,Wrong Item,2025-09-19
R0004212,O00076938,Wrong Item,2025-06-25
R0004213,O00076944,Quality Issue,2024-10-26
R0004214,O00076981,Wrong Item,2025-03-16
R0004215,O00076983,Size Issue,2025-04-09
R0004216,O00076993,Late Delivery,2024-12-30
R0004217,O00077019,Late Delivery,2024-05-30
R0004218,O00077067,Size Issue,2023-02-15
R0004219,O00077127,Damaged Item,2025-09-29
R0004220,O00077135,Quality Issue,2025-12-22
R0004221,O00077147,Damaged Item,2025-12-22
R0004222,O00077176,Late Delivery,2025-04-16
R0004223,O00077192,Late Delivery,2024-10-11
R0004224,O00077217,Damaged Item,2024-07-19
R0004225,O00077220,Wrong Item,2024-12-30
R0004226,O00077234,Size Issue,2026-01-04
R0004227,O00077240,Size Issue,2025-04-15
R0004228,O00077242,Damaged Item,2025-09-26
R0004229,O00077269,Wrong Item,2024-07-13
R0004230,O00077274,Damaged Item,2024-09-22
R0004231,O00077281,Damaged Item,2025-06-22
R0004232,O00077300,Damaged Item,2025-12-14
R0004233,O00077319,Quality Issue,2025-03-26
R0004234,O00077389,Quality Issue,2024-06-06
R0004235,O00077415,Size Issue,2024-08-22
R0004236,O00077419,Size Issue,2024-11-27
R0004237,O00077424,Size Issue,2025-01-14
R0004238,O00077428,Quality Issue,2025-07-09
R0004239,O00077430,Quality Issue,2025-07-30
R0004240,O00077445,Late Delivery,2025-09-24
R0004241,O00077467,Damaged Item,2025-12-15
R0004242,O00077487,Size Issue,2025-08-09
R0004243,O00077493,Quality Issue,2025-11-07
R0004244,O00077507,Changed Mind,2025-12-31
R0004245,O00077530,Wrong Item,2025-06-15
R0004246,O00077536,Damaged Item,2023-11-23
R0004247,O00077549,Damaged Item,2024-10-15
R0004248,O00077611,Late Delivery,2025-11-13
R0004249,O00077619,Size Issue,2025-12-30
R0004250,O00077672,Size Issue,2025-12-19
R0004251,O00077674,Damaged Item,2024-04-21
R0004252,O00077715,Quality Issue,2024-11-08
R0004253,O00077718,Size Issue,2025-04-22
R0004254,O00077720,Damaged Item,2025-09-04
R0004255,O00077726,Quality Issue,2024-06-02
R0004256,O00077785,Quality Issue,2025-12-30
R0004257,O00077809,Size Issue,2025-05-31
R0004258,O00077844,Damaged Item,2025-12-13
R0004259,O00077872,Size Issue,2025-10-05
R0004260,O00077891,Changed Mind,2025-12-14
R0004261,O00077908,Wrong Item,2023-10-08
R0004262,O00077920,Damaged Item,2024-03-14
R0004263,O00077922,Damaged Item,2024-04-26
R0004264,O00077940,Size Issue,2024-12-08
R0004265,O00077949,Wrong Item,2025-11-08
R0004266,O00077962,Size Issue,2025-06-11
R0004267,O00077975,Damaged Item,2025-07-24
R0004268,O00078009,Changed Mind,2024-12-11
R0004269,O00078019,Quality Issue,2024-12-19
R0004270,O00078044,Quality Issue,2025-11-18
R0004271,O00078055,Late Delivery,2025-04-13
R0004272,O00078147,Changed Mind,2025-05-09
R0004273,O00078149,Wrong Item,2025-08-19
R0004274,O00078211,Late Delivery,2024-03-24
R0004275,O00078244,Quality Issue,2025-11-18
R0004276,O00078274,Damaged Item,2024-10-15
R0004277,O00078315,Size Issue,2025-03-26
R0004278,O00078339,Wrong Item,2025-09-14
R0004279,O00078357,Size Issue,2025-08-23
R0004280,O00078363,Quality Issue,2025-06-23
R0004281,O00078370,Changed Mind,2025-09-21
R0004282,O00078375,Changed Mind,2025-10-17
R0004283,O00078378,Wrong Item,2025-04-16
R0004284,O00078390,Changed Mind,2026-01-18
R0004285,O00078405,Size Issue,2025-11-19
R0004286,O00078452,Quality Issue,2025-08-26
R0004287,O00078458,Wrong Item,2025-12-23
R0004288,O00078462,Quality Issue,2025-05-11
R0004289,O00078473,Wrong Item,2025-04-15
R0004290,O00078491,Late Delivery,2025-03-07
R0004291,O00078499,Late Delivery,2025-07-13
R0004292,O00078540,Changed Mind,2026-01-27
R0004293,O00078562,Late Delivery,2025-11-21
R0004294,O00078566,Late Delivery,2024-08-13
R0004295,O00078567,Changed Mind,2025-11-08
R0004296,O00078578,Size Issue,2025-12-09
R0004297,O00078580,Size Issue,2025-12-21
R0004298,O00078596,Changed Mind,2025-06-18
R0004299,O00078601,Damaged Item,2023-09-01
R0004300,O00078623,Quality Issue,2025-11-26
R0004301,O00078634,Wrong Item,2025-05-30
R0004302,O00078636,Quality Issue,2025-11-24
R0004303,O00078665,Changed Mind,2025-11-16
R0004304,O00078667,Wrong Item,2024-11-22
R0004305,O00078700,Changed Mind,2025-10-28
R0004306,O00078716,Quality Issue,2025-12-24
R0004307,O00078718,Wrong Item,2023-11-17
R0004308,O00078724,Wrong Item,2024-02-17
R0004309,O00078736,Changed Mind,2024-04-09
R0004310,O00078760,Changed Mind,2024-10-22
R0004311,O00078785,Damaged Item,2024-09-07
R0004312,O00078807,Wrong Item,2025-01-23
R0004313,O00078813,Wrong Item,2025-04-05
R0004314,O00078819,Late Delivery,2025-06-26
R0004315,O00078827,Late Delivery,2025-12-23
R0004316,O00078834,Changed Mind,2024-12-26
R0004317,O00078856,Damaged Item,2024-06-07
R0004318,O00078881,Changed Mind,2024-03-12
R0004319,O00078895,Quality Issue,2024-05-06
R0004320,O00078902,Late Delivery,2025-12-26
R0004321,O00078943,Size Issue,2025-05-07
R0004322,O00078962,Size Issue,2025-11-23
R0004323,O00078968,Late Delivery,2024-01-30
R0004324,O00079007,Damaged Item,2024-12-22
R0004325,O00079014,Damaged Item,2025-07-19
R0004326,O00079034,Damaged Item,2025-04-11
R0004327,O00079040,Damaged Item,2025-08-10
R0004328,O00079060,Size Issue,2024-11-02
R0004329,O00079064,Size Issue,2025-12-27
R0004330,O00079083,Damaged Item,2025-05-21
R0004331,O00079105,Size Issue,2024-01-20
R0004332,O00079109,Damaged Item,2026-01-24
R0004333,O00079118,Changed Mind,2025-11-01
R0004334,O00079125,Wrong Item,2025-06-11
R0004335,O00079138,Quality Issue,2025-12-31
R0004336,O00079157,Quality Issue,2024-09-26
R0004337,O00079161,Wrong Item,2025-04-30
R0004338,O00079172,Damaged Item,2024-11-09
R0004339,O00079191,Size Issue,2026-01-19
R0004340,O00079208,Quality Issue,2025-07-30
R0004341,O00079222,Damaged Item,2025-03-22
R0004342,O00079237,Changed Mind,2025-01-19
R0004343,O00079239,Changed Mind,2025-08-12
R0004344,O00079241,Size Issue,2024-06-27
R0004345,O00079247,Late Delivery,2024-12-29
R0004346,O00079256,Wrong Item,2025-10-11
R0004347,O00079262,Changed Mind,2024-09-08
R0004348,O00079263,Size Issue,2025-08-07
R0004349,O00079271,Late Delivery,2024-03-17
R0004350,O00079298,Wrong Item,2025-01-30
R0004351,O00079300,Quality Issue,2025-12-05
R0004352,O00079307,Late Delivery,2025-01-08
R0004353,O00079318,Size Issue,2024-08-09
R0004354,O00079340,Late Delivery,2024-12-24
R0004355,O00079375,Late Delivery,2025-12-23
R0004356,O00079394,Wrong Item,2025-05-02
R0004357,O00079414,Late Delivery,2026-01-22
R0004358,O00079420,Wrong Item,2025-04-24
R0004359,O00079422,Wrong Item,2025-05-05
R0004360,O00079447,Quality Issue,2025-08-22
R0004361,O00079452,Size Issue,2024-06-18
R0004362,O00079474,Quality Issue,2025-01-08
R0004363,O00079481,Late Delivery,2025-11-21
R0004364,O00079487,Size Issue,2026-01-04
R0004365,O00079496,Quality Issue,2025-12-22
R0004366,O00079525,Quality Issue,2025-04-25
R0004367,O00079561,Damaged Item,2023-07-21
R0004368,O00079576,Late Delivery,2024-12-10
R0004369,O00079577,Quality Issue,2024-12-14
R0004370,O00079600,Late Delivery,2024-07-28
R0004371,O00079649,Damaged Item,2024-02-17
R0004372,O00079686,Changed Mind,2024-05-28
R0004373,O00079699,Damaged Item,2025-01-19
R0004374,O00079703,Size Issue,2025-11-21
R0004375,O00079750,Damaged Item,2026-01-05
R0004376,O00079793,Late Delivery,2025-06-06
R0004377,O00079800,Damaged Item,2023-10-11
R0004378,O00079808,Late Delivery,2026-01-08
R0004379,O00079833,Damaged Item,2024-10-20
R0004380,O00079839,Late Delivery,2025-04-21
R0004381,O00079842,Late Delivery,2025-11-15
R0004382,O00079864,Quality Issue,2025-09-23
R0004383,O00079867,Wrong Item,2025-10-24
R0004384,O00079925,Wrong Item,2025-06-29
R0004385,O00079971,Late Delivery,2025-09-26
R0004386,O00079978,Wrong Item,2024-12-15
R0004387,O00079981,Wrong Item,2025-11-22
R0004388,O00079984,Late Delivery,2024-06-17
R0004389,O00079999,Wrong Item,2025-03-27
R0004390,O00080055,Wrong Item,2025-12-10
R0004391,O00080069,Quality Issue,2025-10-10
R0004392,O00080076,Quality Issue,2025-12-08
R0004393,O00080126,Changed Mind,2026-01-07
R0004394,O00080146,Wrong Item,2026-01-07
R0004395,O00080152,Wrong Item,2025-09-03
R0004396,O00080186,Damaged Item,2025-05-12
R0004397,O00080217,Wrong Item,2025-10-05
R0004398,O00080242,Wrong Item,2025-08-31
R0004399,O00080269,Quality Issue,2025-08-04
R0004400,O00080274,Wrong Item,2023-12-03
R0004401,O00080312,Wrong Item,2023-10-22
R0004402,O00080322,Quality Issue,2024-08-13
R0004403,O00080399,Wrong Item,2025-10-07
R0004404,O00080405,Late Delivery,2025-01-29
R0004405,O00080407,Wrong Item,2024-07-31
R0004406,O00080422,Changed Mind,2023-10-22
R0004407,O00080426,Quality Issue,2024-08-02
R0004408,O00080434,Quality Issue,2025-12-25
R0004409,O00080435,Size Issue,2025-03-14
R0004410,O00080445,Damaged Item,2025-11-30
R0004411,O00080447,Wrong Item,2024-04-26
R0004412,O00080449,Late Delivery,2024-06-08
R0004413,O00080463,Late Delivery,2025-08-23
R0004414,O00080474,Size Issue,2023-08-20
R0004415,O00080492,Late Delivery,2023-04-30
R0004416,O00080525,Quality Issue,2025-12-19
R0004417,O00080549,Late Delivery,2023-10-25
R0004418,O00080550,Wrong Item,2024-03-17
R0004419,O00080637,Size Issue,2025-11-15
R0004420,O00080652,Wrong Item,2025-12-23
R0004421,O00080654,Size Issue,2023-10-09
R0004422,O00080673,Size Issue,2025-08-03
R0004423,O00080686,Damaged Item,2026-01-01
R0004424,O00080690,Quality Issue,2024-05-21
R0004425,O00080739,Size Issue,2024-09-04
R0004426,O00080740,Changed Mind,2024-10-19
R0004427,O00080760,Quality Issue,2024-06-12
R0004428,O00080764,Late Delivery,2025-12-28
R0004429,O00080790,Quality Issue,2025-10-28
R0004430,O00080865,Damaged Item,2025-09-05
R0004431,O00080894,Late Delivery,2024-06-01
R0004432,O00080912,Late Delivery,2025-10-15
R0004433,O00080920,Wrong Item,2025-03-30
R0004434,O00080921,Changed Mind,2025-04-06
R0004435,O00080923,Changed Mind,2025-05-29
R0004436,O00080924,Size Issue,2025-08-07
R0004437,O00080953,Late Delivery,2025-09-09
R0004438,O00080980,Quality Issue,2025-06-15
R0004439,O00080985,Changed Mind,2024-12-19
R0004440,O00081002,Changed Mind,2025-07-23
R0004441,O00081025,Changed Mind,2024-06-11
R0004442,O00081030,Size Issue,2024-11-15
R0004443,O00081040,Changed Mind,2025-10-15
R0004444,O00081046,Wrong Item,2025-05-02
R0004445,O00081072,Size Issue,2024-12-14
R0004446,O00081088,Wrong Item,2025-12-25
R0004447,O00081090,Wrong Item,2024-05-14
R0004448,O00081107,Wrong Item,2025-05-16
R0004449,O00081126,Quality Issue,2025-10-03
R0004450,O00081161,Changed Mind,2025-08-10
R0004451,O00081175,Damaged Item,2025-07-12
R0004452,O00081181,Wrong Item,2025-01-08
R0004453,O00081185,Quality Issue,2025-02-23
R0004454,O00081202,Size Issue,2025-06-28
R0004455,O00081207,Changed Mind,2023-03-25
R0004456,O00081215,Late Delivery,2026-01-13
R0004457,O00081218,Changed Mind,2024-11-19
R0004458,O00081231,Damaged Item,2025-11-27
R0004459,O00081234,Damaged Item,2025-07-01
R0004460,O00081236,Changed Mind,2025-10-10
R0004461,O00081242,Damaged Item,2025-08-08
R0004462,O00081253,Damaged Item,2024-10-04
R0004463,O00081371,Damaged Item,2025-10-04
R0004464,O00081383,Late Delivery,2025-11-21
R0004465,O00081385,Damaged Item,2024-11-18
R0004466,O00081386,Quality Issue,2025-10-06
R0004467,O00081387,Changed Mind,2025-01-20
R0004468,O00081405,Changed Mind,2025-04-22
R0004469,O00081416,Size Issue,2024-09-02
R0004470,O00081419,Damaged Item,2025-08-23
R0004471,O00081423,Quality Issue,2025-01-16
R0004472,O00081427,Damaged Item,2025-03-21
R0004473,O00081439,Late Delivery,2023-12-15
R0004474,O00081450,Quality Issue,2024-03-25
R0004475,O00081460,Damaged Item,2025-04-07
R0004476,O00081480,Quality Issue,2025-09-18
R0004477,O00081544,Quality Issue,2025-07-17
R0004478,O00081565,Quality Issue,2025-08-09
R0004479,O00081566,Quality Issue,2025-10-25
R0004480,O00081592,Quality Issue,2025-03-29
R0004481,O00081594,Quality Issue,2026-01-11
R0004482,O00081596,Late Delivery,2024-06-11
R0004483,O00081620,Damaged Item,2024-03-29
R0004484,O00081623,Changed Mind,2024-11-12
R0004485,O00081629,Wrong Item,2025-10-22
R0004486,O00081655,Size Issue,2025-07-26
R0004487,O00081660,Damaged Item,2024-11-30
R0004488,O00081679,Size Issue,2025-11-18
R0004489,O00081683,Quality Issue,2025-12-02
R0004490,O00081687,Damaged Item,2026-01-30
R0004491,O00081703,Wrong Item,2025-08-30
R0004492,O00081741,Damaged Item,2025-12-10
R0004493,O00081763,Size Issue,2025-04-11
R0004494,O00081768,Changed Mind,2025-07-30
R0004495,O00081775,Wrong Item,2025-08-25
R0004496,O00081813,Late Delivery,2026-01-17
R0004497,O00081895,Quality Issue,2025-04-15
R0004498,O00081896,Size Issue,2025-10-12
R0004499,O00081899,Wrong Item,2025-06-04
R0004500,O00081909,Changed Mind,2023-06-01
R0004501,O00081912,Quality Issue,2025-01-26
R0004502,O00081916,Quality Issue,2025-12-16
R0004503,O00081918,Damaged Item,2024-09-05
R0004504,O00081922,Damaged Item,2023-12-04
R0004505,O00081945,Quality Issue,2025-02-24
R0004506,O00081964,Changed Mind,2025-07-31
R0004507,O00081970,Size Issue,2025-11-29
R0004508,O00081973,Damaged Item,2026-01-04
R0004509,O00081986,Size Issue,2025-01-11
R0004510,O00081987,Quality Issue,2025-01-02
R0004511,O00081993,Size Issue,2024-12-20
R0004512,O00082002,Late Delivery,2025-12-18
R0004513,O00082009,Quality Issue,2025-06-03
R0004514,O00082034,Changed Mind,2025-01-06
R0004515,O00082049,Changed Mind,2025-05-05
R0004516,O00082060,Wrong Item,2025-12-19
R0004517,O00082103,Changed Mind,2025-01-25
R0004518,O00082109,Wrong Item,2025-05-26
R0004519,O00082144,Size Issue,2025-07-14
R0004520,O00082155,Size Issue,2024-12-18
R0004521,O00082157,Wrong Item,2025-12-18
R0004522,O00082172,Damaged Item,2025-01-31
R0004523,O00082184,Quality Issue,2025-08-13
R0004524,O00082231,Wrong Item,2025-09-06
R0004525,O00082272,Damaged Item,2025-10-30
R0004526,O00082299,Damaged Item,2025-10-23
R0004527,O00082347,Late Delivery,2025-12-12
R0004528,O00082351,Quality Issue,2026-01-01
R0004529,O00082359,Quality Issue,2025-07-02
R0004530,O00082360,Late Delivery,2024-12-05
R0004531,O00082413,Late Delivery,2024-11-27
R0004532,O00082418,Wrong Item,2025-04-03
R0004533,O00082436,Late Delivery,2025-08-13
R0004534,O00082459,Size Issue,2025-10-23
R0004535,O00082461,Wrong Item,2025-12-29
R0004536,O00082468,Wrong Item,2024-06-09
R0004537,O00082510,Damaged Item,2025-06-29
R0004538,O00082568,Wrong Item,2026-01-11
R0004539,O00082582,Late Delivery,2025-08-29
R0004540,O00082592,Wrong Item,2025-10-14
R0004541,O00082613,Late Delivery,2025-12-08
R0004542,O00082636,Quality Issue,2024-12-27
R0004543,O00082652,Late Delivery,2025-05-11
R0004544,O00082658,Size Issue,2024-01-10
R0004545,O00082659,Quality Issue,2024-03-07
R0004546,O00082713,Size Issue,2024-12-03
R0004547,O00082745,Wrong Item,2025-04-26
R0004548,O00082749,Late Delivery,2023-11-20
R0004549,O00082774,Size Issue,2025-12-16
R0004550,O00082791,Changed Mind,2025-10-24
R0004551,O00082800,Quality Issue,2025-09-15
R0004552,O00082820,Damaged Item,2025-12-20
R0004553,O00082841,Quality Issue,2024-11-16
R0004554,O00082848,Quality Issue,2025-06-24
R0004555,O00082868,Size Issue,2024-11-05
R0004556,O00082901,Wrong Item,2025-05-16
R0004557,O00082906,Late Delivery,2025-09-06
R0004558,O00082948,Wrong Item,2025-01-10
R0004559,O00082949,Wrong Item,2025-02-02
R0004560,O00082954,Quality Issue,2025-09-21
R0004561,O00082962,Changed Mind,2025-02-16
R0004562,O00082964,Late Delivery,2025-08-04
R0004563,O00082972,Quality Issue,2024-02-12
R0004564,O00082973,Wrong Item,2025-12-17
R0004565,O00082983,Wrong Item,2023-09-20
R0004566,O00082988,Quality Issue,2024-08-22
R0004567,O00083005,Quality Issue,2026-01-10
R0004568,O00083039,Size Issue,2025-05-17
R0004569,O00083060,Quality Issue,2024-07-09
R0004570,O00083090,Quality Issue,2023-07-04
R0004571,O00083103,Quality Issue,2025-11-11
R0004572,O00083108,Damaged Item,2025-10-04
R0004573,O00083145,Wrong Item,2025-08-14
R0004574,O00083173,Quality Issue,2025-01-20
R0004575,O00083188,Changed Mind,2025-10-26
R0004576,O00083192,Damaged Item,2025-08-14
R0004577,O00083196,Quality Issue,2025-11-25
R0004578,O00083209,Size Issue,2023-11-24
R0004579,O00083254,Quality Issue,2025-01-15
R0004580,O00083284,Damaged Item,2025-01-01
R0004581,O00083287,Quality Issue,2024-06-11
R0004582,O00083288,Wrong Item,2024-08-26
R0004583,O00083292,Damaged Item,2024-11-02
R0004584,O00083297,Wrong Item,2025-01-17
R0004585,O00083355,Quality Issue,2025-04-19
R0004586,O00083364,Size Issue,2026-01-07
R0004587,O00083371,Quality Issue,2025-07-24
R0004588,O00083409,Quality Issue,2024-06-11
R0004589,O00083423,Quality Issue,2024-03-01
R0004590,O00083439,Quality Issue,2024-12-14
R0004591,O00083508,Quality Issue,2026-01-15
R0004592,O00083518,Late Delivery,2026-01-17
R0004593,O00083559,Wrong Item,2025-12-31
R0004594,O00083582,Late Delivery,2025-12-17
R0004595,O00083601,Changed Mind,2025-10-12
R0004596,O00083622,Quality Issue,2024-06-05
R0004597,O00083632,Quality Issue,2024-11-27
R0004598,O00083647,Wrong Item,2025-09-02
R0004599,O00083670,Damaged Item,2025-11-29
R0004600,O00083693,Changed Mind,2026-01-21
R0004601,O00083706,Damaged Item,2024-10-30
R0004602,O00083718,Size Issue,2025-05-02
R0004603,O00083744,Size Issue,2023-06-16
R0004604,O00083757,Wrong Item,2025-12-08
R0004605,O00083786,Wrong Item,2025-07-07
R0004606,O00083794,Late Delivery,2025-10-29
R0004607,O00083799,Damaged Item,2025-11-24
R0004608,O00083820,Late Delivery,2025-09-18
R0004609,O00083860,Quality Issue,2023-06-02
R0004610,O00083878,Size Issue,2023-10-31
R0004611,O00083890,Wrong Item,2025-06-08
R0004612,O00083899,Damaged Item,2025-08-28
R0004613,O00083907,Damaged Item,2025-12-10
R0004614,O00083914,Size Issue,2025-12-05
R0004615,O00083941,Quality Issue,2025-12-30
R0004616,O00083949,Late Delivery,2023-12-18
R0004617,O00083953,Quality Issue,2023-03-01
R0004618,O00083976,Size Issue,2025-03-11
R0004619,O00083992,Wrong Item,2025-12-23
R0004620,O00084018,Quality Issue,2024-09-25
R0004621,O00084025,Quality Issue,2025-12-05
R0004622,O00084032,Quality Issue,2024-09-09
R0004623,O00084056,Size Issue,2025-09-20
R0004624,O00084086,Changed Mind,2024-01-02
R0004625,O00084093,Damaged Item,2025-09-08
R0004626,O00084103,Quality Issue,2024-11-07
R0004627,O00084105,Size Issue,2024-06-03
R0004628,O00084109,Size Issue,2026-01-10
R0004629,O00084122,Damaged Item,2024-12-31
R0004630,O00084148,Wrong Item,2026-01-09
R0004631,O00084183,Quality Issue,2024-11-08
R0004632,O00084237,Size Issue,2024-12-26
R0004633,O00084247,Late Delivery,2025-08-15
R0004634,O00084258,Wrong Item,2025-06-19
R0004635,O00084261,Quality Issue,2023-12-03
R0004636,O00084300,Damaged Item,2026-01-01
R0004637,O00084326,Damaged Item,2025-12-29
R0004638,O00084330,Wrong Item,2025-12-31
R0004639,O00084338,Size Issue,2025-12-18
R0004640,O00084349,Changed Mind,2024-12-15
R0004641,O00084359,Damaged Item,2025-01-10
R0004642,O00084363,Damaged Item,2025-05-26
R0004643,O00084415,Damaged Item,2024-07-08
R0004644,O00084422,Quality Issue,2025-11-06
R0004645,O00084446,Quality Issue,2026-01-01
R0004646,O00084451,Late Delivery,2024-10-12
R0004647,O00084466,Quality Issue,2025-07-12
R0004648,O00084483,Quality Issue,2025-10-29
R0004649,O00084492,Size Issue,2025-08-31
R0004650,O00084496,Late Delivery,2024-09-06
R0004651,O00084508,Damaged Item,2024-07-19
R0004652,O00084529,Damaged Item,2026-01-03
R0004653,O00084538,Damaged Item,2024-02-14
R0004654,O00084553,Changed Mind,2024-07-18
R0004655,O00084565,Damaged Item,2025-12-01
R0004656,O00084615,Size Issue,2025-12-14
R0004657,O00084645,Changed Mind,2023-09-27
R0004658,O00084680,Quality Issue,2024-09-01
R0004659,O00084681,Wrong Item,2025-06-23
R0004660,O00084683,Quality Issue,2026-01-25
R0004661,O00084688,Changed Mind,2025-12-28
R0004662,O00084697,Quality Issue,2026-01-13
R0004663,O00084747,Late Delivery,2023-07-06
R0004664,O00084752,Damaged Item,2024-03-19
R0004665,O00084767,Wrong Item,2025-11-23
R0004666,O00084772,Late Delivery,2026-01-04
R0004667,O00084784,Late Delivery,2025-10-19
R0004668,O00084798,Quality Issue,2025-04-19
R0004669,O00084829,Size Issue,2025-06-28
R0004670,O00084840,Quality Issue,2025-08-20
R0004671,O00084849,Late Delivery,2024-12-09
R0004672,O00084852,Size Issue,2025-12-08
R0004673,O00084861,Quality Issue,2025-01-10
R0004674,O00084877,Changed Mind,2024-09-07
R0004675,O00084936,Size Issue,2025-12-17
R0004676,O00084945,Size Issue,2024-11-25
R0004677,O00084959,Damaged Item,2024-08-27
R0004678,O00084987,Size Issue,2025-11-19
R0004679,O00085020,Quality Issue,2025-11-16
R0004680,O00085033,Changed Mind,2025-09-11
R0004681,O00085051,Size Issue,2025-01-04
R0004682,O00085053,Wrong Item,2025-04-27
R0004683,O00085068,Late Delivery,2026-01-11
R0004684,O00085071,Damaged Item,2025-01-23
R0004685,O00085075,Quality Issue,2025-04-02
R0004686,O00085110,Late Delivery,2024-07-16
R0004687,O00085120,Wrong Item,2025-05-25
R0004688,O00085189,Changed Mind,2025-05-27
R0004689,O00085225,Quality Issue,2025-12-25
R0004690,O00085228,Late Delivery,2024-12-31
R0004691,O00085285,Changed Mind,2023-11-29
R0004692,O00085314,Size Issue,2023-05-13
R0004693,O00085331,Quality Issue,2025-06-16
R0004694,O00085343,Changed Mind,2025-12-07
R0004695,O00085346,Wrong Item,2025-12-07
R0004696,O00085406,Quality Issue,2025-12-26
R0004697,O00085420,Damaged Item,2025-01-26
R0004698,O00085451,Quality Issue,2024-06-01
R0004699,O00085463,Late Delivery,2025-01-28
R0004700,O00085465,Damaged Item,2025-08-15
R0004701,O00085466,Quality Issue,2025-10-02
R0004702,O00085468,Damaged Item,2023-11-11
R0004703,O00085474,Size Issue,2024-05-14
R0004704,O00085479,Size Issue,2025-12-12
R0004705,O00085518,Damaged Item,2023-07-12
R0004706,O00085568,Changed Mind,2025-05-07
R0004707,O00085577,Wrong Item,2024-12-24
R0004708,O00085587,Size Issue,2025-10-16
R0004709,O00085600,Size Issue,2026-01-09
R0004710,O00085603,Quality Issue,2025-04-13
R0004711,O00085607,Late Delivery,2025-12-01
R0004712,O00085614,Changed Mind,2025-09-15
R0004713,O00085642,Changed Mind,2025-04-30
R0004714,O00085647,Quality Issue,2025-08-15
R0004715,O00085725,Quality Issue,2024-12-24
R0004716,O00085731,Quality Issue,2025-06-19
R0004717,O00085745,Quality Issue,2024-09-05
R0004718,O00085758,Damaged Item,2023-05-31
R0004719,O00085766,Size Issue,2024-01-12
R0004720,O00085805,Late Delivery,2024-02-17
R0004721,O00085813,Size Issue,2025-11-21
R0004722,O00085818,Size Issue,2024-09-29
R0004723,O00085833,Damaged Item,2025-01-10
R0004724,O00085854,Damaged Item,2025-04-08
R0004725,O00085886,Quality Issue,2025-09-19
R0004726,O00085904,Quality Issue,2025-04-02
R0004727,O00085931,Size Issue,2025-08-26
R0004728,O00085934,Damaged Item,2025-12-09
R0004729,O00085955,Changed Mind,2025-09-02
R0004730,O00086014,Changed Mind,2025-09-12
R0004731,O00086027,Size Issue,2023-10-20
R0004732,O00086044,Late Delivery,2025-02-28
R0004733,O00086060,Size Issue,2025-12-23
R0004734,O00086065,Late Delivery,2025-12-28
R0004735,O00086147,Damaged Item,2025-12-16
R0004736,O00086160,Quality Issue,2024-07-14
R0004737,O00086162,Wrong Item,2024-08-05
R0004738,O00086182,Damaged Item,2025-08-30
R0004739,O00086185,Changed Mind,2026-01-12
R0004740,O00086205,Quality Issue,2025-12-14
R0004741,O00086266,Quality Issue,2025-05-28
R0004742,O00086345,Quality Issue,2025-09-26
R0004743,O00086360,Late Delivery,2025-01-07
R0004744,O00086391,Damaged Item,2025-08-26
R0004745,O00086398,Late Delivery,2024-12-16
R0004746,O00086408,Changed Mind,2025-05-12
R0004747,O00086422,Damaged Item,2025-10-02
R0004748,O00086424,Size Issue,2023-08-09
R0004749,O00086428,Size Issue,2024-03-30
R0004750,O00086445,Changed Mind,2024-05-30
R0004751,O00086449,Late Delivery,2024-08-20
R0004752,O00086515,Quality Issue,2023-03-11
R0004753,O00086569,Wrong Item,2023-02-08
R0004754,O00086605,Late Delivery,2026-01-21
R0004755,O00086641,Damaged Item,2025-03-25
R0004756,O00086648,Changed Mind,2025-02-01
R0004757,O00086662,Quality Issue,2025-10-26
R0004758,O00086681,Size Issue,2025-01-11
R0004759,O00086723,Wrong Item,2025-01-27
R0004760,O00086726,Quality Issue,2024-11-09
R0004761,O00086732,Size Issue,2024-12-27
R0004762,O00086785,Quality Issue,2024-10-19
R0004763,O00086801,Quality Issue,2025-08-26
R0004764,O00086859,Changed Mind,2023-07-29
R0004765,O00086893,Changed Mind,2024-03-10
R0004766,O00086899,Quality Issue,2025-01-22
R0004767,O00086901,Late Delivery,2025-05-14
R0004768,O00086911,Wrong Item,2026-01-14
R0004769,O00086935,Changed Mind,2025-10-31
R0004770,O00086958,Quality Issue,2025-12-28
R0004771,O00086962,Changed Mind,2026-01-18
R0004772,O00086994,Wrong Item,2025-06-29
R0004773,O00087056,Damaged Item,2025-01-22
R0004774,O00087064,Changed Mind,2023-07-25
R0004775,O00087087,Late Delivery,2025-04-20
R0004776,O00087135,Wrong Item,2025-06-12
R0004777,O00087149,Wrong Item,2025-06-20
R0004778,O00087155,Quality Issue,2025-11-04
R0004779,O00087168,Quality Issue,2024-06-19
R0004780,O00087184,Changed Mind,2025-08-18
R0004781,O00087189,Wrong Item,2025-06-30
R0004782,O00087195,Quality Issue,2025-12-02
R0004783,O00087197,Damaged Item,2025-12-28
R0004784,O00087249,Size Issue,2024-12-04
R0004785,O00087302,Damaged Item,2025-11-25
R0004786,O00087318,Quality Issue,2025-10-31
R0004787,O00087336,Size Issue,2025-04-23
R0004788,O00087376,Damaged Item,2026-01-17
R0004789,O00087378,Wrong Item,2024-08-05
R0004790,O00087386,Quality Issue,2025-11-23
R0004791,O00087414,Changed Mind,2023-09-05
R0004792,O00087420,Quality Issue,2025-09-05
R0004793,O00087455,Damaged Item,2024-03-31
R0004794,O00087492,Changed Mind,2025-05-16
R0004795,O00087511,Size Issue,2023-05-28
R0004796,O00087516,Late Delivery,2024-12-20
R0004797,O00087532,Damaged Item,2025-07-04
R0004798,O00087544,Damaged Item,2025-10-28
R0004799,O00087553,Late Delivery,2025-12-03
R0004800,O00087583,Quality Issue,2025-09-18
R0004801,O00087587,Size Issue,2024-11-28
R0004802,O00087611,Changed Mind,2025-12-07
R0004803,O00087620,Wrong Item,2024-07-14
R0004804,O00087626,Quality Issue,2024-12-09
R0004805,O00087644,Late Delivery,2025-06-25
R0004806,O00087656,Size Issue,2025-06-07
R0004807,O00087661,Changed Mind,2023-12-16
R0004808,O00087665,Wrong Item,2025-04-13
R0004809,O00087705,Changed Mind,2025-07-01
R0004810,O00087707,Late Delivery,2025-12-02
R0004811,O00087766,Damaged Item,2025-12-06
R0004812,O00087777,Wrong Item,2024-12-27
R0004813,O00087783,Late Delivery,2025-08-23
R0004814,O00087788,Size Issue,2025-06-23
R0004815,O00087816,Size Issue,2024-04-24
R0004816,O00087844,Wrong Item,2025-10-18
R0004817,O00087854,Late Delivery,2025-08-19
R0004818,O00087893,Quality Issue,2024-08-22
R0004819,O00087912,Size Issue,2025-07-22
R0004820,O00087916,Changed Mind,2025-12-23
R0004821,O00087933,Size Issue,2026-01-23
R0004822,O00087945,Quality Issue,2025-09-24
R0004823,O00087968,Quality Issue,2025-09-15
R0004824,O00087973,Damaged Item,2025-12-01
R0004825,O00087991,Changed Mind,2024-11-01
R0004826,O00088013,Late Delivery,2024-07-07
R0004827,O00088020,Quality Issue,2025-05-25
R0004828,O00088028,Quality Issue,2025-05-07
R0004829,O00088031,Quality Issue,2026-01-02
R0004830,O00088032,Quality Issue,2026-01-19
R0004831,O00088056,Damaged Item,2023-05-09
R0004832,O00088079,Quality Issue,2024-12-21
R0004833,O00088088,Damaged Item,2023-12-31
R0004834,O00088109,Wrong Item,2024-08-13
R0004835,O00088114,Size Issue,2024-11-11
R0004836,O00088126,Late Delivery,2024-04-18
R0004837,O00088146,Damaged Item,2026-01-05
R0004838,O00088150,Quality Issue,2025-11-19
R0004839,O00088152,Wrong Item,2025-12-07
R0004840,O00088161,Changed Mind,2025-07-12
R0004841,O00088248,Damaged Item,2025-12-27
R0004842,O00088269,Wrong Item,2025-10-08
R0004843,O00088319,Size Issue,2025-11-27
R0004844,O00088322,Size Issue,2024-11-24
R0004845,O00088328,Quality Issue,2025-08-05
R0004846,O00088349,Quality Issue,2024-12-30
R0004847,O00088361,Damaged Item,2025-04-28
R0004848,O00088364,Quality Issue,2024-03-27
R0004849,O00088367,Wrong Item,2023-12-04
R0004850,O00088374,Quality Issue,2025-04-09
R0004851,O00088375,Late Delivery,2023-02-19
R0004852,O00088394,Changed Mind,2026-01-14
R0004853,O00088418,Changed Mind,2025-08-22
R0004854,O00088442,Late Delivery,2025-11-15
R0004855,O00088485,Changed Mind,2025-01-09
R0004856,O00088502,Changed Mind,2024-09-23
R0004857,O00088566,Quality Issue,2025-02-17
R0004858,O00088588,Wrong Item,2025-04-12
R0004859,O00088602,Late Delivery,2025-12-25
R0004860,O00088614,Quality Issue,2025-04-09
R0004861,O00088626,Size Issue,2024-02-03
R0004862,O00088651,Damaged Item,2025-01-27
R0004863,O00088657,Wrong Item,2023-11-24
R0004864,O00088672,Changed Mind,2024-09-19
R0004865,O00088698,Damaged Item,2025-12-15
R0004866,O00088716,Changed Mind,2023-06-02
R0004867,O00088780,Late Delivery,2024-11-11
R0004868,O00088854,Size Issue,2025-08-28
R0004869,O00088861,Late Delivery,2023-07-24
R0004870,O00088871,Late Delivery,2024-03-18
R0004871,O00088880,Late Delivery,2025-01-17
R0004872,O00088892,Late Delivery,2024-03-13
R0004873,O00088904,Damaged Item,2025-11-24
R0004874,O00088905,Quality Issue,2025-11-15
R0004875,O00088917,Quality Issue,2025-04-01
R0004876,O00088921,Size Issue,2025-09-12
R0004877,O00088924,Late Delivery,2025-12-20
R0004878,O00088958,Late Delivery,2025-01-16
R0004879,O00089025,Quality Issue,2024-12-08
R0004880,O00089043,Damaged Item,2025-12-28
R0004881,O00089056,Changed Mind,2025-08-11
R0004882,O00089064,Damaged Item,2025-10-10
R0004883,O00089069,Damaged Item,2024-12-21
R0004884,O00089070,Size Issue,2025-04-15
R0004885,O00089075,Changed Mind,2025-03-19
R0004886,O00089209,Quality Issue,2024-12-21
R0004887,O00089216,Size Issue,2026-01-10
R0004888,O00089228,Wrong Item,2025-10-12
R0004889,O00089266,Quality Issue,2024-04-18
R0004890,O00089267,Damaged Item,2024-07-27
R0004891,O00089268,Late Delivery,2024-09-26
R0004892,O00089272,Late Delivery,2025-08-06
R0004893,O00089273,Quality Issue,2024-05-04
R0004894,O00089278,Quality Issue,2025-12-07
R0004895,O00089283,Quality Issue,2025-01-09
R0004896,O00089292,Quality Issue,2025-11-02
R0004897,O00089345,Late Delivery,2025-07-22
R0004898,O00089364,Late Delivery,2025-12-29
R0004899,O00089387,Size Issue,2023-09-21
R0004900,O00089391,Damaged Item,2025-12-30
R0004901,O00089393,Size Issue,2026-01-08
R0004902,O00089411,Wrong Item,2024-12-02
R0004903,O00089421,Quality Issue,2025-08-11
R0004904,O00089433,Late Delivery,2025-05-20
R0004905,O00089434,Late Delivery,2025-08-11
R0004906,O00089441,Size Issue,2025-12-03
R0004907,O00089442,Size Issue,2025-11-21
R0004908,O00089454,Quality Issue,2026-01-16
R0004909,O00089459,Damaged Item,2025-07-29
R0004910,O00089511,Quality Issue,2025-02-06
R0004911,O00089532,Size Issue,2024-11-13
R0004912,O00089533,Wrong Item,2025-06-06
R0004913,O00089546,Wrong Item,2024-11-13
R0004914,O00089578,Wrong Item,2025-04-04
R0004915,O00089579,Late Delivery,2025-05-20
R0004916,O00089632,Changed Mind,2025-05-26
R0004917,O00089662,Late Delivery,2025-01-24
R0004918,O00089677,Size Issue,2025-12-31
R0004919,O00089680,Late Delivery,2023-11-05
R0004920,O00089682,Size Issue,2024-04-18
R0004921,O00089704,Changed Mind,2024-12-22
R0004922,O00089732,Size Issue,2026-01-02
R0004923,O00089735,Wrong Item,2025-11-10
R0004924,O00089752,Damaged Item,2025-10-16
R0004925,O00089762,Late Delivery,2024-02-04
R0004926,O00089792,Damaged Item,2025-12-29
R0004927,O00089795,Quality Issue,2026-01-11
R0004928,O00089799,Size Issue,2023-12-11
R0004929,O00089813,Damaged Item,2025-12-11
R0004930,O00089854,Size Issue,2024-06-27
R0004931,O00089887,Changed Mind,2025-03-13
R0004932,O00089900,Quality Issue,2023-10-05
R0004933,O00089920,Late Delivery,2025-03-02
R0004934,O00089931,Size Issue,2025-11-03
R0004935,O00089965,Quality Issue,2025-12-23
R0004936,O00090063,Quality Issue,2025-05-31
R0004937,O00090082,Size Issue,2025-08-22
R0004938,O00090095,Quality Issue,2025-03-01
R0004939,O00090106,Late Delivery,2024-12-24
R0004940,O00090115,Changed Mind,2025-04-04
R0004941,O00090120,Changed Mind,2025-10-06
R0004942,O00090160,Quality Issue,2024-10-07
R0004943,O00090168,Quality Issue,2025-01-14
R0004944,O00090198,Changed Mind,2025-09-11
R0004945,O00090202,Late Delivery,2025-11-19
R0004946,O00090205,Late Delivery,2026-01-25
R0004947,O00090219,Late Delivery,2025-07-12
R0004948,O00090268,Wrong Item,2025-03-31
R0004949,O00090294,Changed Mind,2025-06-04
R0004950,O00090298,Late Delivery,2025-07-31
R0004951,O00090301,Late Delivery,2025-09-13
R0004952,O00090316,Damaged Item,2024-11-22
R0004953,O00090333,Quality Issue,2025-10-08
R0004954,O00090334,Damaged Item,2025-08-05
R0004955,O00090381,Wrong Item,2025-09-08
R0004956,O00090431,Late Delivery,2024-12-24
R0004957,O00090439,Quality Issue,2025-03-26
R0004958,O00090455,Wrong Item,2026-01-04
R0004959,O00090465,Changed Mind,2025-08-04
R0004960,O00090508,Changed Mind,2025-08-04
R0004961,O00090567,Size Issue,2024-06-09
R0004962,O00090595,Damaged Item,2024-12-18
R0004963,O00090598,Damaged Item,2025-07-13
R0004964,O00090603,Quality Issue,2023-12-01
R0004965,O00090604,Damaged Item,2024-02-21
R0004966,O00090606,Quality Issue,2024-01-10
R0004967,O00090613,Late Delivery,2023-07-17
R0004968,O00090620,Damaged Item,2024-06-11
R0004969,O00090624,Size Issue,2024-11-12
R0004970,O00090635,Late Delivery,2024-02-15
R0004971,O00090637,Quality Issue,2024-05-15
R0004972,O00090648,Damaged Item,2023-12-15
R0004973,O00090649,Wrong Item,2025-04-02
R0004974,O00090655,Wrong Item,2025-07-19
R0004975,O00090666,Size Issue,2025-09-16
R0004976,O00090678,Changed Mind,2024-09-06
R0004977,O00090684,Quality Issue,2025-12-17
R0004978,O00090695,Wrong Item,2025-07-16
R0004979,O00090717,Size Issue,2025-08-26
R0004980,O00090726,Wrong Item,2024-11-14
R0004981,O00090763,Damaged Item,2025-02-07
R0004982,O00090770,Size Issue,2025-09-15
R0004983,O00090784,Quality Issue,2024-06-10
R0004984,O00090869,Damaged Item,2025-11-18
R0004985,O00090889,Damaged Item,2025-12-21
R0004986,O00090939,Changed Mind,2025-03-13
R0004987,O00090956,Quality Issue,2024-06-27
R0004988,O00090981,Changed Mind,2024-11-18
R0004989,O00090986,Damaged Item,2024-04-06
R0004990,O00090989,Damaged Item,2026-01-03
R0004991,O00090994,Wrong Item,2025-02-25
R0004992,O00091035,Changed Mind,2025-05-23
R0004993,O00091036,Wrong Item,2024-12-24
R0004994,O00091049,Quality Issue,2023-08-18
R0004995,O00091056,Size Issue,2025-01-06
R0004996,O00091062,Quality Issue,2024-06-07
R0004997,O00091085,Damaged Item,2023-06-14
R0004998,O00091092,Size Issue,2024-08-26
R0004999,O00091136,Quality Issue,2025-09-08
R0005000,O00091157,Changed Mind,2025-09-10
R0005001,O00091169,Quality Issue,2025-04-14
R0005002,O00091183,Size Issue,2025-05-03
R0005003,O00091223,Size Issue,2024-08-25
R0005004,O00091227,Damaged Item,2023-09-02
R0005005,O00091259,Late Delivery,2025-04-04
R0005006,O00091264,Damaged Item,2025-07-25
R0005007,O00091274,Wrong Item,2025-12-30
R0005008,O00091315,Late Delivery,2024-08-22
R0005009,O00091321,Quality Issue,2025-05-18
R0005010,O00091323,Size Issue,2025-05-18
R0005011,O00091327,Late Delivery,2024-05-23
R0005012,O00091328,Size Issue,2024-09-12
R0005013,O00091333,Quality Issue,2025-09-13
R0005014,O00091359,Quality Issue,2025-09-06
R0005015,O00091361,Late Delivery,2025-11-22
R0005016,O00091367,Damaged Item,2024-11-27
R0005017,O00091378,Quality Issue,2024-12-01
R0005018,O00091394,Late Delivery,2026-01-19
R0005019,O00091426,Quality Issue,2024-12-19
R0005020,O00091441,Quality Issue,2023-08-06
R0005021,O00091461,Size Issue,2025-07-03
R0005022,O00091462,Quality Issue,2025-08-10
R0005023,O00091476,Late Delivery,2024-08-01
R0005024,O00091494,Damaged Item,2024-02-20
R0005025,O00091530,Damaged Item,2025-05-18
R0005026,O00091542,Quality Issue,2025-09-15
R0005027,O00091592,Size Issue,2025-11-04
R0005028,O00091602,Quality Issue,2023-04-19
R0005029,O00091633,Changed Mind,2025-11-19
R0005030,O00091634,Late Delivery,2024-02-23
R0005031,O00091647,Damaged Item,2025-03-28
R0005032,O00091649,Late Delivery,2025-11-06
R0005033,O00091669,Late Delivery,2026-01-26
R0005034,O00091683,Late Delivery,2025-02-09
R0005035,O00091692,Late Delivery,2024-10-23
R0005036,O00091712,Size Issue,2024-03-28
R0005037,O00091758,Damaged Item,2024-07-23
R0005038,O00091764,Size Issue,2025-01-20
R0005039,O00091779,Changed Mind,2025-08-08
R0005040,O00091789,Damaged Item,2026-01-15
R0005041,O00091809,Damaged Item,2024-10-13
R0005042,O00091834,Wrong Item,2025-08-29
R0005043,O00091841,Late Delivery,2025-12-30
R0005044,O00091858,Damaged Item,2025-11-02
R0005045,O00091917,Quality Issue,2024-05-13
R0005046,O00091938,Wrong Item,2025-09-26
R0005047,O00091968,Quality Issue,2025-11-26
R0005048,O00091988,Changed Mind,2026-01-19
R0005049,O00092000,Changed Mind,2024-10-10
R0005050,O00092077,Wrong Item,2025-12-05
R0005051,O00092094,Quality Issue,2026-01-13
R0005052,O00092133,Wrong Item,2025-06-18
R0005053,O00092134,Size Issue,2025-10-18
R0005054,O00092178,Changed Mind,2025-11-06
R0005055,O00092186,Late Delivery,2025-06-22
R0005056,O00092201,Changed Mind,2024-07-02
R0005057,O00092212,Wrong Item,2025-01-28
R0005058,O00092217,Quality Issue,2026-01-16
R0005059,O00092229,Changed Mind,2024-03-31
R0005060,O00092257,Changed Mind,2025-10-29
R0005061,O00092270,Damaged Item,2025-12-22
R0005062,O00092305,Late Delivery,2025-12-17
R0005063,O00092309,Quality Issue,2025-11-24
R0005064,O00092354,Quality Issue,2025-12-31
R0005065,O00092366,Damaged Item,2023-12-24
R0005066,O00092368,Wrong Item,2025-08-22
R0005067,O00092418,Damaged Item,2026-01-04
R0005068,O00092426,Quality Issue,2026-01-04
R0005069,O00092432,Damaged Item,2023-05-25
R0005070,O00092445,Wrong Item,2024-08-29
R0005071,O00092448,Quality Issue,2025-08-16
R0005072,O00092499,Changed Mind,2025-11-24
R0005073,O00092544,Size Issue,2024-12-08
R0005074,O00092574,Size Issue,2025-01-28
R0005075,O00092579,Changed Mind,2025-09-19
R0005076,O00092587,Quality Issue,2025-07-31
R0005077,O00092593,Late Delivery,2025-10-04
R0005078,O00092611,Wrong Item,2025-09-02
R0005079,O00092612,Quality Issue,2025-08-28
R0005080,O00092618,Quality Issue,2025-10-04
R0005081,O00092629,Damaged Item,2025-12-06
R0005082,O00092631,Quality Issue,2025-12-08
R0005083,O00092638,Late Delivery,2025-04-05
R0005084,O00092642,Wrong Item,2025-06-08
R0005085,O00092658,Late Delivery,2025-11-26
R0005086,O00092662,Quality Issue,2026-01-16
R0005087,O00092672,Quality Issue,2025-07-27
R0005088,O00092703,Size Issue,2024-08-29
R0005089,O00092743,Size Issue,2025-02-03
R0005090,O00092746,Quality Issue,2023-07-28
R0005091,O00092753,Damaged Item,2025-09-08
R0005092,O00092822,Late Delivery,2025-10-02
R0005093,O00092844,Changed Mind,2025-10-28
R0005094,O00092862,Late Delivery,2024-12-08
R0005095,O00092864,Wrong Item,2023-08-24
R0005096,O00092883,Late Delivery,2025-05-31
R0005097,O00092891,Wrong Item,2023-02-15
R0005098,O00092898,Size Issue,2025-04-11
R0005099,O00092913,Late Delivery,2025-08-27
R0005100,O00092943,Wrong Item,2025-01-07
R0005101,O00092961,Changed Mind,2025-12-09
R0005102,O00092978,Wrong Item,2024-10-07
R0005103,O00092984,Damaged Item,2024-07-31
R0005104,O00092988,Size Issue,2024-11-26
R0005105,O00093005,Wrong Item,2025-12-17
R0005106,O00093011,Changed Mind,2025-03-26
R0005107,O00093055,Changed Mind,2025-08-17
R0005108,O00093063,Quality Issue,2024-08-05
R0005109,O00093138,Changed Mind,2025-06-22
R0005110,O00093161,Late Delivery,2024-12-27
R0005111,O00093167,Quality Issue,2025-12-20
R0005112,O00093177,Late Delivery,2024-12-17
R0005113,O00093190,Quality Issue,2026-01-01
R0005114,O00093191,Damaged Item,2024-06-09
R0005115,O00093198,Late Delivery,2024-11-14
R0005116,O00093212,Changed Mind,2025-10-23
R0005117,O00093219,Late Delivery,2026-01-08
R0005118,O00093222,Damaged Item,2026-01-07
R0005119,O00093225,Size Issue,2025-12-28
R0005120,O00093236,Wrong Item,2025-08-11
R0005121,O00093252,Wrong Item,2025-08-17
R0005122,O00093289,Changed Mind,2024-01-03
R0005123,O00093335,Damaged Item,2024-11-20
R0005124,O00093350,Size Issue,2025-12-30
R0005125,O00093356,Damaged Item,2025-12-06
R0005126,O00093381,Changed Mind,2025-05-31
R0005127,O00093450,Late Delivery,2025-10-08
R0005128,O00093506,Changed Mind,2025-11-24
R0005129,O00093508,Quality Issue,2025-12-15
R0005130,O00093542,Damaged Item,2025-12-03
R0005131,O00093543,Late Delivery,2025-11-15
R0005132,O00093548,Damaged Item,2023-04-18
R0005133,O00093571,Quality Issue,2026-01-03
R0005134,O00093589,Size Issue,2025-04-12
R0005135,O00093617,Quality Issue,2023-11-11
R0005136,O00093634,Late Delivery,2025-09-07
R0005137,O00093642,Late Delivery,2024-12-09
R0005138,O00093656,Quality Issue,2024-09-06
R0005139,O00093692,Quality Issue,2026-01-03
R0005140,O00093700,Quality Issue,2023-07-31
R0005141,O00093703,Damaged Item,2025-07-19
R0005142,O00093706,Quality Issue,2024-05-04
R0005143,O00093707,Size Issue,2024-09-06
R0005144,O00093730,Wrong Item,2025-04-24
R0005145,O00093755,Wrong Item,2025-10-09
R0005146,O00093762,Wrong Item,2025-01-28
R0005147,O00093775,Late Delivery,2024-02-18
R0005148,O00093806,Late Delivery,2025-01-21
R0005149,O00093843,Changed Mind,2025-04-25
R0005150,O00093861,Changed Mind,2023-10-27
R0005151,O00093885,Size Issue,2025-10-29
R0005152,O00093890,Size Issue,2025-09-16
R0005153,O00093891,Damaged Item,2025-12-08
R0005154,O00093895,Size Issue,2026-01-06
R0005155,O00093899,Size Issue,2025-10-30
R0005156,O00093909,Size Issue,2024-01-19
R0005157,O00093910,Late Delivery,2024-01-30
R0005158,O00093917,Quality Issue,2025-07-06
R0005159,O00093937,Quality Issue,2025-04-17
R0005160,O00093959,Size Issue,2025-11-11
R0005161,O00093963,Changed Mind,2025-12-04
R0005162,O00093968,Damaged Item,2023-11-30
R0005163,O00093972,Late Delivery,2025-07-24
R0005164,O00093974,Quality Issue,2024-05-25
R0005165,O00093981,Quality Issue,2025-06-13
R0005166,O00093998,Late Delivery,2024-05-09
R0005167,O00094007,Quality Issue,2025-12-28
R0005168,O00094022,Late Delivery,2025-12-25
R0005169,O00094029,Damaged Item,2024-07-03
R0005170,O00094084,Quality Issue,2025-11-13
R0005171,O00094101,Late Delivery,2025-06-27
R0005172,O00094141,Size Issue,2026-01-11
R0005173,O00094161,Wrong Item,2025-08-10
R0005174,O00094168,Damaged Item,2025-11-12
R0005175,O00094175,Quality Issue,2023-06-15
R0005176,O00094202,Size Issue,2025-10-21
R0005177,O00094204,Size Issue,2025-09-17
R0005178,O00094211,Size Issue,2026-01-05
R0005179,O00094219,Late Delivery,2025-11-26
R0005180,O00094251,Size Issue,2025-10-20
R0005181,O00094262,Size Issue,2025-12-17
R0005182,O00094280,Damaged Item,2025-08-20
R0005183,O00094319,Wrong Item,2025-12-18
R0005184,O00094350,Changed Mind,2024-09-21
R0005185,O00094356,Size Issue,2026-01-14
R0005186,O00094365,Size Issue,2024-02-18
R0005187,O00094368,Late Delivery,2025-08-15
R0005188,O00094398,Quality Issue,2025-10-17
R0005189,O00094406,Damaged Item,2025-08-18
R0005190,O00094426,Damaged Item,2025-07-24
R0005191,O00094496,Late Delivery,2025-10-10
R0005192,O00094499,Late Delivery,2023-09-24
R0005193,O00094531,Late Delivery,2026-01-03
R0005194,O00094604,Quality Issue,2025-11-19
R0005195,O00094619,Late Delivery,2026-01-29
R0005196,O00094663,Wrong Item,2025-06-09
R0005197,O00094669,Late Delivery,2025-11-21
R0005198,O00094700,Wrong Item,2023-11-06
R0005199,O00094713,Late Delivery,2025-09-25
R0005200,O00094722,Late Delivery,2025-10-04
R0005201,O00094755,Late Delivery,2025-10-15
R0005202,O00094768,Size Issue,2025-06-23
R0005203,O00094801,Size Issue,2025-06-06
R0005204,O00094802,Quality Issue,2024-11-04
R0005205,O00094805,Size Issue,2025-09-03
R0005206,O00094853,Late Delivery,2025-01-30
R0005207,O00094877,Quality Issue,2025-05-11
R0005208,O00094913,Late Delivery,2025-01-01
R0005209,O00094924,Size Issue,2025-09-17
R0005210,O00094945,Quality Issue,2024-11-14
R0005211,O00094957,Damaged Item,2026-01-01
R0005212,O00094967,Wrong Item,2023-09-08
R0005213,O00094971,Size Issue,2024-06-12
R0005214,O00094981,Damaged Item,2024-07-09
R0005215,O00095021,Damaged Item,2025-12-13
R0005216,O00095054,Changed Mind,2025-10-06
R0005217,O00095069,Damaged Item,2024-08-08
R0005218,O00095082,Late Delivery,2025-08-25
R0005219,O00095083,Wrong Item,2025-09-12
R0005220,O00095086,Late Delivery,2025-01-21
R0005221,O00095118,Changed Mind,2024-12-13
R0005222,O00095135,Late Delivery,2025-10-27
R0005223,O00095155,Quality Issue,2025-12-21
R0005224,O00095156,Wrong Item,2025-11-08
R0005225,O00095166,Damaged Item,2024-12-29
R0005226,O00095194,Damaged Item,2025-11-10
R0005227,O00095216,Quality Issue,2025-12-21
R0005228,O00095232,Late Delivery,2024-11-20
R0005229,O00095253,Quality Issue,2025-12-24
R0005230,O00095270,Wrong Item,2025-01-31
R0005231,O00095353,Damaged Item,2025-12-17
R0005232,O00095366,Damaged Item,2025-12-01
R0005233,O00095373,Quality Issue,2023-01-16
R0005234,O00095385,Wrong Item,2025-03-12
R0005235,O00095388,Late Delivery,2025-06-22
R0005236,O00095389,Wrong Item,2025-07-16
R0005237,O00095422,Size Issue,2024-11-05
R0005238,O00095428,Wrong Item,2025-05-10
R0005239,O00095461,Quality Issue,2024-06-27
R0005240,O00095471,Quality Issue,2025-10-05
R0005241,O00095499,Size Issue,2024-12-07
R0005242,O00095525,Late Delivery,2023-04-11
R0005243,O00095548,Size Issue,2026-01-19
R0005244,O00095556,Size Issue,2024-06-23
R0005245,O00095589,Quality Issue,2025-08-02
R0005246,O00095597,Damaged Item,2025-12-02
R0005247,O00095638,Wrong Item,2026-01-16
R0005248,O00095641,Quality Issue,2024-06-04
R0005249,O00095646,Size Issue,2025-07-31
R0005250,O00095662,Late Delivery,2025-07-30
R0005251,O00095677,Wrong Item,2024-08-28
R0005252,O00095712,Wrong Item,2025-09-28
R0005253,O00095743,Late Delivery,2025-12-11
R0005254,O00095747,Size Issue,2026-01-01
R0005255,O00095812,Damaged Item,2026-01-03
R0005256,O00095877,Quality Issue,2025-09-09
R0005257,O00095907,Size Issue,2025-12-14
R0005258,O00095928,Damaged Item,2025-10-19
R0005259,O00095929,Changed Mind,2025-12-24
R0005260,O00095961,Damaged Item,2025-10-01
R0005261,O00095969,Damaged Item,2025-01-28
R0005262,O00095993,Quality Issue,2024-02-21
R0005263,O00096019,Wrong Item,2025-09-19
R0005264,O00096060,Damaged Item,2025-10-07
R0005265,O00096066,Damaged Item,2024-12-04
R0005266,O00096067,Size Issue,2025-08-28
R0005267,O00096099,Size Issue,2025-07-25
R0005268,O00096100,Wrong Item,2025-08-23
R0005269,O00096105,Late Delivery,2024-12-23
R0005270,O00096119,Late Delivery,2025-05-22
R0005271,O00096134,Damaged Item,2024-11-21
R0005272,O00096164,Size Issue,2024-10-18
R0005273,O00096223,Size Issue,2025-11-19
R0005274,O00096230,Wrong Item,2025-12-14
R0005275,O00096236,Damaged Item,2026-01-17
R0005276,O00096271,Quality Issue,2025-08-02
R0005277,O00096319,Size Issue,2025-11-08
R0005278,O00096335,Size Issue,2025-11-01
R0005279,O00096345,Size Issue,2026-01-03
R0005280,O00096350,Late Delivery,2026-01-09
R0005281,O00096370,Late Delivery,2025-11-24
R0005282,O00096390,Size Issue,2025-08-05
R0005283,O00096396,Changed Mind,2023-05-09
R0005284,O00096442,Quality Issue,2024-01-04
R0005285,O00096473,Wrong Item,2025-06-24
R0005286,O00096476,Late Delivery,2025-10-14
R0005287,O00096489,Wrong Item,2026-01-02
R0005288,O00096507,Late Delivery,2024-03-25
R0005289,O00096524,Size Issue,2025-12-03
R0005290,O00096547,Size Issue,2025-05-28
R0005291,O00096550,Quality Issue,2025-07-20
R0005292,O00096557,Changed Mind,2025-11-20
R0005293,O00096565,Wrong Item,2024-11-30
R0005294,O00096592,Late Delivery,2025-12-15
R0005295,O00096609,Quality Issue,2025-12-18
R0005296,O00096612,Late Delivery,2025-12-26
R0005297,O00096619,Late Delivery,2024-05-23
R0005298,O00096630,Damaged Item,2023-11-08
R0005299,O00096639,Changed Mind,2023-09-27
R0005300,O00096712,Changed Mind,2026-01-07
R0005301,O00096795,Changed Mind,2025-09-05
R0005302,O00096799,Damaged Item,2024-03-26
R0005303,O00096802,Wrong Item,2024-01-21
R0005304,O00096807,Size Issue,2023-12-09
R0005305,O00096818,Quality Issue,2025-10-24
R0005306,O00096851,Changed Mind,2026-01-13
R0005307,O00096854,Damaged Item,2025-10-26
R0005308,O00096944,Wrong Item,2025-01-03
R0005309,O00096956,Quality Issue,2024-10-03
R0005310,O00096973,Damaged Item,2026-01-08
R0005311,O00096991,Damaged Item,2024-08-20
R0005312,O00096996,Late Delivery,2025-06-25
R0005313,O00097010,Damaged Item,2025-10-30
R0005314,O00097038,Damaged Item,2025-10-01
R0005315,O00097048,Damaged Item,2024-07-16
R0005316,O00097053,Wrong Item,2025-05-12
R0005317,O00097062,Size Issue,2024-11-04
R0005318,O00097070,Changed Mind,2024-07-07
R0005319,O00097072,Changed Mind,2024-01-03
R0005320,O00097126,Damaged Item,2025-12-15
R0005321,O00097145,Size Issue,2025-10-10
R0005322,O00097156,Wrong Item,2025-04-26
R0005323,O00097161,Changed Mind,2025-07-29
R0005324,O00097173,Quality Issue,2025-05-25
R0005325,O00097260,Quality Issue,2025-07-16
R0005326,O00097297,Wrong Item,2024-12-01
R0005327,O00097301,Wrong Item,2025-02-04
R0005328,O00097305,Size Issue,2026-01-03
R0005329,O00097317,Late Delivery,2026-01-20
R0005330,O00097320,Quality Issue,2025-10-21
R0005331,O00097324,Quality Issue,2025-11-17
R0005332,O00097327,Late Delivery,2025-12-16
R0005333,O00097335,Quality Issue,2025-09-26
R0005334,O00097337,Size Issue,2026-01-17
R0005335,O00097346,Late Delivery,2025-01-21
R0005336,O00097387,Damaged Item,2025-06-24
R0005337,O00097397,Late Delivery,2026-01-02
R0005338,O00097399,Changed Mind,2025-06-08
R0005339,O00097400,Damaged Item,2025-10-30
R0005340,O00097417,Damaged Item,2025-01-30
R0005341,O00097434,Quality Issue,2025-06-09
R0005342,O00097443,Quality Issue,2025-08-16
R0005343,O00097507,Late Delivery,2023-12-31
R0005344,O00097522,Size Issue,2025-09-07
R0005345,O00097527,Damaged Item,2026-01-13
R0005346,O00097574,Late Delivery,2024-09-19
R0005347,O00097576,Quality Issue,2025-06-02
R0005348,O00097585,Damaged Item,2023-07-16
R0005349,O00097590,Wrong Item,2025-01-24
R0005350,O00097693,Wrong Item,2026-01-10
R0005351,O00097715,Damaged Item,2025-12-26
R0005352,O00097720,Changed Mind,2024-02-19
R0005353,O00097724,Wrong Item,2025-02-27
R0005354,O00097746,Damaged Item,2025-06-29
R0005355,O00097757,Damaged Item,2025-08-30
R0005356,O00097771,Wrong Item,2024-12-25
R0005357,O00097781,Damaged Item,2025-05-06
R0005358,O00097789,Damaged Item,2025-09-16
R0005359,O00097816,Damaged Item,2025-06-15
R0005360,O00097842,Damaged Item,2025-05-13
R0005361,O00097852,Size Issue,2025-09-27
R0005362,O00097881,Changed Mind,2025-01-08
R0005363,O00097884,Late Delivery,2025-04-28
R0005364,O00097896,Size Issue,2025-12-31
R0005365,O00097898,Wrong Item,2026-01-10
R0005366,O00097901,Quality Issue,2024-07-12
R0005367,O00097909,Late Delivery,2023-12-15
R0005368,O00097980,Quality Issue,2026-01-18
R0005369,O00097981,Changed Mind,2026-01-09
R0005370,O00098042,Quality Issue,2025-03-12
R0005371,O00098112,Size Issue,2024-07-19
R0005372,O00098119,Quality Issue,2025-06-07
R0005373,O00098126,Damaged Item,2026-01-23
R0005374,O00098127,Size Issue,2023-07-26
R0005375,O00098150,Damaged Item,2025-07-04
R0005376,O00098165,Quality Issue,2024-07-10
R0005377,O00098183,Changed Mind,2025-12-09
R0005378,O00098200,Quality Issue,2025-11-04
R0005379,O00098210,Quality Issue,2025-09-24
R0005380,O00098244,Changed Mind,2025-12-07
R0005381,O00098250,Quality Issue,2025-10-10
R0005382,O00098294,Wrong Item,2026-01-01
R0005383,O00098320,Late Delivery,2025-03-18
R0005384,O00098327,Changed Mind,2025-06-04
R0005385,O00098350,Quality Issue,2026-01-13
R0005386,O00098367,Quality Issue,2025-06-30
R0005387,O00098376,Damaged Item,2024-01-16
R0005388,O00098382,Quality Issue,2025-03-29
R0005389,O00098406,Quality Issue,2025-08-15
R0005390,O00098407,Damaged Item,2025-02-28
R0005391,O00098409,Late Delivery,2025-06-14
R0005392,O00098414,Late Delivery,2024-12-29
R0005393,O00098417,Quality Issue,2024-05-28
R0005394,O00098439,Size Issue,2025-01-02
R0005395,O00098451,Changed Mind,2025-05-04
R0005396,O00098521,Late Delivery,2025-07-04
R0005397,O00098528,Changed Mind,2026-01-17
R0005398,O00098532,Changed Mind,2024-07-19
R0005399,O00098535,Damaged Item,2025-10-19
R0005400,O00098605,Late Delivery,2024-03-15
R0005401,O00098613,Damaged Item,2025-09-28
R0005402,O00098655,Size Issue,2024-04-17
R0005403,O00098658,Late Delivery,2025-06-01
R0005404,O00098660,Size Issue,2025-12-07
R0005405,O00098669,Size Issue,2025-01-15
R0005406,O00098695,Damaged Item,2026-01-09
R0005407,O00098706,Changed Mind,2023-11-21
R0005408,O00098720,Wrong Item,2025-12-04
R0005409,O00098722,Wrong Item,2024-07-04
R0005410,O00098729,Changed Mind,2025-09-05
R0005411,O00098771,Changed Mind,2023-09-09
R0005412,O00098817,Quality Issue,2025-02-24
R0005413,O00098841,Wrong Item,2023-12-16
R0005414,O00098842,Wrong Item,2024-02-04
R0005415,O00098845,Quality Issue,2024-10-15
R0005416,O00098859,Late Delivery,2023-10-06
R0005417,O00098878,Damaged Item,2025-08-27
R0005418,O00098913,Late Delivery,2025-11-17
R0005419,O00098924,Late Delivery,2023-11-30
R0005420,O00098937,Quality Issue,2025-07-04
R0005421,O00098940,Size Issue,2025-08-04
R0005422,O00098944,Damaged Item,2026-01-16
R0005423,O00098976,Quality Issue,2025-08-11
R0005424,O00098990,Damaged Item,2025-12-12
R0005425,O00099014,Quality Issue,2025-10-08
R0005426,O00099025,Size Issue,2024-09-30
R0005427,O00099083,Damaged Item,2025-10-28
R0005428,O00099095,Quality Issue,2024-12-28
R0005429,O00099133,Size Issue,2025-12-19
R0005430,O00099141,Quality Issue,2025-06-23
R0005431,O00099150,Damaged Item,2023-07-23
R0005432,O00099156,Quality Issue,2026-01-24
R0005433,O00099159,Changed Mind,2025-11-27
R0005434,O00099166,Changed Mind,2026-01-15
R0005435,O00099193,Late Delivery,2025-11-14
R0005436,O00099207,Size Issue,2025-01-14
R0005437,O00099212,Late Delivery,2025-08-03
R0005438,O00099221,Late Delivery,2024-09-25
R0005439,O00099230,Damaged Item,2025-01-20
R0005440,O00099270,Wrong Item,2026-01-18
R0005441,O00099313,Changed Mind,2025-12-06
R0005442,O00099333,Changed Mind,2025-05-23
R0005443,O00099340,Damaged Item,2025-02-18
R0005444,O00099344,Wrong Item,2025-12-15
R0005445,O00099364,Late Delivery,2023-12-31
R0005446,O00099366,Quality Issue,2025-02-14
R0005447,O00099386,Quality Issue,2026-01-08
R0005448,O00099388,Quality Issue,2023-10-15
R0005449,O00099395,Changed Mind,2023-11-13
R0005450,O00099409,Late Delivery,2025-09-07
R0005451,O00099414,Changed Mind,2024-01-07
R0005452,O00099434,Wrong Item,2024-12-04
R0005453,O00099448,Damaged Item,2025-09-26
R0005454,O00099451,Quality Issue,2023-12-19
R0005455,O00099458,Quality Issue,2023-10-14
R0005456,O00099469,Quality Issue,2025-05-12
R0005457,O00099472,Size Issue,2025-02-26
R0005458,O00099476,Late Delivery,2025-12-07
R0005459,O00099485,Late Delivery,2025-11-04
R0005460,O00099486,Wrong Item,2025-11-26
R0005461,O00099506,Quality Issue,2025-02-26
R0005462,O00099534,Size Issue,2026-01-13
R0005463,O00099540,Late Delivery,2025-11-08
R0005464,O00099545,Changed Mind,2025-11-12
R0005465,O00099564,Changed Mind,2026-01-07
R0005466,O00099572,Late Delivery,2023-09-25
R0005467,O00099594,Damaged Item,2025-12-25
R0005468,O00099627,Quality Issue,2025-02-23
R0005469,O00099647,Damaged Item,2025-05-14
R0005470,O00099657,Quality Issue,2025-07-24
R0005471,O00099688,Wrong Item,2025-11-30
R0005472,O00099691,Quality Issue,2023-12-26
R0005473,O00099702,Changed Mind,2023-12-05
R0005474,O00099744,Damaged Item,2025-01-22
R0005475,O00099765,Wrong Item,2025-12-06
R0005476,O00099767,Size Issue,2025-08-17
R0005477,O00099779,Late Delivery,2026-01-03
R0005478,O00099852,Quality Issue,2025-01-11
R0005479,O00099854,Quality Issue,2025-03-19
R0005480,O00099856,Changed Mind,2025-06-07
R0005481,O00099874,Wrong Item,2025-03-20
R0005482,O00099896,Changed Mind,2025-11-24
R0005483,O00099897,Quality Issue,2024-06-03
R0005484,O00099906,Quality Issue,2025-05-02
R0005485,O00099910,Late Delivery,2025-10-25
R0005486,O00099912,Changed Mind,2025-02-23
R0005487,O00099927,Size Issue,2026-01-14
R0005488,O00099931,Damaged Item,2023-08-23
R0005489,O00099933,Changed Mind,2024-03-18
R0005490,O00099953,Changed Mind,2025-10-06
R0005491,O00099986,Quality Issue,2025-08-14
R0005492,O00099994,Wrong Item,2024-12-03
R0005493,O00100010,Quality Issue,2025-12-04
R0005494,O00100013,Quality Issue,2025-06-13
R0005495,O00100027,Wrong Item,2023-04-26
R0005496,O00100053,Size Issue,2026-01-14
R0005497,O00100065,Changed Mind,2025-11-29
R0005498,O00100077,Damaged Item,2024-12-20
R0005499,O00100087,Damaged Item,2025-07-05
R0005500,O00100097,Damaged Item,2024-03-05
R0005501,O00100102,Changed Mind,2024-12-12
R0005502,O00100110,Late Delivery,2025-04-10
R0005503,O00100131,Wrong Item,2025-05-19
R0005504,O00100142,Size Issue,2023-05-31
R0005505,O00100148,Changed Mind,2024-02-23
R0005506,O00100212,Wrong Item,2024-12-12
R0005507,O00100224,Quality Issue,2023-12-15
R0005508,O00100231,Changed Mind,2023-07-10
R0005509,O00100236,Damaged Item,2023-08-04
R0005510,O00100266,Damaged Item,2025-11-17
R0005511,O00100285,Size Issue,2025-07-17
R0005512,O00100296,Size Issue,2024-12-06
R0005513,O00100316,Size Issue,2025-07-04
R0005514,O00100334,Size Issue,2025-09-07
R0005515,O00100337,Wrong Item,2025-12-25
R0005516,O00100346,Late Delivery,2024-10-07
R0005517,O00100352,Changed Mind,2024-08-11
R0005518,O00100353,Wrong Item,2025-03-29
R0005519,O00100382,Late Delivery,2025-11-30
R0005520,O00100397,Quality Issue,2024-06-06
R0005521,O00100440,Quality Issue,2024-09-21
R0005522,O00100493,Wrong Item,2025-08-10
R0005523,O00100499,Late Delivery,2025-12-27
R0005524,O00100506,Damaged Item,2025-04-07
R0005525,O00100511,Size Issue,2025-08-05
R0005526,O00100529,Damaged Item,2025-11-17
R0005527,O00100531,Quality Issue,2025-07-05
R0005528,O00100578,Damaged Item,2024-11-28
R0005529,O00100596,Changed Mind,2025-12-19
R0005530,O00100620,Changed Mind,2024-10-21
R0005531,O00100625,Size Issue,2024-12-19
R0005532,O00100630,Late Delivery,2025-12-25
R0005533,O00100644,Wrong Item,2025-10-13
R0005534,O00100646,Late Delivery,2025-12-17
R0005535,O00100667,Damaged Item,2025-08-03
R0005536,O00100671,Quality Issue,2024-03-05
R0005537,O00100679,Quality Issue,2024-06-18
R0005538,O00100707,Size Issue,2024-08-09
R0005539,O00100712,Late Delivery,2025-12-05
R0005540,O00100726,Damaged Item,2024-03-14
R0005541,O00100775,Quality Issue,2025-08-27
R0005542,O00100781,Changed Mind,2025-12-30
R0005543,O00100791,Quality Issue,2025-04-07
R0005544,O00100793,Late Delivery,2025-01-18
R0005545,O00100822,Quality Issue,2025-12-15
R0005546,O00100833,Quality Issue,2025-03-22
R0005547,O00100863,Changed Mind,2024-06-26
R0005548,O00100880,Damaged Item,2025-12-26
R0005549,O00100881,Size Issue,2026-01-18
R0005550,O00100885,Quality Issue,2025-04-18
R0005551,O00100901,Late Delivery,2025-05-26
R0005552,O00100907,Wrong Item,2024-06-04
R0005553,O00100935,Quality Issue,2025-06-29
R0005554,O00100980,Changed Mind,2025-06-10
R0005555,O00100983,Damaged Item,2026-01-10
R0005556,O00100985,Damaged Item,2025-10-10
R0005557,O00100999,Size Issue,2025-10-16
R0005558,O00101004,Quality Issue,2024-06-05
R0005559,O00101006,Changed Mind,2024-12-06
R0005560,O00101033,Quality Issue,2023-07-26
R0005561,O00101036,Wrong Item,2024-11-24
R0005562,O00101039,Late Delivery,2025-01-04
R0005563,O00101052,Changed Mind,2025-11-29
R0005564,O00101062,Quality Issue,2025-12-16
R0005565,O00101067,Quality Issue,2024-04-26
R0005566,O00101151,Quality Issue,2025-03-23
R0005567,O00101226,Quality Issue,2025-06-23
R0005568,O00101229,Quality Issue,2025-08-15
R0005569,O00101231,Changed Mind,2025-10-14
R0005570,O00101245,Changed Mind,2025-08-24
R0005571,O00101254,Late Delivery,2024-05-31
R0005572,O00101261,Quality Issue,2025-08-11
R0005573,O00101280,Size Issue,2025-09-23
R0005574,O00101307,Quality Issue,2024-11-26
R0005575,O00101342,Late Delivery,2026-01-17
R0005576,O00101357,Damaged Item,2025-07-10
R0005577,O00101361,Wrong Item,2025-12-24
R0005578,O00101385,Quality Issue,2025-08-31
R0005579,O00101424,Late Delivery,2024-08-14
R0005580,O00101432,Quality Issue,2023-08-14
R0005581,O00101435,Damaged Item,2024-07-16
R0005582,O00101467,Late Delivery,2025-11-15
R0005583,O00101471,Late Delivery,2026-01-02
R0005584,O00101482,Changed Mind,2025-05-08
R0005585,O00101486,Wrong Item,2024-12-24
R0005586,O00101492,Changed Mind,2025-09-11
R0005587,O00101539,Size Issue,2025-08-02
R0005588,O00101544,Wrong Item,2025-10-14
R0005589,O00101561,Size Issue,2025-10-21
R0005590,O00101593,Late Delivery,2025-07-05
R0005591,O00101597,Quality Issue,2024-12-08
R0005592,O00101613,Quality Issue,2025-11-14
R0005593,O00101616,Damaged Item,2025-12-30
R0005594,O00101634,Quality Issue,2024-01-24
R0005595,O00101657,Wrong Item,2023-04-19
R0005596,O00101658,Damaged Item,2024-12-28
R0005597,O00101662,Quality Issue,2025-10-18
R0005598,O00101663,Damaged Item,2024-03-19
R0005599,O00101671,Damaged Item,2025-05-26
R0005600,O00101683,Late Delivery,2025-07-12
R0005601,O00101688,Changed Mind,2023-09-11
R0005602,O00101689,Quality Issue,2024-01-27
R0005603,O00101699,Size Issue,2025-01-25
R0005604,O00101703,Quality Issue,2024-05-31
R0005605,O00101748,Damaged Item,2025-12-13
R0005606,O00101776,Changed Mind,2025-06-11
R0005607,O00101814,Late Delivery,2025-12-22
R0005608,O00101833,Quality Issue,2026-01-07
R0005609,O00101896,Damaged Item,2025-10-28
R0005610,O00101902,Late Delivery,2025-11-17
R0005611,O00101907,Quality Issue,2023-07-23
R0005612,O00101911,Changed Mind,2025-08-30
R0005613,O00101912,Damaged Item,2023-04-01
R0005614,O00101922,Size Issue,2024-06-15
R0005615,O00101923,Damaged Item,2024-03-04
R0005616,O00101926,Damaged Item,2025-01-17
R0005617,O00101962,Wrong Item,2026-01-18
R0005618,O00101968,Changed Mind,2026-01-03
R0005619,O00101999,Size Issue,2024-03-17
R0005620,O00102027,Changed Mind,2024-10-22
R0005621,O00102033,Late Delivery,2025-11-09
R0005622,O00102048,Quality Issue,2023-12-08
R0005623,O00102152,Quality Issue,2024-08-09
R0005624,O00102154,Late Delivery,2024-11-24
R0005625,O00102174,Late Delivery,2025-12-06
R0005626,O00102175,Wrong Item,2026-01-10
R0005627,O00102181,Wrong Item,2023-03-20
R0005628,O00102188,Damaged Item,2024-11-19
R0005629,O00102196,Wrong Item,2025-09-18
R0005630,O00102198,Changed Mind,2026-01-15
R0005631,O00102256,Late Delivery,2026-01-29
R0005632,O00102259,Size Issue,2025-12-21
R0005633,O00102270,Size Issue,2024-02-12
R0005634,O00102281,Damaged Item,2025-11-21
R0005635,O00102306,Damaged Item,2025-11-30
R0005636,O00102323,Late Delivery,2025-03-24
R0005637,O00102326,Size Issue,2025-08-16
R0005638,O00102387,Quality Issue,2024-11-01
R0005639,O00102447,Size Issue,2026-01-03
R0005640,O00102464,Late Delivery,2024-12-10
R0005641,O00102490,Changed Mind,2024-04-18
R0005642,O00102500,Changed Mind,2024-06-10
R0005643,O00102505,Quality Issue,2026-01-25
R0005644,O00102539,Wrong Item,2024-02-05
R0005645,O00102571,Quality Issue,2025-07-22
R0005646,O00102615,Size Issue,2025-10-13
R0005647,O00102641,Wrong Item,2025-06-20
R0005648,O00102666,Quality Issue,2026-01-09
R0005649,O00102674,Damaged Item,2024-10-26
R0005650,O00102734,Size Issue,2025-03-15
R0005651,O00102749,Size Issue,2024-06-07
R0005652,O00102785,Damaged Item,2026-01-02
R0005653,O00102790,Size Issue,2023-12-26
R0005654,O00102797,Size Issue,2023-07-17
R0005655,O00102807,Late Delivery,2024-06-25
R0005656,O00102810,Late Delivery,2025-04-01
R0005657,O00102840,Wrong Item,2024-12-15
R0005658,O00102847,Quality Issue,2025-11-03
R0005659,O00102856,Size Issue,2025-11-14
R0005660,O00102859,Changed Mind,2025-12-02
R0005661,O00102889,Size Issue,2025-12-12
R0005662,O00102895,Quality Issue,2025-12-14
R0005663,O00102900,Quality Issue,2023-04-19
R0005664,O00102950,Wrong Item,2025-10-30
R0005665,O00102986,Late Delivery,2025-09-06
R0005666,O00103001,Late Delivery,2025-01-03
R0005667,O00103042,Size Issue,2023-11-22
R0005668,O00103045,Size Issue,2024-03-09
R0005669,O00103046,Size Issue,2024-04-03
R0005670,O00103054,Quality Issue,2024-12-10
R0005671,O00103057,Late Delivery,2025-02-15
R0005672,O00103076,Quality Issue,2025-02-03
R0005673,O00103080,Size Issue,2025-10-02
R0005674,O00103102,Late Delivery,2024-05-07
R0005675,O00103109,Changed Mind,2025-10-30
R0005676,O00103127,Late Delivery,2025-12-01
R0005677,O00103135,Wrong Item,2025-04-04
R0005678,O00103154,Quality Issue,2025-06-22
R0005679,O00103162,Quality Issue,2025-09-30
R0005680,O00103170,Late Delivery,2025-06-27
R0005681,O00103173,Size Issue,2023-02-12
R0005682,O00103199,Size Issue,2025-07-23
R0005683,O00103256,Late Delivery,2025-11-03
R0005684,O00103257,Quality Issue,2025-12-23
R0005685,O00103263,Damaged Item,2025-11-27
R0005686,O00103264,Changed Mind,2025-12-05
R0005687,O00103269,Changed Mind,2026-01-18
R0005688,O00103286,Damaged Item,2025-11-02
R0005689,O00103302,Damaged Item,2025-12-10
R0005690,O00103326,Quality Issue,2025-12-22
R0005691,O00103330,Wrong Item,2025-11-22
R0005692,O00103342,Size Issue,2025-09-12
R0005693,O00103355,Size Issue,2026-01-04
R0005694,O00103357,Wrong Item,2024-11-23
R0005695,O00103385,Late Delivery,2025-10-11
R0005696,O00103399,Size Issue,2025-01-01
R0005697,O00103404,Quality Issue,2025-06-06
R0005698,O00103430,Damaged Item,2025-12-17
R0005699,O00103443,Changed Mind,2024-12-05
R0005700,O00103459,Late Delivery,2025-12-14
R0005701,O00103479,Changed Mind,2025-07-28
R0005702,O00103481,Damaged Item,2024-10-29
R0005703,O00103512,Quality Issue,2024-12-12
R0005704,O00103514,Size Issue,2023-09-08
R0005705,O00103550,Changed Mind,2025-12-15
R0005706,O00103571,Changed Mind,2026-01-12
R0005707,O00103590,Late Delivery,2023-10-07
R0005708,O00103595,Wrong Item,2024-02-05
R0005709,O00103635,Late Delivery,2024-03-18
R0005710,O00103642,Damaged Item,2025-07-10
R0005711,O00103661,Damaged Item,2025-11-14
R0005712,O00103672,Damaged Item,2026-01-17
R0005713,O00103675,Wrong Item,2024-12-05
R0005714,O00103679,Wrong Item,2025-09-03
R0005715,O00103691,Late Delivery,2024-12-10
R0005716,O00103734,Quality Issue,2025-06-07
R0005717,O00103740,Damaged Item,2025-11-04
R0005718,O00103767,Quality Issue,2025-12-30
R0005719,O00103809,Damaged Item,2024-01-18
R0005720,O00103823,Size Issue,2024-12-02
R0005721,O00103826,Changed Mind,2024-12-13
R0005722,O00103828,Size Issue,2025-01-14
R0005723,O00103860,Size Issue,2024-01-07
R0005724,O00103893,Quality Issue,2024-10-22
R0005725,O00103938,Quality Issue,2024-09-08
R0005726,O00103940,Size Issue,2024-10-09
R0005727,O00103996,Damaged Item,2024-12-14
R0005728,O00104008,Damaged Item,2023-04-13
R0005729,O00104010,Damaged Item,2023-06-04
R0005730,O00104012,Changed Mind,2023-09-25
R0005731,O00104019,Late Delivery,2024-01-29
R0005732,O00104044,Wrong Item,2025-10-12
R0005733,O00104051,Changed Mind,2025-07-14
R0005734,O00104058,Size Issue,2023-10-10
R0005735,O00104079,Quality Issue,2025-08-24
R0005736,O00104101,Changed Mind,2025-12-14
R0005737,O00104120,Size Issue,2023-02-12
R0005738,O00104123,Size Issue,2023-12-15
R0005739,O00104130,Changed Mind,2026-01-20
R0005740,O00104163,Late Delivery,2024-07-04
R0005741,O00104208,Wrong Item,2024-11-17
R0005742,O00104210,Damaged Item,2025-12-07
R0005743,O00104298,Size Issue,2025-09-07
R0005744,O00104300,Changed Mind,2025-09-09
R0005745,O00104307,Size Issue,2025-11-09
R0005746,O00104326,Size Issue,2025-11-24
R0005747,O00104330,Quality Issue,2024-03-14
R0005748,O00104340,Changed Mind,2025-05-09
R0005749,O00104360,Changed Mind,2025-10-13
R0005750,O00104376,Late Delivery,2024-02-07
R0005751,O00104402,Wrong Item,2025-09-24
R0005752,O00104416,Size Issue,2025-12-27
R0005753,O00104417,Damaged Item,2025-04-06
R0005754,O00104422,Size Issue,2025-12-19
R0005755,O00104434,Damaged Item,2026-01-02
R0005756,O00104444,Changed Mind,2025-09-29
R0005757,O00104455,Quality Issue,2026-01-08
R0005758,O00104479,Damaged Item,2025-04-19
R0005759,O00104480,Changed Mind,2025-07-21
R0005760,O00104502,Wrong Item,2023-11-26
R0005761,O00104508,Size Issue,2024-12-04
R0005762,O00104515,Changed Mind,2025-09-14
R0005763,O00104535,Size Issue,2025-12-10
R0005764,O00104536,Quality Issue,2025-12-09
R0005765,O00104538,Quality Issue,2024-11-22
R0005766,O00104541,Wrong Item,2025-04-09
R0005767,O00104550,Size Issue,2025-04-21
R0005768,O00104575,Size Issue,2024-11-15
R0005769,O00104616,Wrong Item,2025-08-30
R0005770,O00104647,Damaged Item,2025-10-25
R0005771,O00104648,Late Delivery,2025-10-31
R0005772,O00104649,Size Issue,2025-11-06
R0005773,O00104652,Late Delivery,2024-10-05
R0005774,O00104673,Changed Mind,2025-12-22
R0005775,O00104714,Changed Mind,2025-12-23
R0005776,O00104725,Damaged Item,2025-03-01
R0005777,O00104740,Wrong Item,2023-12-15
R0005778,O00104749,Changed Mind,2025-02-18
R0005779,O00104761,Damaged Item,2025-07-26
R0005780,O00104765,Size Issue,2025-12-22
R0005781,O00104801,Damaged Item,2025-12-26
R0005782,O00104805,Late Delivery,2025-10-28
R0005783,O00104828,Size Issue,2025-10-06
R0005784,O00104834,Late Delivery,2025-10-25
R0005785,O00104857,Late Delivery,2025-12-17
R0005786,O00104890,Damaged Item,2025-11-08
R0005787,O00104892,Late Delivery,2023-10-17
R0005788,O00104927,Wrong Item,2024-11-22
R0005789,O00104965,Damaged Item,2024-12-15
R0005790,O00104987,Late Delivery,2024-04-21
R0005791,O00105051,Damaged Item,2023-04-24
R0005792,O00105091,Wrong Item,2025-06-26
R0005793,O00105111,Size Issue,2024-05-02
R0005794,O00105115,Size Issue,2025-12-17
R0005795,O00105138,Quality Issue,2023-09-10
R0005796,O00105143,Quality Issue,2025-11-16
R0005797,O00105156,Damaged Item,2025-10-28
R0005798,O00105164,Quality Issue,2025-12-24
R0005799,O00105180,Quality Issue,2025-11-27
R0005800,O00105208,Late Delivery,2024-12-04
R0005801,O00105243,Quality Issue,2024-03-05
R0005802,O00105259,Size Issue,2025-11-19
R0005803,O00105272,Changed Mind,2025-11-21
R0005804,O00105283,Size Issue,2025-09-05
R0005805,O00105293,Damaged Item,2024-02-06
R0005806,O00105318,Quality Issue,2025-11-12
R0005807,O00105329,Changed Mind,2025-01-15
R0005808,O00105344,Late Delivery,2025-03-10
R0005809,O00105360,Wrong Item,2025-09-18
R0005810,O00105421,Damaged Item,2025-04-25
R0005811,O00105436,Damaged Item,2024-06-06
R0005812,O00105453,Size Issue,2025-08-16
R0005813,O00105479,Quality Issue,2025-12-15
R0005814,O00105527,Wrong Item,2024-12-08
R0005815,O00105618,Quality Issue,2026-01-05
R0005816,O00105666,Late Delivery,2025-05-05
R0005817,O00105667,Quality Issue,2025-07-18
R0005818,O00105681,Wrong Item,2023-08-03
R0005819,O00105686,Late Delivery,2025-06-01
R0005820,O00105703,Damaged Item,2025-06-12
R0005821,O00105736,Size Issue,2024-01-12
R0005822,O00105737,Damaged Item,2024-11-19
R0005823,O00105755,Changed Mind,2026-01-01
R0005824,O00105797,Size Issue,2026-01-13
R0005825,O00105857,Quality Issue,2025-05-15
R0005826,O00105889,Quality Issue,2024-02-11
R0005827,O00105902,Changed Mind,2024-05-03
R0005828,O00105914,Changed Mind,2024-12-08
R0005829,O00105926,Wrong Item,2025-02-18
R0005830,O00105955,Damaged Item,2026-01-27
R0005831,O00105990,Damaged Item,2025-05-25
R0005832,O00105994,Damaged Item,2026-01-01
R0005833,O00106064,Quality Issue,2024-01-19
R0005834,O00106072,Damaged Item,2024-12-06
R0005835,O00106078,Damaged Item,2025-01-12
R0005836,O00106095,Wrong Item,2025-12-20
R0005837,O00106099,Wrong Item,2025-01-17
R0005838,O00106113,Changed Mind,2023-12-18
R0005839,O00106133,Late Delivery,2026-01-05
R0005840,O00106134,Changed Mind,2026-01-30
R0005841,O00106141,Wrong Item,2024-03-18
R0005842,O00106155,Wrong Item,2026-01-19
R0005843,O00106177,Quality Issue,2025-11-21
R0005844,O00106194,Quality Issue,2026-01-09
R0005845,O00106203,Late Delivery,2025-10-08
R0005846,O00106212,Damaged Item,2024-08-21
R0005847,O00106244,Late Delivery,2025-12-19
R0005848,O00106255,Damaged Item,2025-12-09
R0005849,O00106273,Wrong Item,2025-01-16
R0005850,O00106344,Wrong Item,2026-01-02
R0005851,O00106370,Quality Issue,2025-12-14
R0005852,O00106385,Size Issue,2025-03-01
R0005853,O00106400,Wrong Item,2024-12-01
R0005854,O00106403,Quality Issue,2025-01-21
R0005855,O00106443,Wrong Item,2025-01-04
R0005856,O00106457,Changed Mind,2026-01-02
R0005857,O00106472,Damaged Item,2025-07-27
R0005858,O00106489,Quality Issue,2025-12-01
R0005859,O00106511,Late Delivery,2025-07-09
R0005860,O00106633,Changed Mind,2025-11-30
R0005861,O00106686,Damaged Item,2023-12-04
R0005862,O00106734,Changed Mind,2024-01-20
R0005863,O00106752,Size Issue,2025-10-16
R0005864,O00106797,Quality Issue,2024-07-18
R0005865,O00106805,Changed Mind,2025-05-02
R0005866,O00106832,Wrong Item,2024-01-09
R0005867,O00106834,Size Issue,2024-07-01
R0005868,O00106844,Wrong Item,2025-09-12
R0005869,O00106861,Quality Issue,2024-08-14
R0005870,O00106869,Late Delivery,2025-11-30
R0005871,O00106872,Quality Issue,2025-11-07
R0005872,O00106873,Size Issue,2026-01-16
R0005873,O00106877,Changed Mind,2025-08-01
R0005874,O00106894,Wrong Item,2025-12-03
R0005875,O00106936,Damaged Item,2025-11-27
R0005876,O00106941,Damaged Item,2026-01-09
R0005877,O00106950,Damaged Item,2026-01-07
R0005878,O00106972,Damaged Item,2024-09-15
R0005879,O00107012,Quality Issue,2025-11-25
R0005880,O00107016,Size Issue,2023-05-24
R0005881,O00107028,Quality Issue,2024-11-08
R0005882,O00107052,Late Delivery,2025-11-21
R0005883,O00107095,Changed Mind,2025-04-29
R0005884,O00107131,Changed Mind,2023-07-12
R0005885,O00107141,Changed Mind,2025-04-08
R0005886,O00107150,Quality Issue,2025-10-14
R0005887,O00107178,Changed Mind,2023-05-13
R0005888,O00107183,Damaged Item,2024-03-22
R0005889,O00107212,Quality Issue,2026-01-18
R0005890,O00107213,Late Delivery,2025-05-04
R0005891,O00107214,Size Issue,2024-03-09
R0005892,O00107215,Late Delivery,2024-11-03
R0005893,O00107217,Wrong Item,2025-09-29
R0005894,O00107218,Late Delivery,2025-07-20
R0005895,O00107231,Wrong Item,2024-01-18
R0005896,O00107249,Quality Issue,2026-01-09
R0005897,O00107288,Size Issue,2025-10-27
R0005898,O00107293,Damaged Item,2024-09-30
R0005899,O00107313,Quality Issue,2024-08-04
R0005900,O00107317,Size Issue,2025-02-27
R0005901,O00107320,Quality Issue,2025-11-24
R0005902,O00107321,Quality Issue,2023-07-06
R0005903,O00107332,Quality Issue,2024-07-14
R0005904,O00107353,Wrong Item,2025-05-07
R0005905,O00107375,Damaged Item,2025-10-10
R0005906,O00107382,Wrong Item,2024-09-28
R0005907,O00107391,Late Delivery,2025-10-13
R0005908,O00107468,Damaged Item,2025-02-19
R0005909,O00107495,Damaged Item,2026-01-02
R0005910,O00107527,Late Delivery,2025-07-20
R0005911,O00107539,Late Delivery,2024-12-16
R0005912,O00107553,Late Delivery,2025-09-25
R0005913,O00107567,Quality Issue,2025-11-23
R0005914,O00107582,Damaged Item,2025-04-29
R0005915,O00107632,Changed Mind,2023-08-16
R0005916,O00107669,Quality Issue,2025-04-30
R0005917,O00107695,Late Delivery,2023-09-04
R0005918,O00107696,Wrong Item,2024-08-10
R0005919,O00107742,Wrong Item,2024-02-19
R0005920,O00107743,Late Delivery,2024-04-27
R0005921,O00107745,Quality Issue,2024-05-31
R0005922,O00107793,Damaged Item,2025-10-17
R0005923,O00107803,Damaged Item,2026-01-14
R0005924,O00107840,Late Delivery,2025-09-27
R0005925,O00107849,Late Delivery,2025-12-27
R0005926,O00107860,Quality Issue,2025-08-07
R0005927,O00107863,Wrong Item,2023-08-29
R0005928,O00107884,Damaged Item,2025-02-01
R0005929,O00107919,Changed Mind,2025-12-20
R0005930,O00107956,Quality Issue,2025-11-19
R0005931,O00107959,Wrong Item,2025-11-21
R0005932,O00107970,Wrong Item,2025-09-25
R0005933,O00107972,Wrong Item,2025-11-02
R0005934,O00108015,Wrong Item,2025-08-29
R0005935,O00108022,Size Issue,2026-01-09
R0005936,O00108023,Damaged Item,2023-12-05
R0005937,O00108031,Quality Issue,2025-08-18
R0005938,O00108077,Damaged Item,2025-08-11
R0005939,O00108084,Size Issue,2023-12-31
R0005940,O00108087,Damaged Item,2024-03-22
R0005941,O00108119,Damaged Item,2023-12-26
R0005942,O00108132,Damaged Item,2025-12-26
R0005943,O00108141,Changed Mind,2025-05-19
R0005944,O00108158,Size Issue,2025-08-09
R0005945,O00108195,Damaged Item,2025-10-18
R0005946,O00108199,Quality Issue,2025-11-29
R0005947,O00108242,Quality Issue,2025-07-01
R0005948,O00108274,Changed Mind,2025-03-16
R0005949,O00108285,Late Delivery,2025-12-26
R0005950,O00108289,Size Issue,2025-11-19
R0005951,O00108296,Late Delivery,2026-01-06
R0005952,O00108302,Wrong Item,2025-03-14
R0005953,O00108303,Quality Issue,2025-03-30
R0005954,O00108309,Late Delivery,2026-01-05
R0005955,O00108327,Late Delivery,2025-06-21
R0005956,O00108334,Late Delivery,2024-04-15
R0005957,O00108342,Size Issue,2025-11-23
R0005958,O00108362,Quality Issue,2025-12-27
R0005959,O00108376,Changed Mind,2025-10-03
R0005960,O00108398,Quality Issue,2026-01-15
R0005961,O00108460,Quality Issue,2025-01-20
R0005962,O00108477,Wrong Item,2024-12-28
R0005963,O00108530,Size Issue,2024-04-16
R0005964,O00108547,Changed Mind,2024-08-04
R0005965,O00108557,Wrong Item,2025-09-14
R0005966,O00108563,Size Issue,2025-01-04
R0005967,O00108566,Quality Issue,2025-11-27
R0005968,O00108568,Size Issue,2025-01-31
R0005969,O00108573,Changed Mind,2024-06-21
R0005970,O00108582,Changed Mind,2025-12-26
R0005971,O00108597,Late Delivery,2025-09-22
R0005972,O00108613,Damaged Item,2025-09-06
R0005973,O00108624,Size Issue,2023-09-16
R0005974,O00108660,Changed Mind,2025-01-04
R0005975,O00108664,Wrong Item,2025-05-03
R0005976,O00108672,Size Issue,2024-09-30
R0005977,O00108674,Size Issue,2025-03-01
R0005978,O00108689,Quality Issue,2024-07-01
R0005979,O00108697,Quality Issue,2025-01-07
R0005980,O00108733,Quality Issue,2024-10-27
R0005981,O00108785,Late Delivery,2025-12-26
R0005982,O00108791,Wrong Item,2023-12-02
R0005983,O00108792,Wrong Item,2024-01-03
R0005984,O00108793,Wrong Item,2024-01-02
R0005985,O00108802,Damaged Item,2024-06-28
R0005986,O00108816,Size Issue,2025-06-12
R0005987,O00108827,Size Issue,2025-07-12
R0005988,O00108831,Quality Issue,2025-09-10
R0005989,O00108865,Wrong Item,2024-10-26
R0005990,O00108889,Wrong Item,2025-05-05
R0005991,O00108909,Damaged Item,2024-11-10
R0005992,O00108920,Changed Mind,2024-02-27
R0005993,O00108933,Wrong Item,2023-11-03
R0005994,O00108934,Quality Issue,2024-01-08
R0005995,O00108935,Wrong Item,2023-12-24
R0005996,O00108950,Size Issue,2025-11-13
R0005997,O00108979,Changed Mind,2024-10-08
R0005998,O00109016,Wrong Item,2025-11-23
R0005999,O00109026,Quality Issue,2025-12-17
R0006000,O00109050,Late Delivery,2025-10-26
R0006001,O00109068,Changed Mind,2025-11-25
R0006002,O00109078,Damaged Item,2025-09-20
R0006003,O00109115,Damaged Item,2025-12-28
R0006004,O00109128,Wrong Item,2024-12-12
R0006005,O00109159,Size Issue,2025-07-29
R0006006,O00109161,Size Issue,2025-12-15
R0006007,O00109170,Late Delivery,2025-12-31
R0006008,O00109200,Size Issue,2025-04-26
R0006009,O00109201,Changed Mind,2026-01-17
R0006010,O00109207,Size Issue,2025-04-29
R0006011,O00109216,Size Issue,2023-11-17
R0006012,O00109296,Late Delivery,2025-06-03
R0006013,O00109306,Changed Mind,2026-01-18
R0006014,O00109348,Wrong Item,2025-06-15
R0006015,O00109350,Size Issue,2025-10-05
R0006016,O00109360,Quality Issue,2025-11-25
R0006017,O00109382,Size Issue,2024-05-19
R0006018,O00109413,Wrong Item,2024-02-26
R0006019,O00109433,Size Issue,2024-08-11
R0006020,O00109440,Changed Mind,2025-12-23
R0006021,O00109448,Size Issue,2024-09-05
R0006022,O00109485,Damaged Item,2024-10-21
R0006023,O00109558,Size Issue,2025-10-02
R0006024,O00109559,Damaged Item,2025-09-29
R0006025,O00109588,Quality Issue,2025-03-07
R0006026,O00109589,Wrong Item,2025-03-24
R0006027,O00109601,Wrong Item,2025-05-05
R0006028,O00109613,Late Delivery,2026-01-12
R0006029,O00109631,Size Issue,2025-12-09
R0006030,O00109636,Wrong Item,2023-10-22
R0006031,O00109643,Damaged Item,2024-10-08
R0006032,O00109646,Wrong Item,2025-03-28
R0006033,O00109656,Damaged Item,2024-07-22
R0006034,O00109666,Wrong Item,2023-03-03
R0006035,O00109713,Damaged Item,2026-01-17
R0006036,O00109717,Quality Issue,2025-10-15
R0006037,O00109755,Size Issue,2026-01-24
R0006038,O00109828,Late Delivery,2025-03-22
R0006039,O00109835,Late Delivery,2024-12-28
R0006040,O00109878,Wrong Item,2024-08-27
R0006041,O00109883,Quality Issue,2025-09-07
R0006042,O00109887,Damaged Item,2025-12-22
R0006043,O00109888,Changed Mind,2025-05-06
R0006044,O00109909,Damaged Item,2025-09-20
R0006045,O00109914,Changed Mind,2023-12-04
R0006046,O00109915,Quality Issue,2025-07-01
R0006047,O00109917,Late Delivery,2023-10-03
R0006048,O00109937,Quality Issue,2025-07-26
R0006049,O00109982,Late Delivery,2025-11-28
R0006050,O00110031,Quality Issue,2025-12-11
R0006051,O00110051,Size Issue,2026-01-25
R0006052,O00110062,Size Issue,2025-09-28
R0006053,O00110079,Size Issue,2025-09-20
R0006054,O00110090,Wrong Item,2026-01-13
R0006055,O00110105,Size Issue,2023-12-28
R0006056,O00110115,Wrong Item,2024-10-15
R0006057,O00110122,Quality Issue,2025-06-28
R0006058,O00110165,Wrong Item,2024-04-28
R0006059,O00110176,Changed Mind,2025-02-28
R0006060,O00110195,Wrong Item,2025-03-21
R0006061,O00110244,Quality Issue,2025-05-29
R0006062,O00110276,Changed Mind,2025-12-15
R0006063,O00110311,Changed Mind,2025-07-04
R0006064,O00110314,Damaged Item,2025-08-07
R0006065,O00110326,Quality Issue,2025-11-18
R0006066,O00110364,Size Issue,2024-01-11
R0006067,O00110416,Damaged Item,2025-12-28
R0006068,O00110421,Wrong Item,2024-10-10
R0006069,O00110437,Quality Issue,2024-12-30
R0006070,O00110467,Quality Issue,2025-12-31
R0006071,O00110478,Damaged Item,2024-07-14
R0006072,O00110497,Late Delivery,2025-06-19
R0006073,O00110525,Damaged Item,2025-09-09
R0006074,O00110533,Wrong Item,2025-12-24
R0006075,O00110558,Size Issue,2025-07-13
R0006076,O00110573,Quality Issue,2025-03-07
R0006077,O00110583,Size Issue,2024-04-28
R0006078,O00110635,Changed Mind,2024-12-05
R0006079,O00110640,Changed Mind,2025-02-18
R0006080,O00110670,Quality Issue,2025-01-03
R0006081,O00110704,Changed Mind,2025-08-05
R0006082,O00110706,Quality Issue,2025-08-08
R0006083,O00110714,Wrong Item,2025-12-26
R0006084,O00110742,Quality Issue,2025-07-03
R0006085,O00110756,Size Issue,2023-10-09
R0006086,O00110810,Late Delivery,2024-06-27
R0006087,O00110813,Late Delivery,2025-12-19
R0006088,O00110822,Wrong Item,2024-09-22
R0006089,O00110861,Wrong Item,2025-02-19
R0006090,O00110892,Size Issue,2025-10-14
R0006091,O00110895,Wrong Item,2025-12-30
R0006092,O00110918,Quality Issue,2025-12-20
R0006093,O00110952,Late Delivery,2025-08-18
R0006094,O00110972,Damaged Item,2025-11-11
R0006095,O00110984,Wrong Item,2025-09-10
R0006096,O00110989,Late Delivery,2024-12-30
R0006097,O00111007,Quality Issue,2025-07-07
R0006098,O00111030,Quality Issue,2025-03-20
R0006099,O00111035,Changed Mind,2026-01-07
R0006100,O00111063,Size Issue,2023-09-24
R0006101,O00111114,Quality Issue,2025-09-03
R0006102,O00111120,Size Issue,2025-10-25
R0006103,O00111179,Changed Mind,2025-01-04
R0006104,O00111195,Quality Issue,2024-04-07
R0006105,O00111196,Damaged Item,2024-06-14
R0006106,O00111201,Changed Mind,2024-12-12
R0006107,O00111221,Damaged Item,2023-12-27
R0006108,O00111241,Damaged Item,2023-12-26
R0006109,O00111263,Damaged Item,2025-06-03
R0006110,O00111276,Wrong Item,2025-07-28
R0006111,O00111299,Quality Issue,2023-10-31
R0006112,O00111300,Damaged Item,2024-09-15
R0006113,O00111303,Size Issue,2025-02-18
R0006114,O00111314,Late Delivery,2023-12-19
R0006115,O00111339,Quality Issue,2025-06-07
R0006116,O00111432,Late Delivery,2024-09-21
R0006117,O00111450,Quality Issue,2025-09-24
R0006118,O00111494,Damaged Item,2025-12-12
R0006119,O00111495,Wrong Item,2026-01-06
R0006120,O00111505,Changed Mind,2025-04-19
R0006121,O00111506,Wrong Item,2025-12-10
R0006122,O00111533,Size Issue,2023-11-05
R0006123,O00111540,Wrong Item,2024-12-17
R0006124,O00111557,Damaged Item,2025-09-02
R0006125,O00111558,Quality Issue,2025-10-22
R0006126,O00111576,Damaged Item,2024-05-10
R0006127,O00111581,Size Issue,2025-03-21
R0006128,O00111607,Wrong Item,2025-12-05
R0006129,O00111618,Damaged Item,2023-11-11
R0006130,O00111640,Size Issue,2025-01-28
R0006131,O00111658,Damaged Item,2025-11-10
R0006132,O00111659,Damaged Item,2025-12-14
R0006133,O00111667,Late Delivery,2025-12-09
R0006134,O00111684,Quality Issue,2023-08-10
R0006135,O00111716,Wrong Item,2024-04-23
R0006136,O00111720,Quality Issue,2025-05-31
R0006137,O00111807,Late Delivery,2025-11-20
R0006138,O00111993,Damaged Item,2025-03-27
R0006139,O00111999,Quality Issue,2025-09-23
R0006140,O00112027,Size Issue,2025-08-13
R0006141,O00112033,Late Delivery,2023-10-08
R0006142,O00112034,Wrong Item,2024-05-22
R0006143,O00112056,Late Delivery,2023-11-10
R0006144,O00112058,Damaged Item,2025-01-20
R0006145,O00112068,Quality Issue,2024-03-13
R0006146,O00112074,Size Issue,2024-12-12
R0006147,O00112092,Quality Issue,2025-11-26
R0006148,O00112128,Late Delivery,2025-04-10
R0006149,O00112129,Changed Mind,2025-04-03
R0006150,O00112133,Size Issue,2025-06-15
R0006151,O00112137,Late Delivery,2025-11-01
R0006152,O00112142,Quality Issue,2025-12-20
R0006153,O00112171,Quality Issue,2025-03-01
R0006154,O00112180,Damaged Item,2025-10-05
R0006155,O00112198,Quality Issue,2023-11-30
R0006156,O00112212,Quality Issue,2025-06-24
R0006157,O00112217,Quality Issue,2025-12-03
R0006158,O00112226,Size Issue,2025-11-05
R0006159,O00112247,Damaged Item,2025-05-31
R0006160,O00112263,Wrong Item,2025-08-14
R0006161,O00112295,Changed Mind,2024-06-24
R0006162,O00112304,Wrong Item,2025-08-26
R0006163,O00112312,Damaged Item,2025-05-27
R0006164,O00112314,Changed Mind,2025-07-24
R0006165,O00112325,Size Issue,2026-01-09
R0006166,O00112332,Changed Mind,2025-08-16
R0006167,O00112356,Changed Mind,2025-10-27
R0006168,O00112444,Quality Issue,2025-10-10
R0006169,O00112480,Late Delivery,2024-12-31
R0006170,O00112502,Changed Mind,2025-01-04
R0006171,O00112520,Size Issue,2025-09-26
R0006172,O00112529,Late Delivery,2025-01-02
R0006173,O00112546,Size Issue,2025-02-03
R0006174,O00112568,Wrong Item,2024-04-04
R0006175,O00112580,Late Delivery,2024-06-20
R0006176,O00112592,Damaged Item,2024-12-21
R0006177,O00112608,Quality Issue,2025-12-22
R0006178,O00112663,Damaged Item,2024-12-05
R0006179,O00112678,Wrong Item,2025-11-12
R0006180,O00112706,Late Delivery,2025-06-29
R0006181,O00112719,Size Issue,2025-12-16
R0006182,O00112728,Wrong Item,2024-07-26
R0006183,O00112730,Size Issue,2024-12-20
R0006184,O00112742,Damaged Item,2025-10-03
R0006185,O00112748,Damaged Item,2025-12-20
R0006186,O00112772,Changed Mind,2025-09-19
R0006187,O00112780,Changed Mind,2025-10-16
R0006188,O00112788,Quality Issue,2024-03-06
R0006189,O00112819,Quality Issue,2025-07-14
R0006190,O00112824,Late Delivery,2024-12-25
R0006191,O00112838,Size Issue,2024-04-11
R0006192,O00112841,Quality Issue,2025-10-23
R0006193,O00112861,Quality Issue,2023-06-12
R0006194,O00112905,Size Issue,2025-03-09
R0006195,O00112923,Late Delivery,2024-10-30
R0006196,O00112932,Damaged Item,2025-12-24
R0006197,O00112952,Changed Mind,2024-04-24
R0006198,O00112972,Late Delivery,2024-06-09
R0006199,O00112984,Wrong Item,2026-01-03
R0006200,O00112986,Changed Mind,2023-12-14
R0006201,O00112990,Changed Mind,2025-08-10
R0006202,O00112997,Quality Issue,2025-11-24
R0006203,O00113003,Size Issue,2025-09-22
R0006204,O00113018,Size Issue,2025-10-03
R0006205,O00113063,Wrong Item,2024-10-26
R0006206,O00113071,Size Issue,2025-08-21
R0006207,O00113101,Wrong Item,2025-11-26
R0006208,O00113109,Size Issue,2025-11-09
R0006209,O00113110,Size Issue,2025-10-31
R0006210,O00113202,Wrong Item,2025-09-05
R0006211,O00113226,Late Delivery,2025-08-18
R0006212,O00113232,Wrong Item,2023-08-29
R0006213,O00113247,Quality Issue,2024-12-22
R0006214,O00113261,Quality Issue,2026-01-05
R0006215,O00113270,Quality Issue,2025-07-06
R0006216,O00113327,Damaged Item,2025-07-19
R0006217,O00113360,Changed Mind,2025-02-26
R0006218,O00113377,Late Delivery,2024-12-18
R0006219,O00113393,Changed Mind,2024-05-05
R0006220,O00113404,Damaged Item,2024-11-15
R0006221,O00113429,Damaged Item,2025-11-09
R0006222,O00113487,Size Issue,2024-04-03
R0006223,O00113494,Quality Issue,2025-02-20
R0006224,O00113498,Size Issue,2024-10-11
R0006225,O00113499,Quality Issue,2025-10-19
R0006226,O00113512,Quality Issue,2026-01-04
R0006227,O00113521,Wrong Item,2023-07-12
R0006228,O00113539,Size Issue,2025-10-07
R0006229,O00113564,Wrong Item,2025-12-21
R0006230,O00113573,Changed Mind,2024-07-23
R0006231,O00113577,Quality Issue,2025-01-25
R0006232,O00113590,Size Issue,2026-01-04
R0006233,O00113600,Quality Issue,2023-04-29
R0006234,O00113613,Quality Issue,2024-08-16
R0006235,O00113632,Quality Issue,2025-12-12
R0006236,O00113651,Size Issue,2025-06-01
R0006237,O00113658,Damaged Item,2025-07-03
R0006238,O00113659,Changed Mind,2025-07-17
R0006239,O00113674,Late Delivery,2025-05-20
R0006240,O00113688,Size Issue,2025-07-08
R0006241,O00113706,Changed Mind,2025-08-09
R0006242,O00113710,Damaged Item,2026-01-11
R0006243,O00113730,Late Delivery,2024-12-13
R0006244,O00113737,Changed Mind,2025-10-11
R0006245,O00113749,Size Issue,2025-11-18
R0006246,O00113761,Damaged Item,2025-01-03
R0006247,O00113778,Damaged Item,2025-06-02
R0006248,O00113783,Wrong Item,2025-11-05
R0006249,O00113786,Changed Mind,2026-01-01
R0006250,O00113823,Damaged Item,2025-12-06
R0006251,O00113856,Quality Issue,2025-12-18
R0006252,O00113866,Wrong Item,2025-01-10
R0006253,O00113872,Changed Mind,2024-11-29
R0006254,O00113903,Size Issue,2025-01-25
R0006255,O00113917,Damaged Item,2023-10-05
R0006256,O00113935,Late Delivery,2025-04-08
R0006257,O00113941,Damaged Item,2025-11-25
R0006258,O00113943,Size Issue,2025-12-01
R0006259,O00113953,Changed Mind,2025-12-26
R0006260,O00113969,Damaged Item,2025-03-04
R0006261,O00113999,Quality Issue,2026-01-02
R0006262,O00114000,Quality Issue,2025-06-17
R0006263,O00114001,Size Issue,2025-09-20
R0006264,O00114013,Quality Issue,2025-09-30
R0006265,O00114045,Late Delivery,2025-10-03
R0006266,O00114046,Changed Mind,2025-11-12
R0006267,O00114078,Quality Issue,2026-01-01
R0006268,O00114084,Damaged Item,2025-07-05
R0006269,O00114306,Wrong Item,2025-10-28
R0006270,O00114315,Quality Issue,2025-09-26
R0006271,O00114362,Changed Mind,2023-06-14
R0006272,O00114381,Damaged Item,2025-11-26
R0006273,O00114404,Late Delivery,2025-09-15
R0006274,O00114407,Size Issue,2025-11-06
R0006275,O00114415,Quality Issue,2024-08-06
R0006276,O00114432,Quality Issue,2024-01-10
R0006277,O00114450,Size Issue,2025-12-19
R0006278,O00114461,Quality Issue,2025-12-16
R0006279,O00114471,Quality Issue,2024-10-28
R0006280,O00114477,Wrong Item,2025-10-26
R0006281,O00114482,Late Delivery,2023-11-09
R0006282,O00114493,Size Issue,2025-06-06
R0006283,O00114499,Damaged Item,2024-04-03
R0006284,O00114529,Damaged Item,2025-07-28
R0006285,O00114610,Size Issue,2025-12-18
R0006286,O00114615,Changed Mind,2026-01-22
R0006287,O00114647,Changed Mind,2025-03-24
R0006288,O00114659,Quality Issue,2026-01-23
R0006289,O00114662,Damaged Item,2023-07-13
R0006290,O00114673,Damaged Item,2025-02-03
R0006291,O00114682,Changed Mind,2025-06-30
R0006292,O00114733,Quality Issue,2026-01-21
R0006293,O00114805,Quality Issue,2024-07-12
R0006294,O00114830,Late Delivery,2024-03-21
R0006295,O00114832,Wrong Item,2024-09-25
R0006296,O00114874,Wrong Item,2025-08-27
R0006297,O00114907,Changed Mind,2024-08-30
R0006298,O00114916,Quality Issue,2025-11-15
R0006299,O00114920,Late Delivery,2024-06-17
R0006300,O00114928,Size Issue,2025-04-25
R0006301,O00114942,Quality Issue,2025-05-20
R0006302,O00114948,Quality Issue,2024-10-12
R0006303,O00114965,Quality Issue,2024-09-19
R0006304,O00114975,Changed Mind,2024-09-16
R0006305,O00114999,Late Delivery,2025-12-09
R0006306,O00115000,Damaged Item,2025-12-25
R0006307,O00115007,Quality Issue,2024-12-26
R0006308,O00115009,Size Issue,2025-03-12
R0006309,O00115018,Damaged Item,2025-01-20
R0006310,O00115055,Wrong Item,2024-12-03
R0006311,O00115085,Late Delivery,2025-01-24
R0006312,O00115099,Quality Issue,2025-06-30
R0006313,O00115112,Damaged Item,2025-11-04
R0006314,O00115126,Changed Mind,2025-08-06
R0006315,O00115131,Late Delivery,2025-05-21
R0006316,O00115141,Late Delivery,2024-10-12
R0006317,O00115142,Quality Issue,2024-11-25
R0006318,O00115152,Quality Issue,2025-06-22
R0006319,O00115175,Damaged Item,2025-09-20
R0006320,O00115231,Quality Issue,2025-10-24
R0006321,O00115233,Damaged Item,2024-09-12
R0006322,O00115246,Quality Issue,2023-10-12
R0006323,O00115279,Damaged Item,2023-12-28
R0006324,O00115302,Damaged Item,2023-12-11
R0006325,O00115318,Damaged Item,2024-07-22
R0006326,O00115336,Wrong Item,2025-02-28
R0006327,O00115345,Quality Issue,2024-01-02
R0006328,O00115354,Quality Issue,2024-11-29
R0006329,O00115385,Changed Mind,2025-12-13
R0006330,O00115386,Late Delivery,2025-12-09
R0006331,O00115392,Late Delivery,2025-09-07
R0006332,O00115400,Size Issue,2024-12-30
R0006333,O00115403,Size Issue,2025-06-11
R0006334,O00115423,Quality Issue,2025-12-06
R0006335,O00115429,Damaged Item,2024-06-11
R0006336,O00115445,Quality Issue,2024-05-25
R0006337,O00115461,Size Issue,2024-07-31
R0006338,O00115523,Damaged Item,2025-09-10
R0006339,O00115542,Damaged Item,2025-04-28
R0006340,O00115547,Size Issue,2025-07-20
R0006341,O00115576,Size Issue,2025-09-20
R0006342,O00115597,Wrong Item,2024-08-08
R0006343,O00115605,Damaged Item,2025-08-31
R0006344,O00115610,Size Issue,2025-02-23
R0006345,O00115648,Size Issue,2024-09-23
R0006346,O00115649,Wrong Item,2024-12-19
R0006347,O00115683,Damaged Item,2025-10-19
R0006348,O00115705,Wrong Item,2024-09-17
R0006349,O00115713,Quality Issue,2025-03-13
R0006350,O00115779,Quality Issue,2025-12-15
R0006351,O00115823,Damaged Item,2025-10-20
R0006352,O00115828,Damaged Item,2025-07-19
R0006353,O00115871,Size Issue,2024-12-19
R0006354,O00115880,Changed Mind,2025-07-24
R0006355,O00115923,Changed Mind,2025-11-26
R0006356,O00115933,Damaged Item,2025-12-03
R0006357,O00115958,Wrong Item,2025-06-09
R0006358,O00115959,Quality Issue,2025-07-02
R0006359,O00116011,Wrong Item,2025-12-02
R0006360,O00116037,Late Delivery,2025-08-12
R0006361,O00116041,Size Issue,2025-12-02
R0006362,O00116046,Late Delivery,2024-04-21
R0006363,O00116057,Quality Issue,2025-05-17
R0006364,O00116071,Wrong Item,2024-07-21
R0006365,O00116073,Quality Issue,2025-07-04
R0006366,O00116137,Late Delivery,2024-09-04
R0006367,O00116147,Damaged Item,2024-03-17
R0006368,O00116155,Damaged Item,2025-11-21
R0006369,O00116160,Changed Mind,2025-05-30
R0006370,O00116167,Size Issue,2025-05-07
R0006371,O00116183,Wrong Item,2024-07-20
R0006372,O00116190,Changed Mind,2025-05-16
R0006373,O00116192,Size Issue,2025-05-16
R0006374,O00116307,Changed Mind,2025-10-14
R0006375,O00116360,Wrong Item,2025-11-04
R0006376,O00116385,Size Issue,2025-02-03
R0006377,O00116402,Size Issue,2024-03-05
R0006378,O00116409,Changed Mind,2025-10-15
R0006379,O00116429,Size Issue,2025-12-15
R0006380,O00116431,Changed Mind,2024-05-05
R0006381,O00116432,Wrong Item,2025-03-11
R0006382,O00116450,Wrong Item,2025-12-13
R0006383,O00116456,Changed Mind,2025-06-09
R0006384,O00116466,Wrong Item,2025-12-27
R0006385,O00116481,Changed Mind,2023-06-03
R0006386,O00116495,Quality Issue,2025-11-11
R0006387,O00116500,Late Delivery,2025-12-08
R0006388,O00116521,Changed Mind,2025-09-01
R0006389,O00116530,Quality Issue,2025-01-20
R0006390,O00116583,Late Delivery,2024-11-24
R0006391,O00116585,Size Issue,2025-06-20
R0006392,O00116595,Wrong Item,2025-01-27
R0006393,O00116606,Wrong Item,2025-08-17
R0006394,O00116627,Changed Mind,2025-12-21
R0006395,O00116642,Size Issue,2024-08-08
R0006396,O00116660,Size Issue,2024-03-23
R0006397,O00116695,Damaged Item,2024-12-01
R0006398,O00116703,Changed Mind,2025-09-18
R0006399,O00116764,Size Issue,2025-05-02
R0006400,O00116766,Late Delivery,2025-11-22
R0006401,O00116772,Damaged Item,2025-10-08
R0006402,O00116779,Size Issue,2026-01-01
R0006403,O00116780,Damaged Item,2026-01-13
R0006404,O00116792,Size Issue,2025-05-03
R0006405,O00116859,Quality Issue,2026-01-03
R0006406,O00116901,Size Issue,2025-06-22
R0006407,O00116929,Damaged Item,2025-12-23
R0006408,O00116932,Damaged Item,2024-08-18
R0006409,O00116934,Damaged Item,2025-04-09
R0006410,O00116943,Damaged Item,2025-10-17
R0006411,O00116955,Quality Issue,2025-06-12
R0006412,O00116959,Quality Issue,2025-01-27
R0006413,O00116960,Wrong Item,2026-01-01
R0006414,O00116979,Changed Mind,2025-01-01
R0006415,O00116983,Damaged Item,2024-04-03
R0006416,O00117023,Quality Issue,2025-07-31
R0006417,O00117066,Wrong Item,2024-11-23
R0006418,O00117076,Wrong Item,2025-04-18
R0006419,O00117099,Quality Issue,2025-06-28
R0006420,O00117101,Quality Issue,2024-05-31
R0006421,O00117133,Wrong Item,2025-11-25
R0006422,O00117144,Late Delivery,2026-01-21
R0006423,O00117164,Late Delivery,2024-06-27
R0006424,O00117172,Late Delivery,2024-12-11
R0006425,O00117213,Damaged Item,2026-01-29
R0006426,O00117249,Quality Issue,2023-10-20
R0006427,O00117253,Changed Mind,2024-03-05
R0006428,O00117268,Quality Issue,2025-06-12
R0006429,O00117283,Quality Issue,2025-05-20
R0006430,O00117295,Size Issue,2025-11-24
R0006431,O00117304,Late Delivery,2025-09-12
R0006432,O00117363,Wrong Item,2025-10-16
R0006433,O00117376,Damaged Item,2025-11-24
R0006434,O00117382,Quality Issue,2024-09-11
R0006435,O00117426,Size Issue,2024-03-07
R0006436,O00117467,Damaged Item,2024-09-20
R0006437,O00117471,Quality Issue,2025-03-16
R0006438,O00117474,Quality Issue,2025-11-07
R0006439,O00117520,Wrong Item,2026-01-09
R0006440,O00117523,Late Delivery,2024-02-11
R0006441,O00117537,Quality Issue,2023-11-23
R0006442,O00117541,Size Issue,2025-08-15
R0006443,O00117546,Quality Issue,2023-12-10
R0006444,O00117564,Damaged Item,2025-12-04
R0006445,O00117566,Wrong Item,2024-01-13
R0006446,O00117571,Wrong Item,2025-09-18
R0006447,O00117586,Size Issue,2025-10-14
R0006448,O00117602,Late Delivery,2025-06-13
R0006449,O00117642,Late Delivery,2024-09-23
R0006450,O00117651,Late Delivery,2025-06-28
R0006451,O00117681,Wrong Item,2024-11-07
R0006452,O00117688,Changed Mind,2025-04-18
R0006453,O00117704,Damaged Item,2025-02-07
R0006454,O00117715,Wrong Item,2025-08-06
R0006455,O00117731,Quality Issue,2025-04-16
R0006456,O00117792,Changed Mind,2026-01-05
R0006457,O00117845,Changed Mind,2025-06-02
R0006458,O00117872,Quality Issue,2023-06-19
R0006459,O00117931,Late Delivery,2025-04-22
R0006460,O00117959,Late Delivery,2023-11-30
R0006461,O00117964,Wrong Item,2025-06-09
R0006462,O00117993,Late Delivery,2024-04-10
R0006463,O00117997,Changed Mind,2024-10-09
R0006464,O00118011,Late Delivery,2024-02-25
R0006465,O00118033,Damaged Item,2025-12-10
R0006466,O00118034,Wrong Item,2025-12-23
R0006467,O00118058,Wrong Item,2025-09-16
R0006468,O00118104,Late Delivery,2023-11-09
R0006469,O00118115,Quality Issue,2024-12-01
R0006470,O00118123,Quality Issue,2026-01-16
R0006471,O00118136,Late Delivery,2025-06-03
R0006472,O00118163,Changed Mind,2025-08-14
R0006473,O00118167,Wrong Item,2025-10-02
R0006474,O00118190,Late Delivery,2025-02-11
R0006475,O00118234,Changed Mind,2024-10-14
R0006476,O00118245,Late Delivery,2025-12-08
R0006477,O00118248,Changed Mind,2026-01-11
R0006478,O00118249,Wrong Item,2023-12-28
R0006479,O00118267,Wrong Item,2025-01-15
R0006480,O00118273,Changed Mind,2025-11-14
R0006481,O00118304,Size Issue,2023-09-07
R0006482,O00118327,Changed Mind,2025-11-09
R0006483,O00118340,Quality Issue,2025-03-22
R0006484,O00118344,Late Delivery,2025-04-26
R0006485,O00118354,Size Issue,2025-12-24
R0006486,O00118361,Wrong Item,2025-08-30
R0006487,O00118388,Late Delivery,2025-03-16
R0006488,O00118397,Wrong Item,2025-02-10
R0006489,O00118400,Quality Issue,2024-08-04
R0006490,O00118445,Late Delivery,2026-01-08
R0006491,O00118461,Changed Mind,2023-11-09
R0006492,O00118496,Wrong Item,2025-09-23
R0006493,O00118580,Quality Issue,2025-12-12
R0006494,O00118583,Damaged Item,2025-12-11
R0006495,O00118585,Late Delivery,2023-09-03
R0006496,O00118593,Damaged Item,2024-09-28
R0006497,O00118608,Damaged Item,2023-03-28
R0006498,O00118637,Size Issue,2025-01-05
R0006499,O00118643,Quality Issue,2025-09-04
R0006500,O00118653,Late Delivery,2024-09-28
R0006501,O00118663,Damaged Item,2025-11-25
R0006502,O00118667,Changed Mind,2026-01-05
R0006503,O00118678,Wrong Item,2023-08-14
R0006504,O00118713,Quality Issue,2025-05-04
R0006505,O00118715,Quality Issue,2025-08-23
R0006506,O00118752,Size Issue,2024-05-01
R0006507,O00118754,Wrong Item,2025-07-11
R0006508,O00118775,Quality Issue,2025-09-19
R0006509,O00118787,Size Issue,2024-03-17
R0006510,O00118798,Damaged Item,2025-04-13
R0006511,O00118819,Wrong Item,2024-02-27
R0006512,O00118836,Size Issue,2026-01-18
R0006513,O00118867,Damaged Item,2025-01-21
R0006514,O00118869,Quality Issue,2025-06-30
R0006515,O00118884,Changed Mind,2025-05-03
R0006516,O00118890,Changed Mind,2024-10-06
R0006517,O00118901,Late Delivery,2025-08-27
R0006518,O00118903,Wrong Item,2025-10-25
R0006519,O00118929,Wrong Item,2025-03-30
R0006520,O00118939,Late Delivery,2024-08-21
R0006521,O00118966,Changed Mind,2025-02-06
R0006522,O00118968,Damaged Item,2025-12-11
R0006523,O00118989,Size Issue,2025-12-01
R0006524,O00118995,Damaged Item,2023-10-09
R0006525,O00119000,Late Delivery,2023-12-04
R0006526,O00119049,Damaged Item,2025-06-14
R0006527,O00119078,Changed Mind,2025-11-23
R0006528,O00119120,Damaged Item,2025-08-03
R0006529,O00119128,Changed Mind,2025-08-04
R0006530,O00119158,Damaged Item,2025-11-29
R0006531,O00119160,Wrong Item,2025-12-08
R0006532,O00119170,Wrong Item,2025-07-14
R0006533,O00119178,Quality Issue,2025-11-15
R0006534,O00119179,Late Delivery,2025-11-30
R0006535,O00119195,Late Delivery,2025-06-23
R0006536,O00119216,Changed Mind,2025-01-30
R0006537,O00119236,Quality Issue,2023-12-05
R0006538,O00119242,Size Issue,2025-04-17
R0006539,O00119272,Wrong Item,2025-06-17
R0006540,O00119292,Size Issue,2023-05-30
R0006541,O00119309,Quality Issue,2025-04-14
R0006542,O00119349,Changed Mind,2025-11-16
R0006543,O00119385,Quality Issue,2025-09-04
R0006544,O00119423,Wrong Item,2025-09-03
R0006545,O00119475,Quality Issue,2025-08-25
R0006546,O00119480,Quality Issue,2025-04-29
R0006547,O00119497,Wrong Item,2026-01-11
R0006548,O00119540,Damaged Item,2023-11-23
R0006549,O00119562,Size Issue,2025-12-17
R0006550,O00119568,Late Delivery,2025-07-14
R0006551,O00119578,Damaged Item,2025-11-05
R0006552,O00119596,Changed Mind,2023-11-13
R0006553,O00119616,Quality Issue,2023-09-12
R0006554,O00119637,Size Issue,2026-01-18
R0006555,O00119690,Quality Issue,2024-06-22
R0006556,O00119709,Late Delivery,2026-01-19
R0006557,O00119722,Quality Issue,2026-01-25
R0006558,O00119725,Damaged Item,2025-06-29
R0006559,O00119736,Quality Issue,2025-10-03
R0006560,O00119739,Quality Issue,2025-02-10
R0006561,O00119819,Changed Mind,2025-01-21
R0006562,O00119840,Wrong Item,2025-06-20
R0006563,O00119846,Size Issue,2025-09-17
R0006564,O00119871,Changed Mind,2024-03-14
R0006565,O00119880,Late Delivery,2025-11-30
R0006566,O00119891,Quality Issue,2025-09-02
R0006567,O00119902,Late Delivery,2024-02-05
R0006568,O00119910,Damaged Item,2025-04-26
R0006569,O00119926,Quality Issue,2023-11-23
R0006570,O00119933,Quality Issue,2025-02-12
R0006571,O00119947,Damaged Item,2025-11-29
R0006572,O00119955,Wrong Item,2025-03-11
R0006573,O00119985,Wrong Item,2025-08-04
R0006574,O00119989,Changed Mind,2024-10-09
R0006575,O00120045,Wrong Item,2023-04-15
R0006576,O00120048,Damaged Item,2023-10-16
R0006577,O00120064,Size Issue,2024-03-15
R0006578,O00120066,Late Delivery,2024-04-13
R0006579,O00120070,Quality Issue,2024-11-20
R0006580,O00120096,Late Delivery,2026-01-15
R0006581,O00120123,Damaged Item,2024-11-28
R0006582,O00120130,Changed Mind,2025-07-05
R0006583,O00120163,Damaged Item,2025-12-22
R0006584,O00120211,Quality Issue,2025-12-12
R0006585,O00120237,Late Delivery,2025-11-26
R0006586,O00120240,Wrong Item,2025-09-18
R0006587,O00120255,Quality Issue,2025-09-24
R0006588,O00120260,Damaged Item,2023-08-12
R0006589,O00120266,Damaged Item,2024-10-31
R0006590,O00120286,Quality Issue,2025-08-14
R0006591,O00120291,Size Issue,2025-05-30
R0006592,O00120320,Late Delivery,2025-09-20
R0006593,O00120335,Quality Issue,2024-05-02
R0006594,O00120391,Late Delivery,2023-06-08
R0006595,O00120399,Size Issue,2023-12-13
R0006596,O00120410,Wrong Item,2025-07-15
R0006597,O00120424,Damaged Item,2025-10-23
R0006598,O00120438,Quality Issue,2024-04-30
R0006599,O00120447,Late Delivery,2024-02-17
R0006600,O00120484,Quality Issue,2025-06-14
R0006601,O00120497,Quality Issue,2023-10-08
R0006602,O00120501,Damaged Item,2024-06-05
R0006603,O00120506,Quality Issue,2025-12-15
R0006604,O00120536,Changed Mind,2024-06-21
R0006605,O00120538,Damaged Item,2025-06-26
R0006606,O00120540,Quality Issue,2026-01-08
R0006607,O00120560,Quality Issue,2025-12-11
R0006608,O00120572,Size Issue,2025-08-22
R0006609,O00120578,Quality Issue,2025-12-16
R0006610,O00120582,Wrong Item,2024-10-20
R0006611,O00120598,Changed Mind,2026-01-17
R0006612,O00120601,Size Issue,2025-09-02
R0006613,O00120602,Size Issue,2024-09-04
R0006614,O00120605,Quality Issue,2024-09-13
R0006615,O00120616,Quality Issue,2024-12-09
R0006616,O00120633,Wrong Item,2025-01-07
R0006617,O00120649,Quality Issue,2024-01-17
R0006618,O00120665,Late Delivery,2025-05-01
R0006619,O00120668,Quality Issue,2025-07-25
R0006620,O00120696,Damaged Item,2024-01-17
R0006621,O00120703,Wrong Item,2025-12-21
R0006622,O00120722,Size Issue,2024-01-14
R0006623,O00120732,Size Issue,2025-02-13
R0006624,O00120741,Quality Issue,2025-05-13
R0006625,O00120752,Late Delivery,2026-01-12
R0006626,O00120764,Quality Issue,2023-06-04
R0006627,O00120787,Wrong Item,2025-12-10
R0006628,O00120849,Size Issue,2026-01-22
R0006629,O00120868,Damaged Item,2025-06-19
R0006630,O00120883,Damaged Item,2024-06-19
R0006631,O00120898,Damaged Item,2024-12-28
R0006632,O00120904,Damaged Item,2026-01-13
R0006633,O00120920,Size Issue,2025-11-01
R0006634,O00120940,Late Delivery,2025-05-29
R0006635,O00120941,Quality Issue,2025-05-25
R0006636,O00120959,Quality Issue,2024-10-23
R0006637,O00121005,Wrong Item,2025-05-23
R0006638,O00121021,Late Delivery,2025-01-05
R0006639,O00121040,Damaged Item,2024-09-17
R0006640,O00121077,Wrong Item,2023-06-21
R0006641,O00121102,Damaged Item,2025-01-04
R0006642,O00121103,Damaged Item,2025-02-15
R0006643,O00121105,Late Delivery,2025-05-06
R0006644,O00121185,Changed Mind,2024-03-23
R0006645,O00121194,Damaged Item,2025-10-02
R0006646,O00121199,Late Delivery,2025-12-27
R0006647,O00121206,Size Issue,2025-01-23
R0006648,O00121211,Late Delivery,2025-09-10
R0006649,O00121224,Damaged Item,2025-12-17
R0006650,O00121339,Damaged Item,2024-09-09
R0006651,O00121368,Changed Mind,2024-07-23
R0006652,O00121379,Size Issue,2025-10-10
R0006653,O00121387,Quality Issue,2025-12-19
R0006654,O00121389,Damaged Item,2024-09-12
R0006655,O00121398,Late Delivery,2025-07-18
R0006656,O00121427,Size Issue,2024-12-23
R0006657,O00121432,Wrong Item,2026-01-07
R0006658,O00121436,Late Delivery,2025-01-14
R0006659,O00121447,Late Delivery,2025-01-18
R0006660,O00121453,Changed Mind,2025-08-27
R0006661,O00121468,Late Delivery,2026-01-08
R0006662,O00121470,Late Delivery,2025-12-03
R0006663,O00121484,Size Issue,2023-02-26
R0006664,O00121506,Damaged Item,2025-06-18
R0006665,O00121516,Damaged Item,2025-04-21
R0006666,O00121524,Wrong Item,2023-03-29
R0006667,O00121537,Damaged Item,2024-01-08
R0006668,O00121554,Late Delivery,2023-08-11
R0006669,O00121560,Damaged Item,2024-12-06
R0006670,O00121561,Wrong Item,2025-01-22
R0006671,O00121562,Changed Mind,2024-02-28
R0006672,O00121579,Damaged Item,2025-12-15
R0006673,O00121581,Size Issue,2025-12-14
R0006674,O00121606,Late Delivery,2025-08-19
R0006675,O00121621,Late Delivery,2025-02-03
R0006676,O00121622,Changed Mind,2025-02-18
R0006677,O00121623,Late Delivery,2025-06-04
R0006678,O00121626,Damaged Item,2025-10-24
R0006679,O00121649,Changed Mind,2023-12-03
R0006680,O00121651,Changed Mind,2024-09-14
R0006681,O00121663,Quality Issue,2025-12-28
R0006682,O00121687,Damaged Item,2025-05-12
R0006683,O00121693,Wrong Item,2025-02-01
R0006684,O00121704,Damaged Item,2025-12-16
R0006685,O00121733,Wrong Item,2025-02-08
R0006686,O00121750,Quality Issue,2025-07-12
R0006687,O00121778,Size Issue,2023-10-21
R0006688,O00121796,Quality Issue,2023-03-22
R0006689,O00121825,Quality Issue,2024-11-16
R0006690,O00121828,Quality Issue,2025-09-19
R0006691,O00121845,Wrong Item,2026-01-02
R0006692,O00121889,Damaged Item,2025-10-28
R0006693,O00121891,Changed Mind,2024-08-22
R0006694,O00121907,Damaged Item,2025-01-24
R0006695,O00121941,Quality Issue,2024-07-18
R0006696,O00121966,Damaged Item,2024-09-19
R0006697,O00121984,Wrong Item,2025-12-17
R0006698,O00122002,Size Issue,2026-01-11
R0006699,O00122055,Damaged Item,2025-09-20
R0006700,O00122059,Changed Mind,2024-10-28
R0006701,O00122063,Wrong Item,2025-06-18
R0006702,O00122083,Quality Issue,2023-07-30
R0006703,O00122085,Wrong Item,2023-11-25
R0006704,O00122087,Wrong Item,2025-01-27
R0006705,O00122092,Late Delivery,2023-07-09
R0006706,O00122100,Wrong Item,2025-03-04
R0006707,O00122134,Wrong Item,2025-12-25
R0006708,O00122146,Late Delivery,2024-01-16
R0006709,O00122148,Late Delivery,2024-11-30
R0006710,O00122158,Size Issue,2024-11-18
R0006711,O00122160,Late Delivery,2024-12-02
R0006712,O00122195,Late Delivery,2025-12-03
R0006713,O00122211,Damaged Item,2025-11-08
R0006714,O00122217,Late Delivery,2025-03-27
R0006715,O00122218,Size Issue,2023-04-03
R0006716,O00122219,Late Delivery,2025-12-02
R0006717,O00122234,Wrong Item,2024-12-30
R0006718,O00122271,Late Delivery,2023-08-25
R0006719,O00122279,Damaged Item,2023-12-20
R0006720,O00122320,Quality Issue,2025-12-21
R0006721,O00122347,Wrong Item,2026-01-20
R0006722,O00122357,Damaged Item,2025-04-25
R0006723,O00122380,Changed Mind,2026-01-18
R0006724,O00122382,Late Delivery,2025-11-02
R0006725,O00122386,Late Delivery,2025-11-13
R0006726,O00122391,Size Issue,2024-03-22
R0006727,O00122401,Size Issue,2026-01-07
R0006728,O00122455,Quality Issue,2024-12-16
R0006729,O00122460,Late Delivery,2025-11-26
R0006730,O00122500,Quality Issue,2025-07-28
R0006731,O00122516,Quality Issue,2025-03-03
R0006732,O00122549,Size Issue,2023-10-24
R0006733,O00122574,Damaged Item,2023-06-06
R0006734,O00122586,Changed Mind,2024-11-20
R0006735,O00122598,Quality Issue,2025-03-29
R0006736,O00122609,Quality Issue,2023-11-17
R0006737,O00122714,Changed Mind,2025-12-14
R0006738,O00122726,Size Issue,2025-12-12
R0006739,O00122745,Late Delivery,2024-02-14
R0006740,O00122753,Size Issue,2024-12-15
R0006741,O00122766,Damaged Item,2024-04-29
R0006742,O00122792,Damaged Item,2025-04-13
R0006743,O00122799,Damaged Item,2025-06-04
R0006744,O00122813,Quality Issue,2025-09-01
R0006745,O00122863,Changed Mind,2025-12-09
R0006746,O00122892,Damaged Item,2025-08-31
R0006747,O00122906,Damaged Item,2025-10-31
R0006748,O00122913,Late Delivery,2025-10-08
R0006749,O00122939,Late Delivery,2024-03-16
R0006750,O00122972,Damaged Item,2024-08-03
R0006751,O00123024,Damaged Item,2024-10-19
R0006752,O00123025,Changed Mind,2024-12-03
R0006753,O00123029,Changed Mind,2025-12-04
R0006754,O00123049,Damaged Item,2025-07-01
R0006755,O00123056,Quality Issue,2024-06-16
R0006756,O00123073,Damaged Item,2025-09-08
R0006757,O00123107,Wrong Item,2025-09-10
R0006758,O00123147,Late Delivery,2024-11-29
R0006759,O00123167,Quality Issue,2023-05-04
R0006760,O00123170,Damaged Item,2023-12-29
R0006761,O00123205,Size Issue,2026-01-12
R0006762,O00123261,Changed Mind,2026-01-15
R0006763,O00123301,Quality Issue,2025-11-14
R0006764,O00123319,Damaged Item,2025-11-08
R0006765,O00123380,Damaged Item,2025-09-05
R0006766,O00123389,Damaged Item,2024-09-09
R0006767,O00123400,Damaged Item,2023-02-06
R0006768,O00123418,Wrong Item,2024-11-20
R0006769,O00123422,Quality Issue,2026-01-09
R0006770,O00123426,Quality Issue,2024-11-09
R0006771,O00123451,Wrong Item,2025-02-01
R0006772,O00123465,Late Delivery,2025-05-29
R0006773,O00123467,Changed Mind,2025-11-14
R0006774,O00123468,Wrong Item,2026-01-16
R0006775,O00123488,Late Delivery,2026-01-12
R0006776,O00123506,Wrong Item,2025-11-03
R0006777,O00123540,Late Delivery,2025-11-30
R0006778,O00123554,Size Issue,2025-12-04
R0006779,O00123566,Changed Mind,2023-12-29
R0006780,O00123582,Quality Issue,2025-11-28
R0006781,O00123585,Size Issue,2025-08-31
R0006782,O00123598,Late Delivery,2025-09-14
R0006783,O00123650,Damaged Item,2025-06-22
R0006784,O00123659,Changed Mind,2024-04-04
R0006785,O00123663,Wrong Item,2025-07-29
R0006786,O00123701,Damaged Item,2024-08-11
R0006787,O00123710,Quality Issue,2025-04-23
R0006788,O00123711,Quality Issue,2025-07-15
R0006789,O00123730,Damaged Item,2025-09-04
R0006790,O00123738,Wrong Item,2025-07-10
R0006791,O00123793,Changed Mind,2026-01-01
R0006792,O00123794,Wrong Item,2025-12-27
R0006793,O00123818,Quality Issue,2025-04-04
R0006794,O00123827,Damaged Item,2024-06-11
R0006795,O00123831,Wrong Item,2024-10-02
R0006796,O00123833,Quality Issue,2024-10-18
R0006797,O00123883,Late Delivery,2025-09-22
R0006798,O00123927,Quality Issue,2025-12-01
R0006799,O00123956,Late Delivery,2025-08-26
R0006800,O00123970,Damaged Item,2025-08-20
R0006801,O00124013,Changed Mind,2025-06-13
R0006802,O00124016,Wrong Item,2025-09-10
R0006803,O00124021,Size Issue,2024-01-13
R0006804,O00124048,Quality Issue,2025-08-03
R0006805,O00124068,Changed Mind,2024-11-15
R0006806,O00124077,Quality Issue,2025-08-15
R0006807,O00124081,Quality Issue,2025-01-01
R0006808,O00124082,Quality Issue,2025-07-23
R0006809,O00124084,Size Issue,2024-04-30
R0006810,O00124087,Changed Mind,2025-05-10
R0006811,O00124088,Changed Mind,2023-04-27
R0006812,O00124100,Late Delivery,2024-10-27
R0006813,O00124101,Size Issue,2024-11-14
R0006814,O00124103,Wrong Item,2024-12-09
R0006815,O00124110,Quality Issue,2025-02-26
R0006816,O00124114,Size Issue,2025-06-30
R0006817,O00124142,Late Delivery,2025-08-24
R0006818,O00124172,Changed Mind,2026-01-09
R0006819,O00124176,Changed Mind,2025-10-25
R0006820,O00124207,Wrong Item,2026-01-16
R0006821,O00124226,Late Delivery,2025-08-07
R0006822,O00124255,Late Delivery,2024-05-29
R0006823,O00124258,Wrong Item,2024-09-01
R0006824,O00124259,Damaged Item,2024-10-06
R0006825,O00124263,Size Issue,2024-12-24
R0006826,O00124277,Quality Issue,2025-07-31
R0006827,O00124302,Damaged Item,2025-01-19
R0006828,O00124318,Late Delivery,2025-12-30
R0006829,O00124328,Late Delivery,2025-03-26
R0006830,O00124347,Late Delivery,2024-05-19
R0006831,O00124364,Late Delivery,2024-11-16
R0006832,O00124369,Late Delivery,2024-10-06
R0006833,O00124376,Quality Issue,2025-12-04
R0006834,O00124394,Quality Issue,2024-10-11
R0006835,O00124398,Late Delivery,2024-12-06
R0006836,O00124400,Size Issue,2025-06-30
R0006837,O00124420,Size Issue,2024-06-15
R0006838,O00124422,Quality Issue,2025-03-12
R0006839,O00124455,Wrong Item,2025-09-18
R0006840,O00124481,Quality Issue,2025-08-10
R0006841,O00124482,Quality Issue,2025-08-10
R0006842,O00124518,Damaged Item,2025-12-31
R0006843,O00124538,Size Issue,2024-10-08
R0006844,O00124541,Wrong Item,2024-12-20
R0006845,O00124546,Damaged Item,2025-12-12
R0006846,O00124547,Changed Mind,2024-09-07
R0006847,O00124552,Wrong Item,2026-01-24
R0006848,O00124560,Size Issue,2024-12-07
R0006849,O00124571,Late Delivery,2026-01-18
R0006850,O00124614,Damaged Item,2024-05-28
R0006851,O00124637,Size Issue,2025-01-09
R0006852,O00124656,Late Delivery,2025-09-18
R0006853,O00124665,Size Issue,2025-12-05
R0006854,O00124673,Quality Issue,2024-12-04
R0006855,O00124675,Quality Issue,2025-12-31
R0006856,O00124785,Late Delivery,2026-01-17
R0006857,O00124800,Damaged Item,2025-12-26
R0006858,O00124806,Changed Mind,2023-08-09
R0006859,O00124840,Wrong Item,2025-12-04
R0006860,O00124847,Late Delivery,2025-01-14
R0006861,O00124859,Quality Issue,2025-05-29
R0006862,O00124865,Damaged Item,2025-11-22
R0006863,O00124912,Size Issue,2025-07-05
R0006864,O00124953,Size Issue,2024-11-21
R0006865,O00124956,Damaged Item,2025-07-08
R0006866,O00124995,Changed Mind,2026-01-10
R0006867,O00125036,Quality Issue,2024-12-08
R0006868,O00125055,Late Delivery,2024-09-04
R0006869,O00125060,Size Issue,2025-08-22
R0006870,O00125061,Wrong Item,2025-09-28
R0006871,O00125069,Damaged Item,2024-08-14
R0006872,O00125081,Wrong Item,2024-11-16
R0006873,O00125091,Changed Mind,2024-03-05
R0006874,O00125104,Damaged Item,2025-11-03
R0006875,O00125124,Wrong Item,2025-06-11
R0006876,O00125139,Size Issue,2025-03-16
R0006877,O00125158,Wrong Item,2025-08-27
R0006878,O00125168,Changed Mind,2024-03-24
R0006879,O00125178,Damaged Item,2025-01-30
R0006880,O00125227,Quality Issue,2025-07-20
R0006881,O00125235,Late Delivery,2024-11-24
R0006882,O00125263,Late Delivery,2024-12-31
R0006883,O00125268,Quality Issue,2025-07-22
R0006884,O00125290,Damaged Item,2024-07-27
R0006885,O00125331,Damaged Item,2025-04-09
R0006886,O00125335,Size Issue,2025-12-30
R0006887,O00125391,Wrong Item,2024-07-07
R0006888,O00125412,Wrong Item,2026-01-07
R0006889,O00125414,Wrong Item,2025-01-06
R0006890,O00125430,Damaged Item,2025-05-03
R0006891,O00125477,Late Delivery,2025-08-17
R0006892,O00125486,Changed Mind,2023-06-28
R0006893,O00125489,Wrong Item,2024-01-12
R0006894,O00125494,Changed Mind,2025-11-07
R0006895,O00125503,Changed Mind,2024-09-26
R0006896,O00125519,Late Delivery,2024-11-08
R0006897,O00125565,Quality Issue,2024-08-03
R0006898,O00125566,Late Delivery,2024-10-29
R0006899,O00125568,Quality Issue,2024-11-27
R0006900,O00125589,Damaged Item,2025-08-17
R0006901,O00125591,Late Delivery,2025-12-30
R0006902,O00125626,Changed Mind,2025-11-04
R0006903,O00125648,Late Delivery,2025-01-07
R0006904,O00125653,Changed Mind,2025-10-23
R0006905,O00125668,Changed Mind,2026-01-05
R0006906,O00125716,Late Delivery,2025-11-29
R0006907,O00125729,Changed Mind,2025-12-06
R0006908,O00125730,Size Issue,2025-12-13
R0006909,O00125770,Wrong Item,2026-01-07
R0006910,O00125772,Wrong Item,2025-01-16
R0006911,O00125775,Wrong Item,2026-01-02
R0006912,O00125806,Quality Issue,2024-10-08
R0006913,O00125808,Late Delivery,2024-12-23
R0006914,O00125809,Size Issue,2024-12-31
R0006915,O00125811,Changed Mind,2025-01-25
R0006916,O00125817,Late Delivery,2025-12-04
R0006917,O00125839,Wrong Item,2023-07-26
R0006918,O00125871,Size Issue,2025-12-28
R0006919,O00125907,Damaged Item,2024-11-16
R0006920,O00125930,Wrong Item,2024-06-24
R0006921,O00125949,Quality Issue,2025-11-02
R0006922,O00125984,Wrong Item,2023-11-12
R0006923,O00125996,Damaged Item,2024-12-25
R0006924,O00126017,Quality Issue,2025-09-28
R0006925,O00126023,Size Issue,2024-10-06
R0006926,O00126042,Late Delivery,2025-06-11
R0006927,O00126046,Late Delivery,2025-09-22
R0006928,O00126053,Late Delivery,2025-12-29
R0006929,O00126081,Changed Mind,2025-09-03
R0006930,O00126083,Damaged Item,2025-11-27
R0006931,O00126085,Wrong Item,2025-12-31
R0006932,O00126088,Wrong Item,2024-09-27
R0006933,O00126097,Wrong Item,2024-09-06
R0006934,O00126099,Late Delivery,2026-01-14
R0006935,O00126174,Quality Issue,2025-12-19
R0006936,O00126176,Size Issue,2026-01-05
R0006937,O00126235,Late Delivery,2025-11-09
R0006938,O00126274,Late Delivery,2024-11-28
R0006939,O00126301,Wrong Item,2026-01-20
R0006940,O00126310,Quality Issue,2023-12-06
R0006941,O00126325,Quality Issue,2025-10-10
R0006942,O00126340,Late Delivery,2023-12-15
R0006943,O00126343,Size Issue,2024-08-12
R0006944,O00126368,Size Issue,2024-11-12
R0006945,O00126374,Size Issue,2026-01-17
R0006946,O00126405,Changed Mind,2024-10-02
R0006947,O00126431,Quality Issue,2025-02-10
R0006948,O00126505,Quality Issue,2023-05-04
R0006949,O00126520,Changed Mind,2025-04-05
R0006950,O00126531,Size Issue,2025-11-15
R0006951,O00126533,Quality Issue,2025-12-10
R0006952,O00126547,Size Issue,2024-12-17
R0006953,O00126567,Late Delivery,2023-06-12
R0006954,O00126573,Late Delivery,2026-01-10
R0006955,O00126578,Late Delivery,2025-04-16
R0006956,O00126618,Damaged Item,2025-07-23
R0006957,O00126643,Damaged Item,2026-01-11
R0006958,O00126650,Wrong Item,2025-07-29
R0006959,O00126705,Quality Issue,2024-12-29
R0006960,O00126725,Quality Issue,2025-12-25
R0006961,O00126736,Damaged Item,2025-11-14
R0006962,O00126747,Changed Mind,2023-12-21
R0006963,O00126755,Size Issue,2024-12-07
R0006964,O00126772,Late Delivery,2024-03-16
R0006965,O00126785,Size Issue,2025-06-03
R0006966,O00126794,Late Delivery,2024-06-04
R0006967,O00126803,Changed Mind,2024-06-26
R0006968,O00126810,Changed Mind,2023-10-26
R0006969,O00126815,Late Delivery,2024-12-09
R0006970,O00126817,Damaged Item,2025-08-23
R0006971,O00126830,Changed Mind,2025-11-16
R0006972,O00126839,Late Delivery,2026-01-01
R0006973,O00126855,Wrong Item,2024-11-04
R0006974,O00126864,Quality Issue,2025-03-26
R0006975,O00126880,Changed Mind,2023-07-15
R0006976,O00126916,Wrong Item,2025-12-08
R0006977,O00126918,Late Delivery,2025-12-31
R0006978,O00126922,Size Issue,2024-08-07
R0006979,O00126948,Quality Issue,2023-09-09
R0006980,O00126961,Quality Issue,2023-12-17
R0006981,O00126962,Damaged Item,2023-09-07
R0006982,O00126969,Damaged Item,2025-09-06
R0006983,O00126971,Damaged Item,2026-01-22
R0006984,O00126987,Quality Issue,2025-12-11
R0006985,O00127001,Changed Mind,2025-01-03
R0006986,O00127004,Late Delivery,2025-11-03
R0006987,O00127011,Changed Mind,2025-12-03
R0006988,O00127026,Size Issue,2025-11-16
R0006989,O00127032,Late Delivery,2025-11-22
R0006990,O00127042,Quality Issue,2024-11-04
R0006991,O00127060,Wrong Item,2023-09-21
R0006992,O00127110,Damaged Item,2026-01-06
R0006993,O00127171,Damaged Item,2024-12-03
R0006994,O00127187,Late Delivery,2025-05-05
R0006995,O00127259,Changed Mind,2023-08-09
R0006996,O00127287,Wrong Item,2025-10-06
R0006997,O00127297,Damaged Item,2025-06-06
R0006998,O00127325,Wrong Item,2025-09-30
R0006999,O00127340,Damaged Item,2024-08-15
R0007000,O00127372,Damaged Item,2025-01-08
R0007001,O00127385,Damaged Item,2025-09-11
R0007002,O00127410,Late Delivery,2023-06-08
R0007003,O00127415,Changed Mind,2024-12-01
R0007004,O00127430,Wrong Item,2024-02-18
R0007005,O00127499,Quality Issue,2025-03-19
R0007006,O00127544,Quality Issue,2024-11-30
R0007007,O00127545,Damaged Item,2024-12-08
R0007008,O00127561,Damaged Item,2025-12-13
R0007009,O00127573,Damaged Item,2026-01-06
R0007010,O00127580,Damaged Item,2025-07-31
R0007011,O00127593,Late Delivery,2024-04-27
R0007012,O00127600,Size Issue,2025-04-25
R0007013,O00127608,Quality Issue,2025-09-02
R0007014,O00127611,Quality Issue,2023-10-26
R0007015,O00127617,Quality Issue,2024-06-27
R0007016,O00127652,Quality Issue,2024-01-03
R0007017,O00127654,Quality Issue,2025-06-28
R0007018,O00127693,Late Delivery,2025-12-19
R0007019,O00127731,Changed Mind,2025-06-28
R0007020,O00127734,Late Delivery,2024-08-23
R0007021,O00127739,Size Issue,2025-11-24
R0007022,O00127801,Damaged Item,2025-06-12
R0007023,O00127853,Damaged Item,2025-05-10
R0007024,O00127925,Quality Issue,2026-01-28
R0007025,O00127990,Changed Mind,2023-12-03
R0007026,O00128009,Changed Mind,2024-11-30
R0007027,O00128026,Quality Issue,2025-10-14
R0007028,O00128028,Damaged Item,2023-12-12
R0007029,O00128039,Quality Issue,2025-11-16
R0007030,O00128046,Changed Mind,2023-10-28
R0007031,O00128074,Late Delivery,2023-09-18
R0007032,O00128078,Damaged Item,2024-09-10
R0007033,O00128091,Wrong Item,2026-01-26
R0007034,O00128098,Late Delivery,2025-10-27
R0007035,O00128100,Wrong Item,2026-01-07
R0007036,O00128102,Size Issue,2025-12-30
R0007037,O00128147,Late Delivery,2024-05-08
R0007038,O00128162,Quality Issue,2026-01-02
R0007039,O00128166,Size Issue,2025-11-24
R0007040,O00128194,Quality Issue,2025-10-28
R0007041,O00128197,Damaged Item,2025-12-24
R0007042,O00128239,Wrong Item,2025-02-19
R0007043,O00128247,Quality Issue,2023-12-13
R0007044,O00128251,Damaged Item,2024-11-25
R0007045,O00128270,Damaged Item,2024-09-16
R0007046,O00128288,Wrong Item,2024-12-27
R0007047,O00128291,Quality Issue,2023-02-11
R0007048,O00128300,Quality Issue,2024-09-16
R0007049,O00128348,Quality Issue,2025-08-25
R0007050,O00128356,Size Issue,2024-10-01
R0007051,O00128416,Size Issue,2024-11-18
R0007052,O00128461,Changed Mind,2026-01-15
R0007053,O00128488,Wrong Item,2025-08-28
R0007054,O00128493,Damaged Item,2025-01-05
R0007055,O00128537,Changed Mind,2025-12-02
R0007056,O00128545,Wrong Item,2025-09-07
R0007057,O00128563,Quality Issue,2025-10-31
R0007058,O00128565,Damaged Item,2024-09-29
R0007059,O00128611,Damaged Item,2025-07-18
R0007060,O00128625,Late Delivery,2024-12-27
R0007061,O00128651,Wrong Item,2023-08-14
R0007062,O00128665,Wrong Item,2025-12-15
R0007063,O00128687,Quality Issue,2025-03-31
R0007064,O00128718,Damaged Item,2025-09-16
R0007065,O00128727,Quality Issue,2025-11-14
R0007066,O00128739,Late Delivery,2024-10-04
R0007067,O00128747,Late Delivery,2025-11-19
R0007068,O00128772,Damaged Item,2023-11-02
R0007069,O00128800,Wrong Item,2025-12-05
R0007070,O00128804,Size Issue,2026-01-14
R0007071,O00128810,Late Delivery,2025-01-20
R0007072,O00128812,Late Delivery,2025-06-22
R0007073,O00128826,Wrong Item,2025-10-02
R0007074,O00128838,Late Delivery,2025-03-28
R0007075,O00128842,Late Delivery,2026-01-15
R0007076,O00128882,Wrong Item,2023-07-07
R0007077,O00128885,Wrong Item,2024-09-18
R0007078,O00128899,Quality Issue,2023-07-04
R0007079,O00128928,Damaged Item,2025-01-01
R0007080,O00128945,Damaged Item,2025-05-03
R0007081,O00128959,Damaged Item,2025-01-29
R0007082,O00128985,Quality Issue,2024-10-25
R0007083,O00129009,Size Issue,2026-01-19
R0007084,O00129016,Quality Issue,2025-12-06
R0007085,O00129041,Size Issue,2025-06-05
R0007086,O00129054,Late Delivery,2024-08-18
R0007087,O00129090,Size Issue,2025-07-29
R0007088,O00129107,Wrong Item,2025-11-24
R0007089,O00129126,Quality Issue,2023-12-02
R0007090,O00129154,Quality Issue,2024-04-02
R0007091,O00129169,Changed Mind,2025-10-19
R0007092,O00129178,Wrong Item,2025-05-10
R0007093,O00129179,Size Issue,2023-07-22
R0007094,O00129186,Late Delivery,2026-01-17
R0007095,O00129241,Size Issue,2025-12-15
R0007096,O00129257,Size Issue,2023-10-19
R0007097,O00129295,Wrong Item,2025-07-29
R0007098,O00129326,Changed Mind,2024-01-12
R0007099,O00129354,Wrong Item,2025-12-27
R0007100,O00129383,Quality Issue,2025-01-08
R0007101,O00129456,Wrong Item,2025-02-16
R0007102,O00129552,Quality Issue,2026-02-03
R0007103,O00129559,Quality Issue,2025-10-08
R0007104,O00129585,Wrong Item,2025-10-30
R0007105,O00129636,Late Delivery,2025-10-01
R0007106,O00129643,Wrong Item,2025-10-01
R0007107,O00129647,Damaged Item,2025-11-20
R0007108,O00129657,Late Delivery,2025-08-08
R0007109,O00129676,Changed Mind,2024-10-30
R0007110,O00129681,Size Issue,2025-10-03
R0007111,O00129700,Late Delivery,2023-09-12
R0007112,O00129711,Damaged Item,2023-12-11
R0007113,O00129743,Quality Issue,2025-11-01
R0007114,O00129744,Quality Issue,2025-12-06
R0007115,O00129780,Size Issue,2025-10-29
R0007116,O00129781,Changed Mind,2025-12-21
R0007117,O00129792,Damaged Item,2026-02-04
R0007118,O00129796,Wrong Item,2023-05-10
R0007119,O00129800,Damaged Item,2023-10-02
R0007120,O00129810,Damaged Item,2025-09-10
R0007121,O00129833,Damaged Item,2023-08-26
R0007122,O00129840,Damaged Item,2025-01-06
R0007123,O00129845,Late Delivery,2024-11-24
R0007124,O00129847,Quality Issue,2025-09-02
R0007125,O00129877,Quality Issue,2025-11-08
R0007126,O00129886,Late Delivery,2024-12-29
R0007127,O00129894,Changed Mind,2025-10-31
R0007128,O00129912,Size Issue,2025-12-21
R0007129,O00129939,Changed Mind,2024-01-11
R0007130,O00129953,Damaged Item,2025-10-02
R0007131,O00129967,Changed Mind,2025-11-08
R0007132,O00129984,Quality Issue,2026-01-11
R0007133,O00129991,Damaged Item,2026-01-17
R0007134,O00129997,Late Delivery,2025-03-29
R0007135,O00130029,Changed Mind,2025-11-03
R0007136,O00130033,Size Issue,2024-04-23
R0007137,O00130085,Changed Mind,2024-09-07
R0007138,O00130089,Late Delivery,2025-01-05
R0007139,O00130106,Quality Issue,2024-11-22
R0007140,O00130124,Size Issue,2024-12-29
R0007141,O00130132,Late Delivery,2025-12-06
R0007142,O00130180,Damaged Item,2024-09-11
R0007143,O00130198,Changed Mind,2025-06-30
R0007144,O00130221,Wrong Item,2025-12-18
R0007145,O00130281,Late Delivery,2024-02-14
R0007146,O00130293,Quality Issue,2023-10-01
R0007147,O00130303,Changed Mind,2024-05-27
R0007148,O00130326,Quality Issue,2024-07-16
R0007149,O00130344,Damaged Item,2025-01-03
R0007150,O00130347,Changed Mind,2023-10-03
R0007151,O00130348,Size Issue,2025-09-19
R0007152,O00130386,Wrong Item,2026-01-06
R0007153,O00130400,Late Delivery,2025-12-24
R0007154,O00130457,Size Issue,2025-09-27
R0007155,O00130469,Quality Issue,2025-11-05
R0007156,O00130481,Wrong Item,2025-11-23
R0007157,O00130487,Wrong Item,2025-01-17
R0007158,O00130500,Late Delivery,2025-01-02
R0007159,O00130506,Size Issue,2025-05-13
R0007160,O00130513,Damaged Item,2025-09-01
R0007161,O00130522,Damaged Item,2025-09-28
R0007162,O00130537,Wrong Item,2026-01-24
R0007163,O00130576,Wrong Item,2025-08-27
R0007164,O00130588,Size Issue,2026-01-03
R0007165,O00130609,Damaged Item,2025-11-24
R0007166,O00130629,Changed Mind,2024-03-30
R0007167,O00130634,Quality Issue,2025-04-20
R0007168,O00130640,Changed Mind,2026-01-12
R0007169,O00130643,Size Issue,2025-12-08
R0007170,O00130651,Quality Issue,2026-01-10
R0007171,O00130653,Changed Mind,2026-01-01
R0007172,O00130670,Late Delivery,2025-12-23
R0007173,O00130681,Wrong Item,2025-02-04
R0007174,O00130695,Late Delivery,2025-09-11
R0007175,O00130702,Size Issue,2025-12-13
R0007176,O00130710,Damaged Item,2024-12-28
R0007177,O00130731,Size Issue,2024-09-14
R0007178,O00130739,Damaged Item,2025-10-30
R0007179,O00130748,Changed Mind,2024-12-12
R0007180,O00130777,Damaged Item,2025-02-22
R0007181,O00130778,Changed Mind,2025-10-18
R0007182,O00130790,Damaged Item,2024-06-25
R0007183,O00130801,Wrong Item,2025-10-08
R0007184,O00130805,Late Delivery,2023-02-27
R0007185,O00130825,Quality Issue,2025-12-29
R0007186,O00130835,Quality Issue,2025-10-01
R0007187,O00130847,Changed Mind,2025-03-04
R0007188,O00130911,Size Issue,2024-10-03
R0007189,O00130975,Wrong Item,2026-02-03
R0007190,O00130980,Damaged Item,2024-10-04
R0007191,O00130990,Late Delivery,2025-12-20
R0007192,O00131003,Damaged Item,2025-11-26
R0007193,O00131057,Damaged Item,2025-12-28
R0007194,O00131107,Size Issue,2024-11-02
R0007195,O00131135,Damaged Item,2025-10-29
R0007196,O00131144,Size Issue,2024-01-13
R0007197,O00131158,Quality Issue,2025-03-05
R0007198,O00131170,Quality Issue,2025-06-09
R0007199,O00131176,Damaged Item,2025-11-24
R0007200,O00131193,Quality Issue,2025-11-06
R0007201,O00131208,Changed Mind,2025-01-05
R0007202,O00131222,Damaged Item,2025-11-28
R0007203,O00131227,Size Issue,2025-08-27
R0007204,O00131240,Late Delivery,2025-10-30
R0007205,O00131244,Late Delivery,2026-01-22
R0007206,O00131299,Size Issue,2024-12-26
R0007207,O00131301,Quality Issue,2025-05-19
R0007208,O00131314,Late Delivery,2024-06-11
R0007209,O00131329,Quality Issue,2024-03-03
R0007210,O00131347,Late Delivery,2024-01-01
R0007211,O00131363,Damaged Item,2024-09-25
R0007212,O00131378,Damaged Item,2025-10-22
R0007213,O00131379,Size Issue,2025-11-03
R0007214,O00131386,Size Issue,2026-01-06
R0007215,O00131391,Damaged Item,2025-06-10
R0007216,O00131395,Changed Mind,2025-01-18
R0007217,O00131409,Damaged Item,2024-11-28
R0007218,O00131425,Size Issue,2024-12-23
R0007219,O00131436,Late Delivery,2025-10-08
R0007220,O00131448,Damaged Item,2025-08-17
R0007221,O00131464,Late Delivery,2025-05-19
R0007222,O00131469,Damaged Item,2025-09-07
R0007223,O00131473,Quality Issue,2025-08-13
R0007224,O00131474,Quality Issue,2026-01-09
R0007225,O00131486,Changed Mind,2025-10-18
R0007226,O00131506,Damaged Item,2025-12-21
R0007227,O00131534,Wrong Item,2026-01-17
R0007228,O00131536,Size Issue,2024-09-30
R0007229,O00131563,Quality Issue,2025-04-24
R0007230,O00131564,Wrong Item,2025-05-29
R0007231,O00131606,Wrong Item,2025-09-27
R0007232,O00131633,Damaged Item,2024-11-16
R0007233,O00131646,Size Issue,2024-03-04
R0007234,O00131700,Changed Mind,2025-12-03
R0007235,O00131717,Damaged Item,2025-12-05
R0007236,O00131720,Size Issue,2024-06-01
R0007237,O00131723,Damaged Item,2025-06-17
R0007238,O00131731,Damaged Item,2025-01-31
R0007239,O00131760,Damaged Item,2024-05-05
R0007240,O00131774,Wrong Item,2025-07-27
R0007241,O00131779,Late Delivery,2025-11-26
R0007242,O00131826,Changed Mind,2024-11-27
R0007243,O00131827,Changed Mind,2024-07-09
R0007244,O00131845,Size Issue,2023-11-25
R0007245,O00131848,Quality Issue,2024-05-01
R0007246,O00131904,Quality Issue,2025-12-12
R0007247,O00131927,Quality Issue,2026-01-11
R0007248,O00131928,Wrong Item,2026-01-18
R0007249,O00131938,Late Delivery,2023-12-30
R0007250,O00131946,Damaged Item,2025-12-16
R0007251,O00131950,Late Delivery,2025-11-23
R0007252,O00131975,Late Delivery,2024-08-31
R0007253,O00131981,Changed Mind,2025-09-06
R0007254,O00131986,Size Issue,2025-12-24
R0007255,O00131996,Wrong Item,2025-04-11
R0007256,O00132004,Wrong Item,2025-12-20
R0007257,O00132005,Damaged Item,2026-01-03
R0007258,O00132024,Changed Mind,2025-05-03
R0007259,O00132042,Changed Mind,2026-01-05
R0007260,O00132063,Size Issue,2025-09-24
R0007261,O00132102,Quality Issue,2024-12-30
R0007262,O00132124,Quality Issue,2025-11-14
R0007263,O00132129,Quality Issue,2023-10-31
R0007264,O00132131,Damaged Item,2024-05-21
R0007265,O00132146,Size Issue,2024-12-10
R0007266,O00132156,Damaged Item,2023-11-03
R0007267,O00132227,Size Issue,2023-12-09
R0007268,O00132242,Size Issue,2023-08-01
R0007269,O00132244,Quality Issue,2025-06-03
R0007270,O00132252,Size Issue,2025-01-09
R0007271,O00132256,Quality Issue,2025-11-26
R0007272,O00132258,Wrong Item,2024-11-16
R0007273,O00132265,Quality Issue,2024-03-26
R0007274,O00132312,Size Issue,2025-10-23
R0007275,O00132318,Wrong Item,2025-01-02
R0007276,O00132320,Damaged Item,2025-10-26
R0007277,O00132322,Quality Issue,2023-12-23
R0007278,O00132341,Damaged Item,2024-01-19
R0007279,O00132351,Size Issue,2025-07-14
R0007280,O00132358,Damaged Item,2024-06-29
R0007281,O00132360,Changed Mind,2024-10-25
R0007282,O00132368,Changed Mind,2025-08-02
R0007283,O00132387,Late Delivery,2026-01-01
R0007284,O00132395,Changed Mind,2024-12-04
R0007285,O00132407,Size Issue,2025-11-09
R0007286,O00132409,Size Issue,2025-06-10
R0007287,O00132432,Quality Issue,2025-10-28
R0007288,O00132474,Late Delivery,2025-02-22
R0007289,O00132493,Quality Issue,2025-03-27
R0007290,O00132512,Damaged Item,2026-01-07
R0007291,O00132533,Damaged Item,2023-12-10
R0007292,O00132576,Wrong Item,2026-01-18
R0007293,O00132593,Wrong Item,2024-06-06
R0007294,O00132622,Quality Issue,2025-04-25
R0007295,O00132635,Changed Mind,2025-11-18
R0007296,O00132695,Damaged Item,2024-09-03
R0007297,O00132717,Quality Issue,2025-04-13
R0007298,O00132746,Damaged Item,2025-01-24
R0007299,O00132749,Quality Issue,2024-06-17
R0007300,O00132757,Late Delivery,2025-07-19
R0007301,O00132802,Damaged Item,2025-12-27
R0007302,O00132818,Late Delivery,2025-08-25
R0007303,O00132821,Size Issue,2025-12-04
R0007304,O00132841,Wrong Item,2025-11-21
R0007305,O00132864,Late Delivery,2025-08-05
R0007306,O00132872,Quality Issue,2024-12-08
R0007307,O00132890,Damaged Item,2026-01-17
R0007308,O00132901,Size Issue,2025-08-02
R0007309,O00132960,Changed Mind,2025-05-11
R0007310,O00132988,Size Issue,2026-01-08
R0007311,O00132997,Late Delivery,2026-01-07
R0007312,O00133014,Size Issue,2024-02-18
R0007313,O00133024,Damaged Item,2025-12-27
R0007314,O00133039,Changed Mind,2025-12-12
R0007315,O00133047,Late Delivery,2025-11-30
R0007316,O00133077,Size Issue,2025-09-28
R0007317,O00133102,Quality Issue,2024-12-10
R0007318,O00133141,Quality Issue,2025-08-31
R0007319,O00133198,Wrong Item,2025-05-27
R0007320,O00133202,Late Delivery,2023-08-04
R0007321,O00133272,Quality Issue,2024-05-26
R0007322,O00133348,Quality Issue,2025-07-18
R0007323,O00133350,Quality Issue,2025-10-11
R0007324,O00133369,Size Issue,2025-12-06
R0007325,O00133371,Quality Issue,2024-10-12
R0007326,O00133391,Damaged Item,2026-01-22
R0007327,O00133432,Quality Issue,2024-10-29
R0007328,O00133435,Damaged Item,2024-12-12
R0007329,O00133454,Size Issue,2025-05-09
R0007330,O00133456,Changed Mind,2026-01-14
R0007331,O00133479,Late Delivery,2025-02-03
R0007332,O00133499,Late Delivery,2025-02-24
R0007333,O00133519,Late Delivery,2025-04-02
R0007334,O00133526,Damaged Item,2025-09-30
R0007335,O00133543,Changed Mind,2025-03-07
R0007336,O00133546,Wrong Item,2024-09-09
R0007337,O00133587,Quality Issue,2024-04-21
R0007338,O00133604,Wrong Item,2025-12-05
R0007339,O00133641,Late Delivery,2025-12-22
R0007340,O00133655,Size Issue,2023-08-18
R0007341,O00133689,Damaged Item,2024-08-14
R0007342,O00133697,Late Delivery,2024-10-05
R0007343,O00133709,Late Delivery,2025-08-18
R0007344,O00133716,Wrong Item,2024-12-13
R0007345,O00133729,Quality Issue,2025-04-16
R0007346,O00133756,Changed Mind,2024-07-25
R0007347,O00133762,Changed Mind,2024-07-25
R0007348,O00133765,Damaged Item,2025-07-07
R0007349,O00133787,Changed Mind,2025-05-16
R0007350,O00133827,Late Delivery,2025-10-02
R0007351,O00133846,Changed Mind,2025-04-27
R0007352,O00134001,Size Issue,2025-10-09
R0007353,O00134010,Size Issue,2025-12-28
R0007354,O00134017,Wrong Item,2023-05-08
R0007355,O00134019,Wrong Item,2025-06-12
R0007356,O00134032,Size Issue,2025-07-12
R0007357,O00134061,Quality Issue,2025-06-12
R0007358,O00134068,Quality Issue,2025-01-11
R0007359,O00134076,Late Delivery,2024-10-02
R0007360,O00134091,Quality Issue,2025-04-18
R0007361,O00134154,Damaged Item,2025-01-02
R0007362,O00134156,Damaged Item,2024-12-28
R0007363,O00134179,Size Issue,2025-12-07
R0007364,O00134190,Late Delivery,2025-11-11
R0007365,O00134214,Late Delivery,2025-08-19
R0007366,O00134215,Size Issue,2025-08-28
R0007367,O00134218,Changed Mind,2025-11-10
R0007368,O00134232,Damaged Item,2025-07-25
R0007369,O00134245,Late Delivery,2026-01-28
R0007370,O00134261,Changed Mind,2025-05-23
R0007371,O00134378,Size Issue,2025-12-14
R0007372,O00134379,Size Issue,2025-12-31
R0007373,O00134393,Changed Mind,2024-01-20
R0007374,O00134409,Size Issue,2025-10-14
R0007375,O00134411,Damaged Item,2025-11-16
R0007376,O00134440,Damaged Item,2025-08-18
R0007377,O00134445,Wrong Item,2024-02-09
R0007378,O00134461,Damaged Item,2025-09-19
R0007379,O00134465,Wrong Item,2025-10-15
R0007380,O00134502,Quality Issue,2025-04-26
R0007381,O00134545,Late Delivery,2023-11-20
R0007382,O00134554,Size Issue,2025-09-22
R0007383,O00134575,Changed Mind,2025-12-14
R0007384,O00134578,Wrong Item,2025-10-22
R0007385,O00134611,Quality Issue,2024-11-07
R0007386,O00134618,Quality Issue,2024-12-04
R0007387,O00134636,Late Delivery,2023-10-09
R0007388,O00134664,Wrong Item,2024-06-03
R0007389,O00134676,Changed Mind,2025-06-01
R0007390,O00134680,Damaged Item,2025-09-15
R0007391,O00134708,Damaged Item,2025-08-07
R0007392,O00134714,Late Delivery,2024-11-28
R0007393,O00134783,Late Delivery,2025-09-11
R0007394,O00134797,Quality Issue,2025-11-20
R0007395,O00134815,Wrong Item,2025-09-18
R0007396,O00134852,Quality Issue,2025-12-25
R0007397,O00134865,Changed Mind,2024-06-13
R0007398,O00134887,Late Delivery,2024-05-27
R0007399,O00134894,Changed Mind,2025-08-15
R0007400,O00134914,Quality Issue,2025-03-23
R0007401,O00134924,Damaged Item,2024-12-09
R0007402,O00134929,Changed Mind,2023-12-19
R0007403,O00134944,Size Issue,2024-03-06
R0007404,O00134957,Wrong Item,2025-08-06
R0007405,O00135015,Quality Issue,2024-11-26
R0007406,O00135026,Quality Issue,2024-11-12
R0007407,O00135065,Quality Issue,2026-01-08
R0007408,O00135067,Damaged Item,2024-09-13
R0007409,O00135073,Wrong Item,2025-12-11
R0007410,O00135081,Damaged Item,2024-08-02
R0007411,O00135084,Damaged Item,2025-03-22
R0007412,O00135097,Changed Mind,2025-11-03
R0007413,O00135098,Size Issue,2026-01-16
R0007414,O00135106,Damaged Item,2025-03-16
R0007415,O00135138,Wrong Item,2023-05-12
R0007416,O00135153,Late Delivery,2025-01-16
R0007417,O00135167,Changed Mind,2024-03-07
R0007418,O00135176,Late Delivery,2025-12-01
R0007419,O00135232,Late Delivery,2025-12-13
R0007420,O00135332,Damaged Item,2025-11-17
R0007421,O00135346,Size Issue,2025-12-19
R0007422,O00135369,Damaged Item,2025-11-22
R0007423,O00135397,Quality Issue,2025-08-20
R0007424,O00135400,Quality Issue,2025-12-13
R0007425,O00135402,Late Delivery,2025-02-27
R0007426,O00135404,Wrong Item,2025-10-07
R0007427,O00135422,Size Issue,2025-11-19
R0007428,O00135451,Damaged Item,2025-12-18
R0007429,O00135456,Quality Issue,2025-01-17
R0007430,O00135458,Changed Mind,2025-10-10
R0007431,O00135460,Wrong Item,2025-10-30
R0007432,O00135464,Changed Mind,2025-11-18
R0007433,O00135469,Late Delivery,2025-12-11
R0007434,O00135500,Size Issue,2025-10-03
R0007435,O00135527,Changed Mind,2024-08-27
R0007436,O00135534,Damaged Item,2025-02-25
R0007437,O00135536,Damaged Item,2025-04-18
R0007438,O00135538,Changed Mind,2025-06-29
R0007439,O00135545,Wrong Item,2025-12-07
R0007440,O00135565,Wrong Item,2026-01-19
R0007441,O00135579,Wrong Item,2024-12-10
R0007442,O00135586,Quality Issue,2025-01-11
R0007443,O00135589,Changed Mind,2025-02-02
R0007444,O00135616,Quality Issue,2024-07-22
R0007445,O00135620,Size Issue,2025-01-05
R0007446,O00135623,Damaged Item,2025-10-19
R0007447,O00135655,Damaged Item,2023-12-22
R0007448,O00135686,Size Issue,2025-04-06
R0007449,O00135707,Quality Issue,2025-06-26
R0007450,O00135731,Size Issue,2025-05-01
R0007451,O00135742,Late Delivery,2025-12-17
R0007452,O00135790,Quality Issue,2025-10-23
R0007453,O00135799,Late Delivery,2025-12-25
R0007454,O00135901,Quality Issue,2024-09-15
R0007455,O00135906,Changed Mind,2025-07-27
R0007456,O00135929,Wrong Item,2023-08-25
R0007457,O00135932,Wrong Item,2025-12-23
R0007458,O00135933,Wrong Item,2025-11-13
R0007459,O00135935,Late Delivery,2026-01-01
R0007460,O00135941,Late Delivery,2024-09-18
R0007461,O00135951,Late Delivery,2025-09-13
R0007462,O00135955,Damaged Item,2023-09-28
R0007463,O00135977,Late Delivery,2026-01-01
R0007464,O00135980,Size Issue,2026-01-02
R0007465,O00136017,Damaged Item,2024-10-27
R0007466,O00136023,Changed Mind,2025-09-05
R0007467,O00136035,Wrong Item,2024-10-05
R0007468,O00136055,Changed Mind,2025-04-12
R0007469,O00136060,Changed Mind,2025-12-28
R0007470,O00136192,Late Delivery,2023-08-21
R0007471,O00136193,Late Delivery,2025-04-22
R0007472,O00136216,Size Issue,2025-08-24
R0007473,O00136219,Damaged Item,2025-11-28
R0007474,O00136252,Changed Mind,2025-07-23
R0007475,O00136270,Late Delivery,2026-01-13
R0007476,O00136302,Wrong Item,2025-09-10
R0007477,O00136311,Damaged Item,2025-10-07
R0007478,O00136321,Damaged Item,2023-11-01
R0007479,O00136323,Changed Mind,2025-01-07
R0007480,O00136382,Quality Issue,2025-08-18
R0007481,O00136384,Damaged Item,2025-09-26
R0007482,O00136386,Size Issue,2025-11-11
R0007483,O00136392,Changed Mind,2026-01-09
R0007484,O00136414,Wrong Item,2025-05-11
R0007485,O00136435,Quality Issue,2024-11-15
R0007486,O00136441,Quality Issue,2025-04-23
R0007487,O00136478,Changed Mind,2024-09-15
R0007488,O00136496,Quality Issue,2024-05-05
R0007489,O00136508,Quality Issue,2025-07-14
R0007490,O00136510,Wrong Item,2025-10-07
R0007491,O00136511,Quality Issue,2026-01-18
R0007492,O00136521,Late Delivery,2025-07-08
R0007493,O00136522,Size Issue,2024-02-10
R0007494,O00136584,Size Issue,2024-01-04
R0007495,O00136605,Damaged Item,2025-12-12
R0007496,O00136611,Damaged Item,2025-11-05
R0007497,O00136623,Late Delivery,2025-06-28
R0007498,O00136636,Quality Issue,2026-01-14
R0007499,O00136684,Size Issue,2025-07-23
R0007500,O00136688,Damaged Item,2025-08-21
R0007501,O00136689,Late Delivery,2025-08-17
R0007502,O00136698,Wrong Item,2025-11-22
R0007503,O00136699,Damaged Item,2025-12-08
R0007504,O00136700,Damaged Item,2025-11-16
R0007505,O00136711,Quality Issue,2025-12-11
R0007506,O00136758,Quality Issue,2025-11-20
R0007507,O00136782,Size Issue,2025-04-10
R0007508,O00136799,Wrong Item,2025-10-10
R0007509,O00136801,Damaged Item,2025-12-19
R0007510,O00136809,Wrong Item,2025-08-18
R0007511,O00136813,Size Issue,2025-12-03
R0007512,O00136824,Quality Issue,2025-12-11
R0007513,O00136833,Size Issue,2024-04-09
R0007514,O00136839,Size Issue,2024-08-11
R0007515,O00136896,Quality Issue,2025-08-11
R0007516,O00136899,Damaged Item,2024-08-06
R0007517,O00136954,Late Delivery,2025-10-27
R0007518,O00136964,Quality Issue,2024-04-01
R0007519,O00136971,Size Issue,2025-01-17
R0007520,O00136975,Changed Mind,2025-09-26
R0007521,O00136995,Size Issue,2024-05-28
R0007522,O00137029,Wrong Item,2024-03-02
R0007523,O00137052,Size Issue,2024-12-28
R0007524,O00137054,Size Issue,2024-07-15
R0007525,O00137065,Quality Issue,2025-01-12
R0007526,O00137127,Changed Mind,2025-05-04
R0007527,O00137149,Damaged Item,2024-12-11
R0007528,O00137152,Quality Issue,2025-05-12
R0007529,O00137180,Damaged Item,2025-03-19
R0007530,O00137192,Changed Mind,2025-08-21
R0007531,O00137221,Wrong Item,2025-08-17
R0007532,O00137225,Changed Mind,2025-01-11
R0007533,O00137242,Wrong Item,2025-06-19
R0007534,O00137295,Late Delivery,2026-01-19
R0007535,O00137307,Wrong Item,2024-12-14
R0007536,O00137309,Changed Mind,2024-03-07
R0007537,O00137326,Quality Issue,2023-05-18
R0007538,O00137376,Size Issue,2025-11-20
R0007539,O00137382,Changed Mind,2025-12-31
R0007540,O00137394,Wrong Item,2025-12-21
R0007541,O00137400,Late Delivery,2025-08-25
R0007542,O00137402,Size Issue,2025-10-20
R0007543,O00137487,Wrong Item,2023-11-25
R0007544,O00137515,Changed Mind,2023-07-01
R0007545,O00137547,Late Delivery,2025-12-29
R0007546,O00137561,Wrong Item,2024-05-02
R0007547,O00137576,Quality Issue,2025-12-25
R0007548,O00137622,Damaged Item,2025-07-20
R0007549,O00137663,Late Delivery,2025-08-31
R0007550,O00137706,Wrong Item,2024-06-05
R0007551,O00137724,Late Delivery,2024-12-18
R0007552,O00137727,Quality Issue,2023-04-11
R0007553,O00137780,Wrong Item,2024-05-03
R0007554,O00137785,Wrong Item,2025-12-23
R0007555,O00137789,Wrong Item,2024-11-11
R0007556,O00137792,Wrong Item,2025-11-11
R0007557,O00137793,Quality Issue,2025-11-17
R0007558,O00137795,Quality Issue,2025-06-12
R0007559,O00137805,Late Delivery,2024-05-30
R0007560,O00137815,Wrong Item,2025-07-16
R0007561,O00137818,Quality Issue,2025-11-22
R0007562,O00137833,Damaged Item,2025-12-22
R0007563,O00137868,Size Issue,2025-01-04
R0007564,O00137896,Late Delivery,2025-05-20
R0007565,O00137904,Damaged Item,2024-12-14
R0007566,O00137923,Wrong Item,2025-12-17
R0007567,O00137928,Damaged Item,2024-12-25
R0007568,O00137953,Damaged Item,2025-12-16
R0007569,O00137955,Damaged Item,2024-07-03
R0007570,O00137972,Damaged Item,2025-12-26
R0007571,O00137973,Damaged Item,2025-03-16
R0007572,O00137997,Changed Mind,2025-05-16
R0007573,O00138000,Changed Mind,2025-10-31
R0007574,O00138008,Changed Mind,2024-09-24
R0007575,O00138046,Damaged Item,2025-10-13
R0007576,O00138055,Changed Mind,2023-08-26
R0007577,O00138091,Size Issue,2025-10-26
R0007578,O00138118,Wrong Item,2025-05-08
R0007579,O00138140,Quality Issue,2025-01-13
R0007580,O00138155,Late Delivery,2025-04-29
R0007581,O00138189,Damaged Item,2025-12-13
R0007582,O00138218,Damaged Item,2025-01-03
R0007583,O00138219,Wrong Item,2025-04-25
R0007584,O00138231,Quality Issue,2024-08-02
R0007585,O00138275,Size Issue,2026-01-20
R0007586,O00138297,Wrong Item,2023-11-23
R0007587,O00138313,Quality Issue,2024-12-07
R0007588,O00138317,Size Issue,2025-06-25
R0007589,O00138362,Wrong Item,2024-08-29
R0007590,O00138369,Changed Mind,2025-01-09
R0007591,O00138370,Quality Issue,2025-01-11
R0007592,O00138371,Quality Issue,2025-04-10
R0007593,O00138374,Wrong Item,2026-01-23
R0007594,O00138379,Wrong Item,2025-12-13
R0007595,O00138390,Changed Mind,2025-07-20
R0007596,O00138410,Size Issue,2025-01-17
R0007597,O00138411,Wrong Item,2025-11-22
R0007598,O00138413,Damaged Item,2024-09-16
R0007599,O00138418,Damaged Item,2024-01-09
R0007600,O00138452,Quality Issue,2024-01-10
R0007601,O00138474,Late Delivery,2024-08-05
R0007602,O00138475,Quality Issue,2025-06-06
R0007603,O00138503,Late Delivery,2024-12-21
R0007604,O00138517,Changed Mind,2025-05-20
R0007605,O00138544,Late Delivery,2023-09-27
R0007606,O00138574,Damaged Item,2025-06-10
R0007607,O00138584,Late Delivery,2024-06-02
R0007608,O00138601,Damaged Item,2026-01-05
R0007609,O00138602,Wrong Item,2023-01-22
R0007610,O00138628,Changed Mind,2025-07-15
R0007611,O00138655,Late Delivery,2025-10-19
R0007612,O00138684,Wrong Item,2023-06-08
R0007613,O00138711,Late Delivery,2024-03-08
R0007614,O00138716,Wrong Item,2024-08-22
R0007615,O00138737,Wrong Item,2024-10-17
R0007616,O00138748,Quality Issue,2025-11-05
R0007617,O00138763,Changed Mind,2026-01-12
R0007618,O00138778,Size Issue,2025-03-14
R0007619,O00138781,Changed Mind,2025-08-07
R0007620,O00138821,Late Delivery,2025-05-02
R0007621,O00138877,Late Delivery,2025-01-09
R0007622,O00138879,Damaged Item,2025-06-26
R0007623,O00138881,Size Issue,2025-07-14
R0007624,O00138885,Size Issue,2025-12-08
R0007625,O00138900,Late Delivery,2025-11-06
R0007626,O00138902,Late Delivery,2025-11-01
R0007627,O00138911,Damaged Item,2024-03-25
R0007628,O00138918,Damaged Item,2023-08-30
R0007629,O00138980,Quality Issue,2025-01-30
R0007630,O00138998,Quality Issue,2025-11-19
R0007631,O00139011,Damaged Item,2024-01-12
R0007632,O00139020,Late Delivery,2024-11-10
R0007633,O00139025,Quality Issue,2025-07-23
R0007634,O00139051,Wrong Item,2025-06-27
R0007635,O00139062,Damaged Item,2025-06-30
R0007636,O00139065,Size Issue,2025-07-18
R0007637,O00139093,Size Issue,2025-08-29
R0007638,O00139125,Quality Issue,2024-11-13
R0007639,O00139129,Damaged Item,2025-12-12
R0007640,O00139157,Late Delivery,2024-10-24
R0007641,O00139168,Quality Issue,2024-05-23
R0007642,O00139173,Quality Issue,2025-09-11
R0007643,O00139202,Late Delivery,2025-07-14
R0007644,O00139203,Damaged Item,2025-08-19
R0007645,O00139216,Damaged Item,2025-12-19
R0007646,O00139225,Late Delivery,2024-12-03
R0007647,O00139239,Late Delivery,2025-05-15
R0007648,O00139241,Quality Issue,2025-05-22
R0007649,O00139252,Size Issue,2025-10-22
R0007650,O00139253,Changed Mind,2025-11-09
R0007651,O00139255,Changed Mind,2025-12-13
R0007652,O00139256,Changed Mind,2025-12-11
R0007653,O00139273,Quality Issue,2026-01-26
R0007654,O00139296,Damaged Item,2024-11-20
R0007655,O00139297,Damaged Item,2025-11-27
R0007656,O00139299,Damaged Item,2024-01-20
R0007657,O00139313,Damaged Item,2025-08-03
R0007658,O00139332,Late Delivery,2023-12-12
R0007659,O00139333,Quality Issue,2024-07-23
R0007660,O00139357,Damaged Item,2023-11-11
R0007661,O00139388,Damaged Item,2025-06-08
R0007662,O00139389,Late Delivery,2025-06-14
R0007663,O00139403,Size Issue,2025-08-04
R0007664,O00139418,Late Delivery,2023-08-28
R0007665,O00139426,Size Issue,2025-10-29
R0007666,O00139450,Quality Issue,2025-02-20
R0007667,O00139468,Damaged Item,2025-11-17
R0007668,O00139504,Changed Mind,2026-01-08
R0007669,O00139531,Damaged Item,2024-10-30
R0007670,O00139554,Wrong Item,2024-10-27
R0007671,O00139571,Wrong Item,2025-11-16
R0007672,O00139579,Wrong Item,2026-01-23
R0007673,O00139637,Changed Mind,2024-07-04
R0007674,O00139656,Wrong Item,2025-09-13
R0007675,O00139657,Damaged Item,2025-12-10
R0007676,O00139721,Damaged Item,2025-12-05
R0007677,O00139752,Wrong Item,2024-01-17
R0007678,O00139763,Size Issue,2025-10-31
R0007679,O00139774,Late Delivery,2024-01-17
R0007680,O00139809,Size Issue,2024-08-19
R0007681,O00139820,Damaged Item,2025-06-16
R0007682,O00139832,Changed Mind,2025-11-28
R0007683,O00139851,Changed Mind,2025-12-30
R0007684,O00139860,Wrong Item,2024-12-15
R0007685,O00139930,Late Delivery,2023-09-01
R0007686,O00139951,Wrong Item,2025-04-22
R0007687,O00139981,Size Issue,2024-06-29
R0007688,O00139983,Size Issue,2024-07-18
R0007689,O00139990,Damaged Item,2025-06-25
R0007690,O00139996,Size Issue,2025-11-25
R0007691,O00140003,Damaged Item,2024-10-09
R0007692,O00140006,Late Delivery,2025-06-16
R0007693,O00140015,Damaged Item,2024-06-19
R0007694,O00140027,Late Delivery,2025-10-17
R0007695,O00140091,Wrong Item,2024-09-24
R0007696,O00140099,Late Delivery,2025-07-30
R0007697,O00140111,Size Issue,2025-12-30
R0007698,O00140112,Size Issue,2026-01-11
R0007699,O00140115,Quality Issue,2023-05-16
R0007700,O00140117,Late Delivery,2024-01-21
R0007701,O00140132,Late Delivery,2025-11-20
R0007702,O00140163,Wrong Item,2025-08-12
R0007703,O00140192,Quality Issue,2025-09-18
R0007704,O00140194,Late Delivery,2025-09-28
R0007705,O00140213,Wrong Item,2025-10-17
R0007706,O00140247,Wrong Item,2025-12-25
R0007707,O00140320,Wrong Item,2024-11-25
R0007708,O00140328,Wrong Item,2026-01-29
R0007709,O00140354,Quality Issue,2025-07-17
R0007710,O00140423,Size Issue,2025-09-07
R0007711,O00140429,Damaged Item,2025-06-21
R0007712,O00140452,Size Issue,2025-04-23
R0007713,O00140454,Size Issue,2025-06-02
R0007714,O00140470,Size Issue,2023-10-24
R0007715,O00140473,Quality Issue,2024-12-09
R0007716,O00140476,Quality Issue,2024-07-26
R0007717,O00140516,Late Delivery,2025-11-29
R0007718,O00140533,Changed Mind,2024-10-14
R0007719,O00140558,Late Delivery,2025-08-20
R0007720,O00140562,Damaged Item,2025-11-07
R0007721,O00140566,Quality Issue,2025-08-25
R0007722,O00140600,Size Issue,2025-08-19
R0007723,O00140614,Changed Mind,2025-11-19
R0007724,O00140617,Wrong Item,2025-11-27
R0007725,O00140685,Quality Issue,2025-12-29
R0007726,O00140709,Changed Mind,2025-11-20
R0007727,O00140719,Size Issue,2025-11-24
R0007728,O00140727,Damaged Item,2025-08-08
R0007729,O00140747,Late Delivery,2025-08-01
R0007730,O00140752,Late Delivery,2025-09-26
R0007731,O00140787,Quality Issue,2025-12-30
R0007732,O00140792,Size Issue,2025-08-26
R0007733,O00140816,Changed Mind,2025-07-05
R0007734,O00140828,Size Issue,2025-10-27
R0007735,O00140839,Damaged Item,2023-08-14
R0007736,O00140852,Damaged Item,2025-02-10
R0007737,O00140881,Size Issue,2023-04-30
R0007738,O00140889,Quality Issue,2024-07-17
R0007739,O00140927,Damaged Item,2025-07-25
R0007740,O00140935,Damaged Item,2024-10-31
R0007741,O00140988,Size Issue,2024-06-24
R0007742,O00140994,Changed Mind,2024-11-22
R0007743,O00141008,Damaged Item,2026-01-17
R0007744,O00141010,Damaged Item,2025-12-15
R0007745,O00141028,Late Delivery,2026-01-17
R0007746,O00141072,Wrong Item,2024-01-12
R0007747,O00141092,Quality Issue,2025-10-30
R0007748,O00141141,Quality Issue,2025-06-05
R0007749,O00141150,Size Issue,2025-04-07
R0007750,O00141155,Damaged Item,2025-08-03
R0007751,O00141177,Size Issue,2024-06-17
R0007752,O00141213,Wrong Item,2025-03-06
R0007753,O00141233,Wrong Item,2025-05-28
R0007754,O00141238,Wrong Item,2024-06-15
R0007755,O00141245,Damaged Item,2025-01-10
R0007756,O00141267,Quality Issue,2025-01-17
R0007757,O00141286,Changed Mind,2025-04-22
R0007758,O00141322,Quality Issue,2025-05-04
R0007759,O00141338,Late Delivery,2023-06-11
R0007760,O00141340,Quality Issue,2025-07-14
R0007761,O00141404,Quality Issue,2025-08-27
R0007762,O00141445,Late Delivery,2025-03-26
R0007763,O00141447,Wrong Item,2026-01-03
R0007764,O00141451,Changed Mind,2025-01-07
R0007765,O00141465,Wrong Item,2025-11-02
R0007766,O00141471,Late Delivery,2025-09-20
R0007767,O00141473,Late Delivery,2025-12-18
R0007768,O00141474,Changed Mind,2026-01-05
R0007769,O00141493,Quality Issue,2025-12-21
R0007770,O00141530,Quality Issue,2025-10-17
R0007771,O00141539,Damaged Item,2023-10-21
R0007772,O00141548,Damaged Item,2025-10-31
R0007773,O00141550,Size Issue,2023-08-11
R0007774,O00141566,Late Delivery,2023-08-05
R0007775,O00141611,Quality Issue,2024-09-26
R0007776,O00141627,Quality Issue,2025-11-29
R0007777,O00141634,Size Issue,2024-08-09
R0007778,O00141639,Damaged Item,2025-08-04
R0007779,O00141659,Late Delivery,2023-05-13
R0007780,O00141689,Damaged Item,2026-01-31
R0007781,O00141690,Quality Issue,2024-03-22
R0007782,O00141708,Quality Issue,2025-04-10
R0007783,O00141800,Late Delivery,2023-12-26
R0007784,O00141802,Wrong Item,2025-01-03
R0007785,O00141823,Wrong Item,2025-04-03
R0007786,O00141837,Late Delivery,2025-01-16
R0007787,O00141865,Damaged Item,2025-07-31
R0007788,O00141868,Wrong Item,2025-09-01
R0007789,O00141875,Damaged Item,2024-07-27
R0007790,O00141895,Quality Issue,2024-12-05
R0007791,O00141901,Late Delivery,2025-11-04
R0007792,O00141911,Quality Issue,2024-07-19
R0007793,O00141931,Size Issue,2024-10-28
R0007794,O00141949,Late Delivery,2025-11-22
R0007795,O00141956,Quality Issue,2025-12-24
R0007796,O00142017,Quality Issue,2025-12-12
R0007797,O00142072,Wrong Item,2025-02-10
R0007798,O00142111,Damaged Item,2026-01-07
R0007799,O00142125,Quality Issue,2025-12-29
R0007800,O00142129,Quality Issue,2024-11-01
R0007801,O00142142,Size Issue,2025-09-29
R0007802,O00142144,Size Issue,2024-08-10
R0007803,O00142145,Size Issue,2024-06-17
R0007804,O00142148,Wrong Item,2025-12-19
R0007805,O00142186,Quality Issue,2025-04-27
R0007806,O00142196,Changed Mind,2024-11-21
R0007807,O00142200,Quality Issue,2023-08-12
R0007808,O00142215,Damaged Item,2023-12-14
R0007809,O00142229,Changed Mind,2026-01-22
R0007810,O00142230,Late Delivery,2024-03-18
R0007811,O00142247,Late Delivery,2025-06-10
R0007812,O00142267,Late Delivery,2024-04-25
R0007813,O00142273,Changed Mind,2025-06-19
R0007814,O00142302,Late Delivery,2024-05-14
R0007815,O00142306,Damaged Item,2024-07-11
R0007816,O00142308,Quality Issue,2024-09-04
R0007817,O00142328,Late Delivery,2025-12-02
R0007818,O00142339,Size Issue,2025-05-10
R0007819,O00142384,Quality Issue,2025-03-06
R0007820,O00142401,Quality Issue,2026-01-08
R0007821,O00142424,Size Issue,2026-01-07
R0007822,O00142428,Damaged Item,2024-09-30
R0007823,O00142435,Changed Mind,2025-03-18
R0007824,O00142439,Late Delivery,2025-09-13
R0007825,O00142464,Wrong Item,2023-11-17
R0007826,O00142465,Wrong Item,2023-12-02
R0007827,O00142468,Quality Issue,2025-01-08
R0007828,O00142484,Size Issue,2025-08-23
R0007829,O00142511,Late Delivery,2024-01-01
R0007830,O00142515,Wrong Item,2025-02-21
R0007831,O00142560,Quality Issue,2025-10-26
R0007832,O00142588,Size Issue,2025-06-13
R0007833,O00142613,Size Issue,2025-12-07
R0007834,O00142624,Late Delivery,2025-11-10
R0007835,O00142692,Quality Issue,2025-09-15
R0007836,O00142722,Changed Mind,2026-01-20
R0007837,O00142732,Size Issue,2025-09-07
R0007838,O00142751,Quality Issue,2024-10-17
R0007839,O00142761,Damaged Item,2025-08-21
R0007840,O00142817,Late Delivery,2024-08-29
R0007841,O00142865,Size Issue,2025-05-08
R0007842,O00142890,Wrong Item,2025-12-07
R0007843,O00142894,Late Delivery,2026-01-21
R0007844,O00142947,Changed Mind,2025-09-13
R0007845,O00142964,Wrong Item,2024-01-09
R0007846,O00142969,Damaged Item,2025-05-31
R0007847,O00142995,Damaged Item,2025-05-10
R0007848,O00143049,Quality Issue,2024-10-06
R0007849,O00143051,Quality Issue,2024-06-13
R0007850,O00143058,Changed Mind,2025-11-30
R0007851,O00143073,Damaged Item,2026-01-09
R0007852,O00143076,Quality Issue,2024-09-04
R0007853,O00143078,Size Issue,2024-10-07
R0007854,O00143123,Changed Mind,2025-12-30
R0007855,O00143136,Changed Mind,2025-12-07
R0007856,O00143155,Damaged Item,2024-02-18
R0007857,O00143158,Size Issue,2025-03-03
R0007858,O00143172,Quality Issue,2024-07-23
R0007859,O00143175,Wrong Item,2025-03-05
R0007860,O00143179,Late Delivery,2024-12-11
R0007861,O00143188,Quality Issue,2026-01-04
R0007862,O00143204,Changed Mind,2025-03-20
R0007863,O00143232,Size Issue,2023-11-17
R0007864,O00143239,Late Delivery,2025-11-12
R0007865,O00143282,Late Delivery,2025-02-18
R0007866,O00143320,Wrong Item,2025-12-26
R0007867,O00143324,Late Delivery,2025-06-17
R0007868,O00143346,Size Issue,2023-06-29
R0007869,O00143357,Wrong Item,2025-08-21
R0007870,O00143370,Size Issue,2024-07-21
R0007871,O00143400,Changed Mind,2024-10-10
R0007872,O00143420,Quality Issue,2024-11-26
R0007873,O00143452,Quality Issue,2025-12-12
R0007874,O00143453,Late Delivery,2025-12-02
R0007875,O00143504,Changed Mind,2025-09-29
R0007876,O00143534,Size Issue,2024-12-03
R0007877,O00143540,Size Issue,2025-03-30
R0007878,O00143550,Quality Issue,2025-08-17
R0007879,O00143602,Wrong Item,2025-06-14
R0007880,O00143607,Changed Mind,2025-06-10
R0007881,O00143644,Changed Mind,2024-08-31
R0007882,O00143701,Changed Mind,2023-05-30
R0007883,O00143705,Size Issue,2024-07-28
R0007884,O00143708,Wrong Item,2023-10-28
R0007885,O00143721,Size Issue,2026-01-29
R0007886,O00143724,Size Issue,2024-12-22
R0007887,O00143728,Size Issue,2025-11-27
R0007888,O00143749,Quality Issue,2024-01-16
R0007889,O00143753,Damaged Item,2025-09-07
R0007890,O00143794,Late Delivery,2025-11-15
R0007891,O00143797,Late Delivery,2025-06-12
R0007892,O00143826,Quality Issue,2024-11-25
R0007893,O00143833,Size Issue,2024-01-28
R0007894,O00143855,Late Delivery,2024-06-05
R0007895,O00143898,Damaged Item,2026-01-05
R0007896,O00143903,Wrong Item,2025-12-18
R0007897,O00143926,Damaged Item,2023-11-21
R0007898,O00143969,Changed Mind,2025-12-12
R0007899,O00143978,Wrong Item,2025-06-17
R0007900,O00143995,Size Issue,2025-08-28
R0007901,O00144010,Late Delivery,2025-12-22
R0007902,O00144011,Wrong Item,2023-06-04
R0007903,O00144048,Size Issue,2024-12-11
R0007904,O00144055,Quality Issue,2026-01-12
R0007905,O00144061,Damaged Item,2024-11-13
R0007906,O00144065,Wrong Item,2025-07-27
R0007907,O00144076,Size Issue,2023-08-16
R0007908,O00144125,Quality Issue,2024-05-11
R0007909,O00144135,Damaged Item,2025-11-05
R0007910,O00144139,Damaged Item,2024-07-01
R0007911,O00144163,Quality Issue,2025-02-13
R0007912,O00144182,Late Delivery,2025-11-19
R0007913,O00144197,Quality Issue,2024-04-04
R0007914,O00144201,Late Delivery,2024-05-08
R0007915,O00144208,Damaged Item,2024-12-02
R0007916,O00144235,Late Delivery,2025-09-18
R0007917,O00144246,Damaged Item,2025-11-21
R0007918,O00144250,Size Issue,2025-12-06
R0007919,O00144283,Late Delivery,2025-07-07
R0007920,O00144287,Damaged Item,2025-08-31
R0007921,O00144298,Quality Issue,2025-10-09
R0007922,O00144322,Damaged Item,2025-11-24
R0007923,O00144342,Quality Issue,2024-01-18
R0007924,O00144358,Quality Issue,2025-12-24
R0007925,O00144381,Wrong Item,2025-12-21
R0007926,O00144448,Damaged Item,2025-12-27
R0007927,O00144452,Damaged Item,2025-12-12
R0007928,O00144453,Quality Issue,2025-02-07
R0007929,O00144458,Damaged Item,2025-03-27
R0007930,O00144462,Size Issue,2025-08-06
R0007931,O00144478,Size Issue,2025-12-20
R0007932,O00144487,Late Delivery,2025-07-11
R0007933,O00144514,Late Delivery,2024-09-22
R0007934,O00144515,Size Issue,2024-10-29
R0007935,O00144534,Damaged Item,2023-11-14
R0007936,O00144540,Quality Issue,2024-05-25
R0007937,O00144541,Wrong Item,2024-06-06
R0007938,O00144564,Size Issue,2025-05-14
R0007939,O00144572,Quality Issue,2023-07-22
R0007940,O00144583,Changed Mind,2025-07-29
R0007941,O00144585,Damaged Item,2025-11-17
R0007942,O00144662,Late Delivery,2025-12-07
R0007943,O00144768,Damaged Item,2025-10-03
R0007944,O00144770,Quality Issue,2025-11-08
R0007945,O00144777,Damaged Item,2024-09-30
R0007946,O00144778,Quality Issue,2023-03-28
R0007947,O00144799,Quality Issue,2025-03-06
R0007948,O00144817,Damaged Item,2024-11-02
R0007949,O00144839,Quality Issue,2023-07-22
R0007950,O00144841,Wrong Item,2023-08-24
R0007951,O00144869,Late Delivery,2025-01-17
R0007952,O00144887,Late Delivery,2024-09-06
R0007953,O00144915,Wrong Item,2023-09-12
R0007954,O00144942,Wrong Item,2025-06-07
R0007955,O00144962,Late Delivery,2024-12-07
R0007956,O00144977,Late Delivery,2024-12-05
R0007957,O00145011,Quality Issue,2025-12-08
R0007958,O00145092,Size Issue,2025-11-19
R0007959,O00145128,Damaged Item,2023-05-17
R0007960,O00145136,Size Issue,2024-03-08
R0007961,O00145149,Changed Mind,2025-09-11
R0007962,O00145151,Late Delivery,2025-09-29
R0007963,O00145164,Damaged Item,2025-12-19
R0007964,O00145165,Size Issue,2026-01-08
R0007965,O00145166,Late Delivery,2026-01-13
R0007966,O00145179,Wrong Item,2025-04-02
R0007967,O00145183,Wrong Item,2024-06-23
R0007968,O00145203,Damaged Item,2025-01-20
R0007969,O00145215,Wrong Item,2024-12-04
R0007970,O00145229,Size Issue,2025-11-28
R0007971,O00145233,Quality Issue,2024-11-15
R0007972,O00145259,Quality Issue,2026-01-04
R0007973,O00145297,Late Delivery,2025-07-20
R0007974,O00145299,Damaged Item,2025-12-05
R0007975,O00145301,Wrong Item,2023-02-04
R0007976,O00145304,Quality Issue,2024-03-24
R0007977,O00145353,Size Issue,2025-01-08
R0007978,O00145364,Damaged Item,2025-05-04
R0007979,O00145374,Quality Issue,2025-12-25
R0007980,O00145391,Wrong Item,2025-01-11
R0007981,O00145468,Size Issue,2024-11-23
R0007982,O00145480,Size Issue,2025-05-30
R0007983,O00145524,Quality Issue,2023-02-26
R0007984,O00145556,Damaged Item,2025-01-16
R0007985,O00145559,Size Issue,2025-12-24
R0007986,O00145573,Changed Mind,2025-12-19
R0007987,O00145591,Damaged Item,2024-08-16
R0007988,O00145594,Damaged Item,2025-01-18
R0007989,O00145690,Size Issue,2024-01-08
R0007990,O00145744,Late Delivery,2024-12-02
R0007991,O00145748,Late Delivery,2025-08-21
R0007992,O00145751,Late Delivery,2025-11-16
R0007993,O00145765,Damaged Item,2026-01-22
R0007994,O00145769,Damaged Item,2025-03-29
R0007995,O00145771,Quality Issue,2025-07-02
R0007996,O00145801,Changed Mind,2025-12-26
R0007997,O00145830,Damaged Item,2025-11-01
R0007998,O00145849,Damaged Item,2025-01-24
R0007999,O00145858,Wrong Item,2025-12-07
R0008000,O00145865,Late Delivery,2026-01-02
R0008001,O00145868,Changed Mind,2023-07-21
R0008002,O00145877,Size Issue,2024-09-15
R0008003,O00145888,Wrong Item,2024-12-30
R0008004,O00145902,Late Delivery,2025-06-17
R0008005,O00145927,Wrong Item,2025-01-18
R0008006,O00145932,Wrong Item,2025-03-01
R0008007,O00145944,Quality Issue,2025-08-26
R0008008,O00145979,Quality Issue,2025-01-09
R0008009,O00146012,Size Issue,2023-06-27
R0008010,O00146016,Quality Issue,2023-11-07
R0008011,O00146019,Quality Issue,2024-03-15
R0008012,O00146067,Size Issue,2026-01-08
R0008013,O00146081,Damaged Item,2025-08-17
R0008014,O00146116,Changed Mind,2025-01-25
R0008015,O00146122,Wrong Item,2025-06-09
R0008016,O00146130,Changed Mind,2025-04-27
R0008017,O00146142,Changed Mind,2024-06-22
R0008018,O00146144,Damaged Item,2025-09-30
R0008019,O00146150,Size Issue,2025-11-30
R0008020,O00146163,Late Delivery,2025-05-01
R0008021,O00146168,Late Delivery,2025-11-20
R0008022,O00146172,Changed Mind,2025-11-11
R0008023,O00146178,Wrong Item,2024-01-18
R0008024,O00146214,Late Delivery,2025-06-12
R0008025,O00146219,Changed Mind,2024-09-27
R0008026,O00146220,Damaged Item,2024-10-16
R0008027,O00146245,Quality Issue,2025-07-31
R0008028,O00146280,Damaged Item,2025-10-29
R0008029,O00146315,Size Issue,2025-02-27
R0008030,O00146322,Changed Mind,2025-09-17
R0008031,O00146325,Wrong Item,2025-01-02
R0008032,O00146335,Wrong Item,2025-03-12
R0008033,O00146343,Damaged Item,2025-08-15
R0008034,O00146350,Quality Issue,2025-11-30
R0008035,O00146486,Size Issue,2025-12-20
R0008036,O00146496,Wrong Item,2024-02-19
R0008037,O00146514,Quality Issue,2025-11-16
R0008038,O00146538,Quality Issue,2026-01-01
R0008039,O00146543,Wrong Item,2025-11-23
R0008040,O00146544,Late Delivery,2025-11-21
R0008041,O00146553,Damaged Item,2024-10-19
R0008042,O00146557,Late Delivery,2025-02-14
R0008043,O00146588,Wrong Item,2024-02-10
R0008044,O00146625,Wrong Item,2025-12-01
R0008045,O00146644,Late Delivery,2024-10-05
R0008046,O00146652,Damaged Item,2024-12-06
R0008047,O00146655,Wrong Item,2026-01-02
R0008048,O00146665,Changed Mind,2024-08-11
R0008049,O00146701,Quality Issue,2023-07-14
R0008050,O00146704,Quality Issue,2024-09-06
R0008051,O00146717,Quality Issue,2024-11-05
R0008052,O00146740,Size Issue,2026-01-07
R0008053,O00146750,Wrong Item,2023-12-18
R0008054,O00146764,Changed Mind,2024-11-15
R0008055,O00146829,Quality Issue,2023-12-30
R0008056,O00146832,Damaged Item,2025-05-04
R0008057,O00146850,Damaged Item,2024-08-13
R0008058,O00146939,Changed Mind,2023-09-02
R0008059,O00146942,Size Issue,2024-01-09
R0008060,O00146949,Damaged Item,2025-05-11
R0008061,O00146962,Quality Issue,2024-11-11
R0008062,O00146986,Size Issue,2025-08-30
R0008063,O00147027,Changed Mind,2025-05-31
R0008064,O00147054,Quality Issue,2024-07-25
R0008065,O00147069,Late Delivery,2025-07-05
R0008066,O00147071,Changed Mind,2025-09-10
R0008067,O00147082,Quality Issue,2025-08-06
R0008068,O00147101,Quality Issue,2025-08-27
R0008069,O00147129,Damaged Item,2025-04-06
R0008070,O00147138,Quality Issue,2025-08-21
R0008071,O00147140,Damaged Item,2025-11-02
R0008072,O00147250,Late Delivery,2026-01-06
R0008073,O00147259,Changed Mind,2024-11-30
R0008074,O00147285,Late Delivery,2025-06-02
R0008075,O00147292,Damaged Item,2025-08-17
R0008076,O00147302,Damaged Item,2025-12-10
R0008077,O00147338,Late Delivery,2024-08-30
R0008078,O00147350,Quality Issue,2024-10-02
R0008079,O00147353,Damaged Item,2025-01-11
R0008080,O00147357,Wrong Item,2025-09-11
R0008081,O00147365,Wrong Item,2024-09-24
R0008082,O00147372,Late Delivery,2025-08-05
R0008083,O00147418,Quality Issue,2025-09-08
R0008084,O00147420,Quality Issue,2025-09-03
R0008085,O00147423,Changed Mind,2025-11-25
R0008086,O00147474,Late Delivery,2024-06-27
R0008087,O00147483,Size Issue,2025-01-29
R0008088,O00147498,Late Delivery,2026-01-26
R0008089,O00147506,Wrong Item,2025-12-06
R0008090,O00147507,Wrong Item,2025-12-14
R0008091,O00147515,Size Issue,2025-05-29
R0008092,O00147520,Wrong Item,2025-11-25
R0008093,O00147533,Damaged Item,2024-10-14
R0008094,O00147544,Late Delivery,2025-11-14
R0008095,O00147547,Wrong Item,2025-12-30
R0008096,O00147549,Wrong Item,2023-07-02
R0008097,O00147556,Wrong Item,2023-11-06
R0008098,O00147558,Quality Issue,2023-12-24
R0008099,O00147585,Damaged Item,2026-01-04
R0008100,O00147635,Size Issue,2023-05-20
R0008101,O00147655,Damaged Item,2025-08-19
R0008102,O00147657,Wrong Item,2025-10-07
R0008103,O00147675,Size Issue,2025-10-21
R0008104,O00147707,Quality Issue,2026-01-02
R0008105,O00147719,Quality Issue,2025-04-25
R0008106,O00147720,Size Issue,2024-11-26
R0008107,O00147724,Quality Issue,2025-08-20
R0008108,O00147752,Size Issue,2025-10-05
R0008109,O00147772,Late Delivery,2023-09-08
R0008110,O00147780,Late Delivery,2024-08-05
R0008111,O00147782,Quality Issue,2025-12-13
R0008112,O00147805,Wrong Item,2025-03-05
R0008113,O00147806,Damaged Item,2025-12-12
R0008114,O00147830,Size Issue,2024-01-24
R0008115,O00147831,Late Delivery,2024-05-18
R0008116,O00147911,Wrong Item,2024-11-04
R0008117,O00147921,Wrong Item,2025-01-11
R0008118,O00147930,Size Issue,2025-10-26
R0008119,O00147941,Changed Mind,2026-01-13
R0008120,O00147995,Late Delivery,2025-11-05
R0008121,O00148003,Wrong Item,2025-07-25
R0008122,O00148011,Wrong Item,2023-03-18
R0008123,O00148019,Changed Mind,2024-12-06
R0008124,O00148027,Quality Issue,2025-11-16
R0008125,O00148056,Changed Mind,2024-06-08
R0008126,O00148068,Damaged Item,2025-08-20
R0008127,O00148099,Wrong Item,2024-11-01
R0008128,O00148111,Quality Issue,2025-10-04
R0008129,O00148116,Quality Issue,2025-10-21
R0008130,O00148120,Late Delivery,2025-11-13
R0008131,O00148135,Wrong Item,2024-09-09
R0008132,O00148171,Late Delivery,2026-01-23
R0008133,O00148189,Changed Mind,2025-09-15
R0008134,O00148210,Size Issue,2024-05-30
R0008135,O00148240,Late Delivery,2024-06-08
R0008136,O00148290,Changed Mind,2025-05-03
R0008137,O00148306,Size Issue,2025-10-09
R0008138,O00148316,Damaged Item,2025-12-30
R0008139,O00148330,Wrong Item,2025-07-02
R0008140,O00148334,Late Delivery,2025-04-25
R0008141,O00148337,Changed Mind,2023-07-20
R0008142,O00148346,Size Issue,2023-08-29
R0008143,O00148347,Wrong Item,2023-10-14
R0008144,O00148379,Changed Mind,2024-11-20
R0008145,O00148404,Late Delivery,2026-01-11
R0008146,O00148434,Quality Issue,2025-12-02
R0008147,O00148482,Late Delivery,2024-11-27
R0008148,O00148497,Damaged Item,2025-08-12
R0008149,O00148502,Size Issue,2025-12-31
R0008150,O00148518,Late Delivery,2024-12-07
R0008151,O00148523,Late Delivery,2023-10-16
R0008152,O00148533,Quality Issue,2025-06-17
R0008153,O00148573,Size Issue,2026-02-03
R0008154,O00148575,Late Delivery,2024-12-16
R0008155,O00148597,Quality Issue,2025-07-02
R0008156,O00148607,Damaged Item,2026-01-11
R0008157,O00148641,Changed Mind,2025-01-11
R0008158,O00148648,Quality Issue,2025-11-07
R0008159,O00148659,Size Issue,2025-10-28
R0008160,O00148661,Late Delivery,2025-12-11
R0008161,O00148686,Late Delivery,2025-12-02
R0008162,O00148720,Size Issue,2026-01-25
R0008163,O00148791,Size Issue,2025-12-08
R0008164,O00148825,Size Issue,2025-09-01
R0008165,O00148836,Wrong Item,2025-12-02
R0008166,O00148842,Quality Issue,2026-01-13
R0008167,O00148882,Damaged Item,2025-08-08
R0008168,O00148905,Size Issue,2025-02-05
R0008169,O00148907,Late Delivery,2025-08-03
R0008170,O00148943,Damaged Item,2025-10-31
R0008171,O00148945,Size Issue,2026-01-16
R0008172,O00148949,Changed Mind,2026-01-25
R0008173,O00148950,Size Issue,2023-01-31
R0008174,O00148954,Wrong Item,2023-08-29
R0008175,O00148972,Wrong Item,2025-11-20
R0008176,O00148985,Wrong Item,2025-08-10
R0008177,O00149013,Damaged Item,2025-10-08
R0008178,O00149053,Late Delivery,2025-03-03
R0008179,O00149083,Quality Issue,2025-12-04
R0008180,O00149089,Quality Issue,2024-11-13
R0008181,O00149091,Damaged Item,2025-11-26
R0008182,O00149115,Late Delivery,2025-08-28
R0008183,O00149130,Wrong Item,2025-01-04
R0008184,O00149138,Late Delivery,2025-06-01
R0008185,O00149171,Wrong Item,2024-07-19
R0008186,O00149182,Size Issue,2024-04-20
R0008187,O00149189,Quality Issue,2025-04-25
R0008188,O00149220,Size Issue,2024-11-03
R0008189,O00149241,Changed Mind,2024-06-06
R0008190,O00149304,Damaged Item,2025-12-31
R0008191,O00149320,Wrong Item,2025-06-01
R0008192,O00149377,Changed Mind,2025-05-16
R0008193,O00149381,Wrong Item,2025-12-06
R0008194,O00149386,Late Delivery,2025-11-22
R0008195,O00149411,Quality Issue,2025-11-15
R0008196,O00149419,Quality Issue,2025-12-25
R0008197,O00149469,Quality Issue,2023-06-27
R0008198,O00149493,Late Delivery,2025-05-17
R0008199,O00149494,Wrong Item,2024-08-04
R0008200,O00149496,Quality Issue,2025-07-02
R0008201,O00149498,Damaged Item,2024-10-31
R0008202,O00149507,Size Issue,2024-11-20
R0008203,O00149510,Quality Issue,2025-08-12
R0008204,O00149540,Quality Issue,2026-01-05
R0008205,O00149543,Wrong Item,2024-04-20
R0008206,O00149544,Late Delivery,2024-05-15
R0008207,O00149567,Late Delivery,2025-08-28
R0008208,O00149579,Quality Issue,2025-12-22
R0008209,O00149592,Wrong Item,2025-05-31
R0008210,O00149605,Quality Issue,2025-11-20
R0008211,O00149649,Size Issue,2024-12-31
R0008212,O00149651,Changed Mind,2025-09-22
R0008213,O00149656,Changed Mind,2023-09-27
R0008214,O00149667,Quality Issue,2024-09-03
R0008215,O00149729,Wrong Item,2024-04-02
R0008216,O00149805,Damaged Item,2025-11-15
R0008217,O00149825,Changed Mind,2025-09-18
R0008218,O00149867,Size Issue,2023-06-23
R0008219,O00149894,Late Delivery,2025-12-21
R0008220,O00149906,Damaged Item,2024-08-03
R0008221,O00149915,Changed Mind,2023-11-14
R0008222,O00149924,Late Delivery,2025-04-22
R0008223,O00149930,Damaged Item,2025-08-14
R0008224,O00149934,Size Issue,2025-11-02
R0008225,O00149958,Damaged Item,2025-11-11
R0008226,O00149968,Size Issue,2024-06-26
R0008227,O00149976,Late Delivery,2023-04-19
R0008228,O00149978,Quality Issue,2023-08-11
R0008229,O00150000,Damaged Item,2024-07-04
R0008230,O00150021,Changed Mind,2025-03-09
R0008231,O00150051,Quality Issue,2024-10-12
R0008232,O00150086,Late Delivery,2025-11-04
R0008233,O00150093,Changed Mind,2023-01-19
R0008234,O00150143,Late Delivery,2025-06-15
R0008235,O00150162,Size Issue,2025-09-22
R0008236,O00150163,Size Issue,2025-10-11
R0008237,O00150207,Size Issue,2025-01-14
R0008238,O00150210,Late Delivery,2025-12-06
R0008239,O00150221,Wrong Item,2024-07-03
R0008240,O00150223,Late Delivery,2025-02-10
R0008241,O00150225,Damaged Item,2025-03-21
R0008242,O00150241,Late Delivery,2025-11-28
R0008243,O00150242,Changed Mind,2025-12-06
R0008244,O00150247,Damaged Item,2025-12-18
R0008245,O00150248,Late Delivery,2025-12-20
R0008246,O00150257,Quality Issue,2026-01-16
R0008247,O00150258,Changed Mind,2024-11-19
R0008248,O00150268,Quality Issue,2025-07-08
R0008249,O00150278,Late Delivery,2024-09-24
R0008250,O00150289,Damaged Item,2023-12-05
R0008251,O00150300,Wrong Item,2023-12-10
R0008252,O00150302,Quality Issue,2024-11-26
R0008253,O00150313,Damaged Item,2025-10-21
R0008254,O00150358,Size Issue,2025-04-16
R0008255,O00150359,Wrong Item,2025-05-07
R0008256,O00150369,Changed Mind,2025-01-12
R0008257,O00150392,Quality Issue,2024-12-08
R0008258,O00150493,Size Issue,2024-12-30
R0008259,O00150494,Damaged Item,2025-01-04
R0008260,O00150506,Damaged Item,2026-01-14
R0008261,O00150518,Late Delivery,2024-03-16
R0008262,O00150527,Quality Issue,2025-10-25
R0008263,O00150556,Quality Issue,2025-04-17
R0008264,O00150560,Quality Issue,2025-06-09
R0008265,O00150611,Quality Issue,2024-08-11
R0008266,O00150659,Damaged Item,2025-08-23
R0008267,O00150739,Damaged Item,2025-11-09
R0008268,O00150772,Changed Mind,2023-09-14
R0008269,O00150803,Damaged Item,2025-11-03
R0008270,O00150845,Changed Mind,2023-08-10
R0008271,O00150862,Late Delivery,2025-10-22
R0008272,O00150940,Size Issue,2025-11-11
R0008273,O00150960,Wrong Item,2023-10-08
R0008274,O00150989,Wrong Item,2025-01-09
R0008275,O00151008,Quality Issue,2025-05-04
R0008276,O00151019,Damaged Item,2026-01-09
R0008277,O00151028,Changed Mind,2025-09-24
R0008278,O00151103,Late Delivery,2024-12-26
R0008279,O00151117,Damaged Item,2025-01-17
R0008280,O00151124,Wrong Item,2023-06-16
R0008281,O00151138,Changed Mind,2024-08-22
R0008282,O00151157,Wrong Item,2026-01-11
R0008283,O00151172,Damaged Item,2025-10-14
R0008284,O00151210,Changed Mind,2025-11-14
R0008285,O00151214,Quality Issue,2024-10-12
R0008286,O00151243,Quality Issue,2026-01-13
R0008287,O00151247,Changed Mind,2025-06-16
R0008288,O00151249,Size Issue,2025-06-20
R0008289,O00151266,Quality Issue,2025-04-11
R0008290,O00151283,Late Delivery,2025-09-27
R0008291,O00151326,Quality Issue,2025-10-29
R0008292,O00151363,Damaged Item,2026-01-15
R0008293,O00151386,Size Issue,2026-01-20
R0008294,O00151409,Quality Issue,2023-12-22
R0008295,O00151414,Late Delivery,2023-12-21
R0008296,O00151415,Quality Issue,2025-05-31
R0008297,O00151420,Changed Mind,2024-12-08
R0008298,O00151444,Quality Issue,2024-11-13
R0008299,O00151449,Late Delivery,2026-01-30
R0008300,O00151468,Wrong Item,2025-08-17
R0008301,O00151479,Late Delivery,2025-11-21
R0008302,O00151488,Wrong Item,2025-12-28
R0008303,O00151511,Quality Issue,2026-01-13
R0008304,O00151543,Damaged Item,2023-12-15
R0008305,O00151574,Size Issue,2025-04-13
R0008306,O00151580,Wrong Item,2025-10-15
R0008307,O00151590,Changed Mind,2024-12-19
R0008308,O00151598,Damaged Item,2024-09-28
R0008309,O00151613,Quality Issue,2025-02-13
R0008310,O00151616,Wrong Item,2025-08-29
R0008311,O00151641,Damaged Item,2026-02-06
R0008312,O00151646,Damaged Item,2025-10-18
R0008313,O00151662,Quality Issue,2025-06-23
R0008314,O00151710,Damaged Item,2026-01-12
R0008315,O00151713,Changed Mind,2024-03-07
R0008316,O00151732,Damaged Item,2025-01-24
R0008317,O00151737,Wrong Item,2023-07-13
R0008318,O00151738,Quality Issue,2025-01-08
R0008319,O00151754,Wrong Item,2026-01-06
R0008320,O00151786,Quality Issue,2023-03-31
R0008321,O00151796,Changed Mind,2024-05-30
R0008322,O00151820,Quality Issue,2024-05-11
R0008323,O00151831,Late Delivery,2025-04-17
R0008324,O00151861,Changed Mind,2025-04-18
R0008325,O00151875,Changed Mind,2025-05-24
R0008326,O00151888,Size Issue,2024-12-13
R0008327,O00151904,Size Issue,2025-12-21
R0008328,O00151916,Size Issue,2025-09-07
R0008329,O00151978,Size Issue,2024-11-17
R0008330,O00151988,Wrong Item,2025-05-31
R0008331,O00151992,Damaged Item,2025-06-28
R0008332,O00152056,Late Delivery,2026-01-22
R0008333,O00152072,Changed Mind,2024-06-25
R0008334,O00152106,Wrong Item,2025-06-18
R0008335,O00152129,Wrong Item,2025-04-28
R0008336,O00152156,Changed Mind,2025-10-12
R0008337,O00152186,Changed Mind,2025-01-21
R0008338,O00152213,Quality Issue,2025-12-04
R0008339,O00152223,Late Delivery,2025-12-07
R0008340,O00152227,Quality Issue,2026-01-20
R0008341,O00152301,Quality Issue,2024-08-11
R0008342,O00152307,Late Delivery,2025-02-03
R0008343,O00152312,Late Delivery,2025-05-07
R0008344,O00152321,Size Issue,2026-01-11
R0008345,O00152328,Changed Mind,2025-08-08
R0008346,O00152374,Damaged Item,2025-12-22
R0008347,O00152415,Damaged Item,2025-05-29
R0008348,O00152492,Size Issue,2024-05-04
R0008349,O00152493,Quality Issue,2024-07-05
R0008350,O00152515,Late Delivery,2023-12-10
R0008351,O00152546,Size Issue,2024-11-28
R0008352,O00152586,Wrong Item,2025-05-29
R0008353,O00152632,Late Delivery,2025-11-20
R0008354,O00152655,Wrong Item,2025-12-07
R0008355,O00152686,Damaged Item,2025-10-02
R0008356,O00152690,Changed Mind,2025-10-15
R0008357,O00152720,Changed Mind,2025-09-11
R0008358,O00152724,Changed Mind,2025-10-21
R0008359,O00152729,Quality Issue,2025-12-15
R0008360,O00152736,Damaged Item,2025-06-14
R0008361,O00152737,Quality Issue,2025-07-01
R0008362,O00152742,Wrong Item,2025-09-16
R0008363,O00152768,Late Delivery,2025-08-07
R0008364,O00152772,Size Issue,2025-09-10
R0008365,O00152785,Late Delivery,2025-08-18
R0008366,O00152786,Quality Issue,2025-11-15
R0008367,O00152797,Wrong Item,2025-11-11
R0008368,O00152830,Size Issue,2024-11-10
R0008369,O00152837,Late Delivery,2025-07-23
R0008370,O00152845,Damaged Item,2025-06-24
R0008371,O00152855,Wrong Item,2025-08-30
R0008372,O00152868,Size Issue,2024-11-29
R0008373,O00152870,Changed Mind,2025-01-06
R0008374,O00152881,Quality Issue,2024-11-15
R0008375,O00152884,Quality Issue,2025-07-07
R0008376,O00152942,Changed Mind,2025-07-24
R0008377,O00152964,Wrong Item,2025-12-27
R0008378,O00152969,Quality Issue,2025-12-18
R0008379,O00152975,Damaged Item,2024-12-17
R0008380,O00152976,Quality Issue,2025-05-23
R0008381,O00152987,Wrong Item,2024-09-12
R0008382,O00152996,Damaged Item,2025-06-05
R0008383,O00153002,Damaged Item,2024-05-08
R0008384,O00153013,Size Issue,2025-12-17
R0008385,O00153017,Damaged Item,2024-09-19
R0008386,O00153055,Changed Mind,2025-11-11
R0008387,O00153069,Changed Mind,2024-08-12
R0008388,O00153084,Size Issue,2026-01-26
R0008389,O00153086,Late Delivery,2025-03-25
R0008390,O00153118,Late Delivery,2024-06-12
R0008391,O00153134,Size Issue,2025-09-01
R0008392,O00153141,Size Issue,2026-02-03
R0008393,O00153188,Wrong Item,2025-11-17
R0008394,O00153201,Wrong Item,2025-03-02
R0008395,O00153208,Changed Mind,2025-09-16
R0008396,O00153221,Quality Issue,2025-12-28
R0008397,O00153231,Quality Issue,2024-01-20
R0008398,O00153258,Damaged Item,2025-05-23
R0008399,O00153301,Quality Issue,2026-01-31
R0008400,O00153306,Damaged Item,2024-01-06
R0008401,O00153310,Late Delivery,2024-06-05
R0008402,O00153312,Wrong Item,2024-12-28
R0008403,O00153313,Damaged Item,2025-10-16
R0008404,O00153315,Wrong Item,2024-08-02
R0008405,O00153334,Damaged Item,2025-03-26
R0008406,O00153340,Late Delivery,2024-11-02
R0008407,O00153346,Wrong Item,2025-06-30
R0008408,O00153442,Late Delivery,2026-01-05
R0008409,O00153467,Size Issue,2025-10-16
R0008410,O00153485,Late Delivery,2025-08-16
R0008411,O00153491,Size Issue,2024-10-14
R0008412,O00153538,Late Delivery,2025-12-27
R0008413,O00153623,Late Delivery,2025-12-06
R0008414,O00153639,Size Issue,2025-12-24
R0008415,O00153680,Damaged Item,2025-12-03
R0008416,O00153685,Late Delivery,2025-01-11
R0008417,O00153695,Quality Issue,2025-10-08
R0008418,O00153698,Damaged Item,2025-12-20
R0008419,O00153700,Size Issue,2024-11-20
R0008420,O00153708,Damaged Item,2025-09-13
R0008421,O00153726,Size Issue,2025-12-27
R0008422,O00153739,Quality Issue,2024-06-18
R0008423,O00153745,Wrong Item,2025-09-04
R0008424,O00153748,Late Delivery,2025-11-29
R0008425,O00153758,Quality Issue,2025-01-16
R0008426,O00153768,Damaged Item,2024-10-06
R0008427,O00153773,Late Delivery,2024-12-26
R0008428,O00153782,Late Delivery,2025-08-19
R0008429,O00153791,Wrong Item,2025-11-26
R0008430,O00153796,Late Delivery,2025-12-11
R0008431,O00153804,Size Issue,2025-12-24
R0008432,O00153815,Late Delivery,2025-03-09
R0008433,O00153841,Wrong Item,2025-05-23
R0008434,O00153870,Quality Issue,2025-01-30
R0008435,O00153876,Quality Issue,2025-10-21
R0008436,O00153879,Changed Mind,2025-11-16
R0008437,O00153897,Size Issue,2023-11-23
R0008438,O00153900,Damaged Item,2025-07-18
R0008439,O00153996,Size Issue,2025-08-25
R0008440,O00154000,Late Delivery,2025-01-04
R0008441,O00154048,Size Issue,2024-07-26
R0008442,O00154073,Changed Mind,2025-06-23
R0008443,O00154091,Size Issue,2025-07-07
R0008444,O00154154,Late Delivery,2025-12-25
R0008445,O00154178,Wrong Item,2026-01-20
R0008446,O00154182,Size Issue,2025-04-04
R0008447,O00154208,Size Issue,2025-03-11
R0008448,O00154212,Wrong Item,2024-07-18
R0008449,O00154238,Late Delivery,2025-04-22
R0008450,O00154242,Size Issue,2025-05-11
R0008451,O00154243,Wrong Item,2023-09-17
R0008452,O00154269,Late Delivery,2025-03-28
R0008453,O00154276,Wrong Item,2025-08-17
R0008454,O00154282,Wrong Item,2026-01-04
R0008455,O00154296,Damaged Item,2025-05-07
R0008456,O00154302,Wrong Item,2025-09-27
R0008457,O00154305,Damaged Item,2026-01-21
R0008458,O00154327,Quality Issue,2024-10-06
R0008459,O00154330,Wrong Item,2026-01-01
R0008460,O00154371,Size Issue,2023-11-04
R0008461,O00154393,Changed Mind,2024-12-31
R0008462,O00154395,Size Issue,2025-10-10
R0008463,O00154413,Wrong Item,2026-02-03
R0008464,O00154420,Damaged Item,2025-01-06
R0008465,O00154425,Quality Issue,2024-08-19
R0008466,O00154435,Changed Mind,2023-06-08
R0008467,O00154455,Damaged Item,2025-12-15
R0008468,O00154499,Wrong Item,2025-04-18
R0008469,O00154562,Changed Mind,2023-05-24
R0008470,O00154563,Changed Mind,2026-01-16
R0008471,O00154590,Late Delivery,2025-04-20
R0008472,O00154643,Wrong Item,2025-12-26
R0008473,O00154653,Damaged Item,2024-12-01
R0008474,O00154657,Late Delivery,2025-05-05
R0008475,O00154666,Damaged Item,2025-02-02
R0008476,O00154698,Quality Issue,2025-04-22
R0008477,O00154701,Quality Issue,2025-08-26
R0008478,O00154705,Late Delivery,2024-07-21
R0008479,O00154733,Changed Mind,2025-12-12
R0008480,O00154738,Late Delivery,2024-10-03
R0008481,O00154828,Changed Mind,2023-07-19
R0008482,O00154852,Wrong Item,2025-04-11
R0008483,O00154856,Late Delivery,2026-01-21
R0008484,O00154857,Wrong Item,2025-12-09
R0008485,O00154866,Size Issue,2023-07-19
R0008486,O00154872,Wrong Item,2023-02-10
R0008487,O00154886,Changed Mind,2025-12-06
R0008488,O00154887,Changed Mind,2024-08-14
R0008489,O00154929,Size Issue,2025-06-22
R0008490,O00154939,Changed Mind,2025-08-05
R0008491,O00154947,Size Issue,2023-09-11
R0008492,O00154996,Changed Mind,2025-02-12
R0008493,O00155049,Late Delivery,2024-11-26
R0008494,O00155070,Late Delivery,2025-07-05
R0008495,O00155073,Quality Issue,2024-08-21
R0008496,O00155076,Damaged Item,2024-12-31
R0008497,O00155093,Changed Mind,2025-12-17
R0008498,O00155098,Changed Mind,2025-09-20
R0008499,O00155099,Wrong Item,2023-10-29
R0008500,O00155110,Quality Issue,2025-05-16
R0008501,O00155203,Damaged Item,2025-05-27
R0008502,O00155222,Size Issue,2025-02-09
R0008503,O00155260,Size Issue,2025-03-16
R0008504,O00155279,Changed Mind,2024-11-23
R0008505,O00155295,Quality Issue,2025-12-09
R0008506,O00155330,Late Delivery,2025-05-11
R0008507,O00155359,Size Issue,2025-07-23
R0008508,O00155387,Damaged Item,2025-12-28
R0008509,O00155398,Size Issue,2025-01-10
R0008510,O00155402,Wrong Item,2024-11-22
R0008511,O00155416,Wrong Item,2025-07-16
R0008512,O00155417,Wrong Item,2025-09-02
R0008513,O00155424,Quality Issue,2025-11-23
R0008514,O00155452,Damaged Item,2025-05-31
R0008515,O00155462,Quality Issue,2025-07-14
R0008516,O00155481,Changed Mind,2024-10-03
R0008517,O00155482,Late Delivery,2025-02-02
R0008518,O00155502,Quality Issue,2025-12-27
R0008519,O00155520,Wrong Item,2025-09-21
R0008520,O00155537,Changed Mind,2025-12-26
R0008521,O00155538,Size Issue,2024-01-08
R0008522,O00155556,Quality Issue,2024-10-16
R0008523,O00155562,Late Delivery,2025-11-23
R0008524,O00155570,Size Issue,2024-09-25
R0008525,O00155582,Damaged Item,2025-12-19
R0008526,O00155631,Damaged Item,2024-12-23
R0008527,O00155648,Late Delivery,2025-02-11
R0008528,O00155650,Quality Issue,2025-08-19
R0008529,O00155657,Quality Issue,2023-11-30
R0008530,O00155666,Wrong Item,2025-07-27
R0008531,O00155677,Quality Issue,2025-01-07
R0008532,O00155685,Wrong Item,2023-07-04
R0008533,O00155697,Size Issue,2025-12-15
R0008534,O00155706,Wrong Item,2025-12-06
R0008535,O00155734,Damaged Item,2025-10-11
R0008536,O00155776,Late Delivery,2025-06-09
R0008537,O00155791,Size Issue,2025-12-21
R0008538,O00155796,Quality Issue,2025-08-26
R0008539,O00155815,Changed Mind,2025-12-19
R0008540,O00155821,Late Delivery,2026-01-04
R0008541,O00155844,Late Delivery,2025-09-18
R0008542,O00155897,Size Issue,2025-12-14
R0008543,O00156027,Changed Mind,2025-11-19
R0008544,O00156048,Size Issue,2025-04-27
R0008545,O00156126,Late Delivery,2025-03-14
R0008546,O00156127,Size Issue,2025-05-20
R0008547,O00156171,Quality Issue,2025-01-04
R0008548,O00156177,Damaged Item,2026-01-03
R0008549,O00156210,Late Delivery,2025-07-17
R0008550,O00156213,Changed Mind,2025-10-12
R0008551,O00156246,Size Issue,2025-06-09
R0008552,O00156254,Damaged Item,2025-03-29
R0008553,O00156261,Wrong Item,2025-03-12
R0008554,O00156296,Changed Mind,2024-12-26
R0008555,O00156303,Wrong Item,2024-07-05
R0008556,O00156386,Late Delivery,2025-10-27
R0008557,O00156428,Late Delivery,2024-11-02
R0008558,O00156433,Wrong Item,2025-12-15
R0008559,O00156440,Size Issue,2025-07-30
R0008560,O00156461,Wrong Item,2025-11-03
R0008561,O00156469,Quality Issue,2025-11-08
R0008562,O00156478,Damaged Item,2025-12-10
R0008563,O00156544,Quality Issue,2024-11-12
R0008564,O00156545,Damaged Item,2024-11-30
R0008565,O00156554,Changed Mind,2024-12-07
R0008566,O00156557,Wrong Item,2025-03-04
R0008567,O00156593,Damaged Item,2025-08-13
R0008568,O00156608,Late Delivery,2024-11-29
R0008569,O00156662,Wrong Item,2025-06-09
R0008570,O00156681,Late Delivery,2025-12-18
R0008571,O00156683,Size Issue,2025-12-26
R0008572,O00156689,Size Issue,2026-01-06
R0008573,O00156697,Wrong Item,2025-09-26
R0008574,O00156707,Quality Issue,2026-01-22
R0008575,O00156710,Quality Issue,2025-10-11
R0008576,O00156722,Quality Issue,2026-01-18
R0008577,O00156724,Changed Mind,2025-12-30
R0008578,O00156778,Quality Issue,2025-10-22
R0008579,O00156833,Damaged Item,2025-04-22
R0008580,O00156907,Size Issue,2024-10-27
R0008581,O00156923,Quality Issue,2025-10-30
R0008582,O00156943,Damaged Item,2024-12-20
R0008583,O00156944,Damaged Item,2024-06-15
R0008584,O00156947,Damaged Item,2025-08-29
R0008585,O00156962,Damaged Item,2026-01-21
R0008586,O00156972,Damaged Item,2024-07-05
R0008587,O00156975,Changed Mind,2024-08-17
R0008588,O00156994,Quality Issue,2025-12-19
R0008589,O00157013,Quality Issue,2025-11-01
R0008590,O00157018,Changed Mind,2025-09-12
R0008591,O00157022,Quality Issue,2025-10-31
R0008592,O00157031,Size Issue,2025-02-21
R0008593,O00157051,Size Issue,2025-12-19
R0008594,O00157067,Damaged Item,2024-06-15
R0008595,O00157072,Size Issue,2025-08-08
R0008596,O00157079,Size Issue,2025-04-01
R0008597,O00157093,Damaged Item,2023-05-16
R0008598,O00157123,Damaged Item,2024-08-06
R0008599,O00157152,Wrong Item,2023-09-27
R0008600,O00157155,Quality Issue,2024-04-25
R0008601,O00157171,Damaged Item,2024-11-09
R0008602,O00157177,Quality Issue,2025-10-16
R0008603,O00157227,Late Delivery,2025-05-21
R0008604,O00157228,Changed Mind,2025-07-21
R0008605,O00157258,Wrong Item,2026-01-06
R0008606,O00157301,Late Delivery,2025-11-20
R0008607,O00157329,Changed Mind,2026-01-10
R0008608,O00157330,Wrong Item,2025-05-19
R0008609,O00157346,Changed Mind,2024-06-22
R0008610,O00157368,Late Delivery,2024-07-14
R0008611,O00157405,Quality Issue,2025-12-04
R0008612,O00157435,Quality Issue,2025-09-06
R0008613,O00157438,Size Issue,2023-07-22
R0008614,O00157452,Wrong Item,2025-08-04
R0008615,O00157454,Wrong Item,2025-12-28
R0008616,O00157467,Late Delivery,2025-10-26
R0008617,O00157487,Quality Issue,2025-12-28
R0008618,O00157505,Damaged Item,2025-05-05
R0008619,O00157591,Damaged Item,2024-01-06
R0008620,O00157596,Late Delivery,2025-01-14
R0008621,O00157648,Quality Issue,2025-11-15
R0008622,O00157658,Damaged Item,2025-12-30
R0008623,O00157675,Late Delivery,2024-01-08
R0008624,O00157682,Changed Mind,2025-12-15
R0008625,O00157687,Damaged Item,2024-09-06
R0008626,O00157697,Size Issue,2025-08-16
R0008627,O00157709,Damaged Item,2026-01-20
R0008628,O00157717,Changed Mind,2024-12-17
R0008629,O00157719,Late Delivery,2025-02-09
R0008630,O00157721,Changed Mind,2025-05-29
R0008631,O00157734,Changed Mind,2025-03-27
R0008632,O00157785,Size Issue,2025-12-02
R0008633,O00157787,Size Issue,2023-09-10
R0008634,O00157797,Wrong Item,2025-07-13
R0008635,O00157835,Size Issue,2025-10-14
R0008636,O00157842,Damaged Item,2025-10-29
R0008637,O00157849,Damaged Item,2023-08-16
R0008638,O00157854,Size Issue,2025-06-01
R0008639,O00157858,Quality Issue,2025-12-02
R0008640,O00157879,Damaged Item,2023-12-29
R0008641,O00157905,Size Issue,2026-01-04
R0008642,O00157909,Damaged Item,2024-08-15
R0008643,O00157914,Damaged Item,2024-05-04
R0008644,O00157957,Changed Mind,2025-05-16
R0008645,O00157999,Quality Issue,2024-08-20
R0008646,O00158005,Quality Issue,2025-12-23
R0008647,O00158007,Size Issue,2024-11-18
R0008648,O00158067,Quality Issue,2024-01-02
R0008649,O00158095,Changed Mind,2025-04-01
R0008650,O00158098,Damaged Item,2025-10-25
R0008651,O00158120,Quality Issue,2025-05-01
R0008652,O00158137,Damaged Item,2025-12-12
R0008653,O00158157,Quality Issue,2025-06-09
R0008654,O00158171,Quality Issue,2025-11-15
R0008655,O00158195,Wrong Item,2024-05-16
R0008656,O00158201,Damaged Item,2024-10-14
R0008657,O00158205,Changed Mind,2025-02-23
R0008658,O00158216,Late Delivery,2024-09-29
R0008659,O00158225,Changed Mind,2025-12-31
R0008660,O00158234,Quality Issue,2025-07-01
R0008661,O00158244,Late Delivery,2025-01-11
R0008662,O00158251,Damaged Item,2024-12-31
R0008663,O00158413,Wrong Item,2025-10-23
R0008664,O00158414,Size Issue,2025-11-18
R0008665,O00158419,Changed Mind,2025-12-11
R0008666,O00158433,Late Delivery,2025-12-16
R0008667,O00158443,Quality Issue,2026-01-05
R0008668,O00158460,Quality Issue,2025-08-01
R0008669,O00158543,Size Issue,2025-01-04
R0008670,O00158548,Damaged Item,2025-07-19
R0008671,O00158552,Changed Mind,2025-11-28
R0008672,O00158577,Changed Mind,2026-01-08
R0008673,O00158585,Wrong Item,2025-01-09
R0008674,O00158661,Wrong Item,2025-04-29
R0008675,O00158709,Quality Issue,2025-11-26
R0008676,O00158807,Quality Issue,2025-11-01
R0008677,O00158816,Size Issue,2025-11-22
R0008678,O00158818,Damaged Item,2026-01-13
R0008679,O00158857,Damaged Item,2023-12-29
R0008680,O00158861,Late Delivery,2025-06-11
R0008681,O00158869,Damaged Item,2024-09-28
R0008682,O00158899,Changed Mind,2024-07-30
R0008683,O00158906,Size Issue,2025-12-26
R0008684,O00158910,Quality Issue,2024-02-24
R0008685,O00158932,Quality Issue,2024-09-03
R0008686,O00158934,Quality Issue,2025-12-05
R0008687,O00158941,Damaged Item,2025-10-29
R0008688,O00158962,Quality Issue,2025-07-13
R0008689,O00158983,Damaged Item,2024-11-09
R0008690,O00158987,Damaged Item,2025-05-24
R0008691,O00159000,Size Issue,2025-12-17
R0008692,O00159037,Size Issue,2025-12-10
R0008693,O00159048,Wrong Item,2025-01-25
R0008694,O00159054,Late Delivery,2024-08-11
R0008695,O00159055,Size Issue,2025-10-11
R0008696,O00159088,Damaged Item,2025-02-21
R0008697,O00159125,Late Delivery,2025-08-02
R0008698,O00159145,Damaged Item,2025-08-24
R0008699,O00159154,Damaged Item,2024-09-05
R0008700,O00159187,Size Issue,2024-06-20
R0008701,O00159191,Damaged Item,2025-05-05
R0008702,O00159257,Wrong Item,2026-01-01
R0008703,O00159272,Quality Issue,2025-11-28
R0008704,O00159288,Damaged Item,2025-07-08
R0008705,O00159316,Wrong Item,2025-11-21
R0008706,O00159319,Damaged Item,2025-07-17
R0008707,O00159323,Quality Issue,2025-12-13
R0008708,O00159364,Damaged Item,2025-04-22
R0008709,O00159365,Damaged Item,2025-07-22
R0008710,O00159475,Wrong Item,2025-11-25
R0008711,O00159531,Late Delivery,2024-06-08
R0008712,O00159564,Changed Mind,2025-10-24
R0008713,O00159567,Wrong Item,2025-11-18
R0008714,O00159625,Changed Mind,2024-03-06
R0008715,O00159645,Changed Mind,2025-08-17
R0008716,O00159658,Quality Issue,2023-10-23
R0008717,O00159682,Quality Issue,2025-06-28
R0008718,O00159687,Quality Issue,2023-06-27
R0008719,O00159689,Changed Mind,2024-07-22
R0008720,O00159693,Damaged Item,2023-12-07
R0008721,O00159706,Wrong Item,2025-05-29
R0008722,O00159712,Damaged Item,2025-09-07
R0008723,O00159747,Size Issue,2025-06-09
R0008724,O00159787,Damaged Item,2024-01-18
R0008725,O00159823,Quality Issue,2025-04-27
R0008726,O00159844,Wrong Item,2025-12-23
R0008727,O00159877,Damaged Item,2025-05-05
R0008728,O00159887,Late Delivery,2025-05-15
R0008729,O00159917,Changed Mind,2025-08-07
R0008730,O00159923,Size Issue,2025-09-07
R0008731,O00160011,Quality Issue,2025-03-31
R0008732,O00160015,Size Issue,2025-07-18
R0008733,O00160111,Late Delivery,2025-11-09
R0008734,O00160114,Wrong Item,2023-08-30
R0008735,O00160153,Damaged Item,2025-09-08
R0008736,O00160157,Damaged Item,2025-07-11
R0008737,O00160159,Wrong Item,2025-10-08
R0008738,O00160171,Quality Issue,2025-11-16
R0008739,O00160197,Damaged Item,2023-04-13
R0008740,O00160204,Size Issue,2023-09-01
R0008741,O00160236,Late Delivery,2025-08-20
R0008742,O00160249,Wrong Item,2025-11-07
R0008743,O00160264,Wrong Item,2024-05-28
R0008744,O00160270,Wrong Item,2025-03-05
R0008745,O00160272,Size Issue,2025-09-24
R0008746,O00160284,Size Issue,2024-09-06
R0008747,O00160285,Damaged Item,2024-11-03
R0008748,O00160306,Late Delivery,2025-08-05
R0008749,O00160321,Damaged Item,2023-12-09
R0008750,O00160334,Quality Issue,2024-09-27
R0008751,O00160346,Wrong Item,2025-12-05
R0008752,O00160348,Wrong Item,2025-10-20
R0008753,O00160351,Changed Mind,2025-12-01
R0008754,O00160374,Damaged Item,2025-06-25
R0008755,O00160382,Late Delivery,2025-03-07
R0008756,O00160401,Late Delivery,2025-06-09
R0008757,O00160410,Wrong Item,2025-04-11
R0008758,O00160418,Wrong Item,2025-12-13
R0008759,O00160462,Size Issue,2024-11-11
R0008760,O00160466,Quality Issue,2025-04-12
R0008761,O00160467,Wrong Item,2025-05-03
R0008762,O00160469,Wrong Item,2025-07-19
R0008763,O00160480,Changed Mind,2025-07-28
R0008764,O00160523,Damaged Item,2024-12-13
R0008765,O00160524,Late Delivery,2025-04-07
R0008766,O00160529,Quality Issue,2025-07-24
R0008767,O00160531,Quality Issue,2025-08-10
R0008768,O00160536,Wrong Item,2025-08-02
R0008769,O00160539,Late Delivery,2025-09-08
R0008770,O00160558,Wrong Item,2025-09-12
R0008771,O00160580,Changed Mind,2024-05-26
R0008772,O00160605,Wrong Item,2025-07-27
R0008773,O00160622,Late Delivery,2024-12-22
R0008774,O00160652,Wrong Item,2025-09-05
R0008775,O00160659,Damaged Item,2025-11-10
R0008776,O00160669,Size Issue,2024-02-10
R0008777,O00160682,Quality Issue,2025-12-14
R0008778,O00160704,Quality Issue,2023-08-31
R0008779,O00160719,Quality Issue,2025-07-07
R0008780,O00160727,Size Issue,2024-06-30
R0008781,O00160735,Late Delivery,2025-03-06
R0008782,O00160743,Size Issue,2025-09-26
R0008783,O00160789,Late Delivery,2025-12-05
R0008784,O00160818,Wrong Item,2025-01-20
R0008785,O00160825,Size Issue,2025-10-10
R0008786,O00160828,Wrong Item,2025-12-06
R0008787,O00160878,Late Delivery,2026-01-16
R0008788,O00160880,Size Issue,2025-08-05
R0008789,O00160882,Damaged Item,2024-06-03
R0008790,O00160883,Quality Issue,2024-07-22
R0008791,O00160938,Wrong Item,2025-07-24
R0008792,O00160960,Late Delivery,2025-12-03
R0008793,O00160975,Size Issue,2025-06-25
R0008794,O00160979,Damaged Item,2025-10-01
R0008795,O00161010,Size Issue,2025-12-05
R0008796,O00161023,Changed Mind,2025-06-12
R0008797,O00161064,Wrong Item,2025-12-16
R0008798,O00161083,Wrong Item,2024-05-14
R0008799,O00161115,Late Delivery,2026-01-13
R0008800,O00161120,Size Issue,2024-11-11
R0008801,O00161148,Damaged Item,2025-05-14
R0008802,O00161167,Changed Mind,2025-03-30
R0008803,O00161174,Wrong Item,2025-12-02
R0008804,O00161191,Quality Issue,2026-01-08
R0008805,O00161257,Changed Mind,2025-10-15
R0008806,O00161292,Late Delivery,2025-11-21
R0008807,O00161394,Quality Issue,2025-11-12
R0008808,O00161403,Damaged Item,2026-01-22
R0008809,O00161457,Size Issue,2024-12-13
R0008810,O00161471,Size Issue,2025-12-09
R0008811,O00161475,Wrong Item,2023-09-05
R0008812,O00161534,Changed Mind,2025-07-23
R0008813,O00161542,Size Issue,2025-10-16
R0008814,O00161602,Quality Issue,2024-10-09
R0008815,O00161635,Quality Issue,2025-12-29
R0008816,O00161637,Late Delivery,2026-01-03
R0008817,O00161639,Size Issue,2025-08-21
R0008818,O00161658,Wrong Item,2025-01-09
R0008819,O00161674,Quality Issue,2025-12-05
R0008820,O00161685,Size Issue,2024-08-12
R0008821,O00161698,Quality Issue,2025-09-18
R0008822,O00161745,Late Delivery,2025-12-26
R0008823,O00161794,Wrong Item,2025-11-01
R0008824,O00161802,Changed Mind,2025-07-05
R0008825,O00161833,Size Issue,2023-09-23
R0008826,O00161836,Quality Issue,2025-07-12
R0008827,O00161885,Size Issue,2025-11-22
R0008828,O00161904,Wrong Item,2024-06-04
R0008829,O00161930,Changed Mind,2023-09-02
R0008830,O00161962,Wrong Item,2023-12-24
R0008831,O00161987,Late Delivery,2025-01-05
R0008832,O00161994,Quality Issue,2025-12-07
R0008833,O00161997,Changed Mind,2025-12-07
R0008834,O00162016,Size Issue,2026-01-14
R0008835,O00162068,Size Issue,2024-02-11
R0008836,O00162071,Damaged Item,2024-11-20
R0008837,O00162141,Wrong Item,2025-10-27
R0008838,O00162192,Changed Mind,2025-11-27
R0008839,O00162203,Quality Issue,2024-07-25
R0008840,O00162247,Quality Issue,2023-12-18
R0008841,O00162255,Late Delivery,2024-10-03
R0008842,O00162261,Damaged Item,2025-09-06
R0008843,O00162264,Damaged Item,2025-10-05
R0008844,O00162278,Wrong Item,2024-01-15
R0008845,O00162305,Late Delivery,2025-12-09
R0008846,O00162317,Quality Issue,2024-11-13
R0008847,O00162338,Changed Mind,2025-08-08
R0008848,O00162351,Late Delivery,2024-06-04
R0008849,O00162353,Wrong Item,2024-12-09
R0008850,O00162375,Late Delivery,2024-08-12
R0008851,O00162392,Late Delivery,2024-12-22
R0008852,O00162405,Quality Issue,2026-01-28
R0008853,O00162436,Changed Mind,2024-08-20
R0008854,O00162501,Damaged Item,2025-11-05
R0008855,O00162512,Wrong Item,2025-01-09
R0008856,O00162513,Size Issue,2023-03-10
R0008857,O00162517,Damaged Item,2024-05-27
R0008858,O00162563,Late Delivery,2025-12-01
R0008859,O00162567,Damaged Item,2023-12-30
R0008860,O00162609,Wrong Item,2024-11-09
R0008861,O00162617,Late Delivery,2025-01-12
R0008862,O00162638,Wrong Item,2024-11-18
R0008863,O00162643,Quality Issue,2024-12-30
R0008864,O00162647,Size Issue,2025-10-19
R0008865,O00162659,Quality Issue,2023-07-19
R0008866,O00162670,Quality Issue,2025-01-10
R0008867,O00162690,Damaged Item,2024-04-15
R0008868,O00162702,Damaged Item,2024-03-10
R0008869,O00162721,Changed Mind,2025-06-22
R0008870,O00162737,Late Delivery,2025-09-05
R0008871,O00162756,Wrong Item,2025-01-03
R0008872,O00162775,Quality Issue,2024-03-17
R0008873,O00162825,Wrong Item,2025-01-19
R0008874,O00162826,Late Delivery,2024-11-10
R0008875,O00162835,Quality Issue,2025-05-29
R0008876,O00162910,Wrong Item,2025-06-21
R0008877,O00162912,Size Issue,2025-12-11
R0008878,O00162916,Quality Issue,2025-06-29
R0008879,O00162938,Wrong Item,2025-04-15
R0008880,O00162942,Wrong Item,2026-01-19
R0008881,O00162953,Size Issue,2024-12-18
R0008882,O00162963,Late Delivery,2026-01-06
R0008883,O00162969,Damaged Item,2024-10-16
R0008884,O00162970,Damaged Item,2024-11-28
R0008885,O00163006,Changed Mind,2024-06-03
R0008886,O00163026,Size Issue,2025-09-15
R0008887,O00163034,Wrong Item,2025-12-08
R0008888,O00163047,Changed Mind,2024-08-10
R0008889,O00163113,Quality Issue,2025-11-09
R0008890,O00163121,Quality Issue,2025-05-15
R0008891,O00163134,Changed Mind,2025-10-11
R0008892,O00163143,Quality Issue,2023-12-22
R0008893,O00163210,Size Issue,2024-12-24
R0008894,O00163221,Late Delivery,2025-04-08
R0008895,O00163311,Quality Issue,2026-01-02
R0008896,O00163348,Damaged Item,2025-04-08
R0008897,O00163450,Size Issue,2025-04-26
R0008898,O00163474,Wrong Item,2023-12-12
R0008899,O00163482,Changed Mind,2025-03-16
R0008900,O00163483,Wrong Item,2025-09-17
R0008901,O00163488,Quality Issue,2025-09-22
R0008902,O00163508,Quality Issue,2023-07-06
R0008903,O00163520,Quality Issue,2025-11-28
R0008904,O00163527,Quality Issue,2025-09-16
R0008905,O00163529,Changed Mind,2025-11-13
R0008906,O00163543,Quality Issue,2025-10-02
R0008907,O00163546,Damaged Item,2025-10-14
R0008908,O00163569,Wrong Item,2024-04-05
R0008909,O00163588,Late Delivery,2024-12-03
R0008910,O00163593,Quality Issue,2025-12-18
R0008911,O00163605,Size Issue,2025-04-11
R0008912,O00163608,Quality Issue,2024-12-15
R0008913,O00163636,Changed Mind,2025-04-12
R0008914,O00163650,Size Issue,2025-01-21
R0008915,O00163669,Quality Issue,2024-09-03
R0008916,O00163685,Damaged Item,2024-08-13
R0008917,O00163697,Size Issue,2025-07-05
R0008918,O00163723,Wrong Item,2025-05-08
R0008919,O00163733,Quality Issue,2024-06-22
R0008920,O00163775,Wrong Item,2024-08-19
R0008921,O00163790,Wrong Item,2025-09-28
R0008922,O00163799,Size Issue,2025-07-06
R0008923,O00163873,Quality Issue,2024-06-11
R0008924,O00163878,Damaged Item,2025-10-23
R0008925,O00163888,Damaged Item,2024-09-28
R0008926,O00163895,Size Issue,2025-11-21
R0008927,O00163911,Late Delivery,2025-12-14
R0008928,O00163919,Size Issue,2025-10-29
R0008929,O00163923,Damaged Item,2026-01-23
R0008930,O00163950,Quality Issue,2025-08-21
R0008931,O00163954,Size Issue,2025-12-04
R0008932,O00164017,Size Issue,2024-11-25
R0008933,O00164021,Damaged Item,2023-09-05
R0008934,O00164027,Damaged Item,2024-09-14
R0008935,O00164038,Changed Mind,2025-05-15
R0008936,O00164052,Damaged Item,2025-05-28
R0008937,O00164080,Wrong Item,2026-01-29
R0008938,O00164084,Size Issue,2024-10-23
R0008939,O00164088,Size Issue,2025-05-10
R0008940,O00164106,Quality Issue,2025-12-21
R0008941,O00164110,Damaged Item,2025-12-17
R0008942,O00164113,Damaged Item,2024-12-24
R0008943,O00164120,Wrong Item,2025-07-03
R0008944,O00164137,Quality Issue,2025-10-01
R0008945,O00164153,Changed Mind,2024-11-26
R0008946,O00164162,Changed Mind,2025-04-02
R0008947,O00164164,Quality Issue,2025-08-04
R0008948,O00164168,Wrong Item,2025-12-10
R0008949,O00164176,Damaged Item,2025-09-29
R0008950,O00164180,Changed Mind,2026-01-04
R0008951,O00164194,Quality Issue,2024-10-19
R0008952,O00164220,Changed Mind,2026-01-28
R0008953,O00164223,Quality Issue,2025-11-16
R0008954,O00164228,Size Issue,2025-10-13
R0008955,O00164260,Size Issue,2024-08-10
R0008956,O00164277,Quality Issue,2024-04-03
R0008957,O00164279,Wrong Item,2025-09-10
R0008958,O00164288,Late Delivery,2024-12-15
R0008959,O00164298,Changed Mind,2025-04-18
R0008960,O00164306,Late Delivery,2024-07-13
R0008961,O00164342,Changed Mind,2025-08-27
R0008962,O00164358,Wrong Item,2025-09-22
R0008963,O00164364,Late Delivery,2023-11-12
R0008964,O00164378,Wrong Item,2025-07-15
R0008965,O00164400,Damaged Item,2025-06-03
R0008966,O00164403,Changed Mind,2025-12-12
R0008967,O00164413,Changed Mind,2025-09-09
R0008968,O00164435,Size Issue,2025-01-31
R0008969,O00164457,Late Delivery,2024-01-14
R0008970,O00164471,Quality Issue,2025-07-26
R0008971,O00164496,Quality Issue,2025-07-29
R0008972,O00164512,Quality Issue,2025-11-29
R0008973,O00164552,Damaged Item,2024-09-15
R0008974,O00164566,Changed Mind,2026-01-17
R0008975,O00164576,Wrong Item,2023-09-29
R0008976,O00164624,Wrong Item,2025-01-05
R0008977,O00164674,Quality Issue,2025-11-16
R0008978,O00164687,Size Issue,2025-12-03
R0008979,O00164691,Late Delivery,2024-12-10
R0008980,O00164731,Quality Issue,2025-11-15
R0008981,O00164740,Late Delivery,2024-02-27
R0008982,O00164752,Late Delivery,2025-12-02
R0008983,O00164762,Size Issue,2025-11-04
R0008984,O00164763,Damaged Item,2025-11-23
R0008985,O00164767,Changed Mind,2025-06-06
R0008986,O00164771,Late Delivery,2026-01-24
R0008987,O00164775,Changed Mind,2025-12-31
R0008988,O00164776,Quality Issue,2023-12-07
R0008989,O00164780,Damaged Item,2025-12-21
R0008990,O00164817,Wrong Item,2024-07-09
R0008991,O00164855,Wrong Item,2023-11-23
R0008992,O00164865,Damaged Item,2023-12-06
R0008993,O00164885,Damaged Item,2025-08-21
R0008994,O00164895,Size Issue,2025-08-16
R0008995,O00164914,Quality Issue,2025-05-17
R0008996,O00164920,Late Delivery,2025-10-24
R0008997,O00164927,Late Delivery,2024-06-26
R0008998,O00164928,Changed Mind,2024-07-25
R0008999,O00164968,Wrong Item,2025-03-13
R0009000,O00164975,Damaged Item,2024-11-23
R0009001,O00164976,Wrong Item,2025-08-03
R0009002,O00165000,Damaged Item,2024-12-09
R0009003,O00165015,Damaged Item,2024-12-05
R0009004,O00165022,Changed Mind,2025-07-14
R0009005,O00165045,Size Issue,2025-12-27
R0009006,O00165060,Size Issue,2025-06-25
R0009007,O00165062,Quality Issue,2025-07-25
R0009008,O00165077,Damaged Item,2024-10-25
R0009009,O00165082,Changed Mind,2023-12-19
R0009010,O00165096,Wrong Item,2025-04-25
R0009011,O00165097,Size Issue,2025-06-02
R0009012,O00165100,Late Delivery,2025-10-30
R0009013,O00165131,Quality Issue,2024-10-31
R0009014,O00165197,Late Delivery,2025-08-30
R0009015,O00165200,Size Issue,2025-05-03
R0009016,O00165215,Damaged Item,2025-09-25
R0009017,O00165229,Wrong Item,2025-11-17
R0009018,O00165231,Size Issue,2025-11-28
R0009019,O00165233,Damaged Item,2025-12-09
R0009020,O00165264,Size Issue,2025-12-30
R0009021,O00165296,Quality Issue,2025-09-21
R0009022,O00165299,Size Issue,2026-01-11
R0009023,O00165307,Wrong Item,2025-07-09
R0009024,O00165372,Wrong Item,2023-08-15
R0009025,O00165378,Wrong Item,2024-08-10
R0009026,O00165388,Quality Issue,2024-02-22
R0009027,O00165415,Size Issue,2025-08-03
R0009028,O00165433,Changed Mind,2025-10-18
R0009029,O00165448,Changed Mind,2025-12-04
R0009030,O00165468,Damaged Item,2025-11-21
R0009031,O00165486,Late Delivery,2025-06-11
R0009032,O00165516,Wrong Item,2025-11-30
R0009033,O00165527,Late Delivery,2025-09-15
R0009034,O00165533,Wrong Item,2023-10-28
R0009035,O00165552,Changed Mind,2025-06-25
R0009036,O00165554,Size Issue,2025-11-22
R0009037,O00165562,Quality Issue,2025-07-10
R0009038,O00165619,Changed Mind,2024-05-29
R0009039,O00165675,Damaged Item,2025-12-23
R0009040,O00165682,Quality Issue,2024-09-02
R0009041,O00165683,Quality Issue,2025-05-05
R0009042,O00165726,Quality Issue,2024-11-17
R0009043,O00165744,Quality Issue,2025-09-18
R0009044,O00165763,Damaged Item,2025-06-01
R0009045,O00165780,Size Issue,2025-10-18
R0009046,O00165806,Quality Issue,2025-04-23
R0009047,O00165820,Damaged Item,2025-10-05
R0009048,O00165827,Changed Mind,2025-06-04
R0009049,O00165850,Changed Mind,2025-02-02
R0009050,O00165881,Late Delivery,2024-12-20
R0009051,O00165887,Size Issue,2024-06-04
R0009052,O00165892,Quality Issue,2026-01-16
R0009053,O00165923,Changed Mind,2025-11-27
R0009054,O00165939,Changed Mind,2024-11-02
R0009055,O00165953,Late Delivery,2023-11-19
R0009056,O00165984,Quality Issue,2024-06-20
R0009057,O00165998,Size Issue,2025-12-03
R0009058,O00166012,Changed Mind,2024-08-24
R0009059,O00166084,Late Delivery,2025-03-16
R0009060,O00166096,Damaged Item,2025-05-12
R0009061,O00166108,Late Delivery,2025-04-20
R0009062,O00166135,Changed Mind,2024-07-24
R0009063,O00166136,Quality Issue,2025-06-08
R0009064,O00166161,Damaged Item,2025-03-15
R0009065,O00166164,Late Delivery,2025-11-09
R0009066,O00166167,Late Delivery,2024-01-10
R0009067,O00166185,Wrong Item,2024-07-29
R0009068,O00166204,Changed Mind,2024-12-29
R0009069,O00166266,Late Delivery,2025-05-19
R0009070,O00166280,Damaged Item,2024-09-04
R0009071,O00166306,Size Issue,2024-01-19
R0009072,O00166367,Size Issue,2025-12-29
R0009073,O00166421,Quality Issue,2025-10-11
R0009074,O00166424,Wrong Item,2026-01-26
R0009075,O00166435,Changed Mind,2024-09-10
R0009076,O00166439,Size Issue,2025-12-09
R0009077,O00166444,Quality Issue,2025-10-17
R0009078,O00166449,Changed Mind,2025-09-01
R0009079,O00166456,Wrong Item,2025-04-19
R0009080,O00166472,Wrong Item,2024-07-21
R0009081,O00166536,Quality Issue,2024-08-20
R0009082,O00166544,Size Issue,2025-12-10
R0009083,O00166549,Size Issue,2025-04-12
R0009084,O00166567,Wrong Item,2025-07-05
R0009085,O00166570,Damaged Item,2025-08-27
R0009086,O00166586,Late Delivery,2025-05-16
R0009087,O00166597,Changed Mind,2023-04-26
R0009088,O00166598,Damaged Item,2023-05-02
R0009089,O00166599,Size Issue,2023-07-07
R0009090,O00166602,Damaged Item,2023-12-11
R0009091,O00166631,Size Issue,2023-09-16
R0009092,O00166634,Late Delivery,2025-07-09
R0009093,O00166654,Changed Mind,2024-06-02
R0009094,O00166667,Wrong Item,2025-05-18
R0009095,O00166699,Late Delivery,2026-01-11
R0009096,O00166719,Changed Mind,2026-01-16
R0009097,O00166758,Size Issue,2024-03-18
R0009098,O00166760,Size Issue,2024-06-27
R0009099,O00166772,Quality Issue,2025-09-10
R0009100,O00166815,Quality Issue,2025-07-13
R0009101,O00166822,Size Issue,2025-10-15
R0009102,O00166876,Damaged Item,2025-11-29
R0009103,O00166903,Changed Mind,2024-08-17
R0009104,O00166904,Wrong Item,2024-08-24
R0009105,O00166910,Late Delivery,2026-01-05
R0009106,O00166915,Quality Issue,2025-02-20
R0009107,O00166925,Damaged Item,2024-12-18
R0009108,O00166947,Quality Issue,2025-03-16
R0009109,O00166953,Quality Issue,2023-06-01
R0009110,O00166963,Changed Mind,2025-09-10
R0009111,O00166989,Damaged Item,2023-05-04
R0009112,O00167066,Wrong Item,2024-11-18
R0009113,O00167068,Late Delivery,2025-07-11
R0009114,O00167071,Size Issue,2025-12-30
R0009115,O00167080,Wrong Item,2025-04-13
R0009116,O00167170,Size Issue,2025-12-25
R0009117,O00167193,Size Issue,2026-01-18
R0009118,O00167200,Quality Issue,2025-12-29
R0009119,O00167207,Size Issue,2026-01-09
R0009120,O00167214,Quality Issue,2025-01-27
R0009121,O00167221,Quality Issue,2023-12-17
R0009122,O00167235,Late Delivery,2025-11-05
R0009123,O00167271,Size Issue,2024-08-23
R0009124,O00167288,Size Issue,2025-06-25
R0009125,O00167289,Late Delivery,2025-09-20
R0009126,O00167290,Late Delivery,2025-11-30
R0009127,O00167299,Late Delivery,2025-02-25
R0009128,O00167372,Late Delivery,2026-01-13
R0009129,O00167383,Damaged Item,2026-01-05
R0009130,O00167387,Late Delivery,2025-06-26
R0009131,O00167417,Wrong Item,2025-05-18
R0009132,O00167442,Quality Issue,2025-05-25
R0009133,O00167449,Quality Issue,2026-01-30
R0009134,O00167465,Changed Mind,2025-11-20
R0009135,O00167495,Quality Issue,2024-06-09
R0009136,O00167501,Late Delivery,2023-10-10
R0009137,O00167502,Quality Issue,2024-08-08
R0009138,O00167518,Damaged Item,2023-12-05
R0009139,O00167557,Quality Issue,2025-12-27
R0009140,O00167589,Late Delivery,2025-12-10
R0009141,O00167591,Wrong Item,2023-04-30
R0009142,O00167592,Quality Issue,2023-10-27
R0009143,O00167604,Quality Issue,2026-01-24
R0009144,O00167613,Quality Issue,2025-09-27
R0009145,O00167624,Damaged Item,2025-06-01
R0009146,O00167625,Size Issue,2025-06-15
R0009147,O00167634,Damaged Item,2026-01-05
R0009148,O00167642,Late Delivery,2025-05-28
R0009149,O00167659,Wrong Item,2025-11-03
R0009150,O00167672,Changed Mind,2026-01-25
R0009151,O00167673,Size Issue,2023-03-07
R0009152,O00167693,Late Delivery,2025-04-09
R0009153,O00167702,Size Issue,2025-07-06
R0009154,O00167749,Quality Issue,2025-03-30
R0009155,O00167759,Size Issue,2024-08-09
R0009156,O00167765,Quality Issue,2025-12-06
R0009157,O00167801,Damaged Item,2025-05-02
R0009158,O00167820,Quality Issue,2025-10-19
R0009159,O00167836,Quality Issue,2025-10-06
R0009160,O00167848,Size Issue,2025-09-29
R0009161,O00167865,Wrong Item,2025-11-11
R0009162,O00167887,Size Issue,2024-03-16
R0009163,O00167910,Changed Mind,2024-04-28
R0009164,O00167919,Wrong Item,2025-06-26
R0009165,O00167940,Size Issue,2025-05-04
R0009166,O00167955,Damaged Item,2024-10-14
R0009167,O00167969,Wrong Item,2024-10-22
R0009168,O00168002,Size Issue,2025-08-08
R0009169,O00168025,Quality Issue,2026-01-05
R0009170,O00168036,Quality Issue,2025-12-09
R0009171,O00168069,Late Delivery,2025-03-31
R0009172,O00168087,Size Issue,2025-03-26
R0009173,O00168124,Damaged Item,2025-06-05
R0009174,O00168143,Size Issue,2025-12-19
R0009175,O00168153,Damaged Item,2025-02-15
R0009176,O00168161,Quality Issue,2023-09-18
R0009177,O00168254,Quality Issue,2025-01-02
R0009178,O00168258,Quality Issue,2025-12-24
R0009179,O00168277,Size Issue,2025-12-05
R0009180,O00168294,Wrong Item,2024-04-02
R0009181,O00168305,Changed Mind,2023-09-06
R0009182,O00168311,Quality Issue,2024-06-14
R0009183,O00168317,Wrong Item,2025-10-04
R0009184,O00168318,Changed Mind,2025-11-20
R0009185,O00168331,Quality Issue,2025-07-28
R0009186,O00168384,Changed Mind,2023-03-10
R0009187,O00168385,Wrong Item,2024-09-07
R0009188,O00168458,Changed Mind,2025-07-21
R0009189,O00168470,Quality Issue,2024-07-14
R0009190,O00168490,Damaged Item,2025-09-09
R0009191,O00168506,Quality Issue,2025-11-23
R0009192,O00168515,Late Delivery,2025-12-16
R0009193,O00168589,Damaged Item,2023-12-01
R0009194,O00168632,Size Issue,2023-04-26
R0009195,O00168677,Late Delivery,2025-06-02
R0009196,O00168678,Late Delivery,2025-09-28
R0009197,O00168719,Late Delivery,2024-12-26
R0009198,O00168730,Size Issue,2025-06-26
R0009199,O00168790,Changed Mind,2024-07-27
R0009200,O00168814,Late Delivery,2025-11-27
R0009201,O00168827,Size Issue,2025-04-10
R0009202,O00168828,Quality Issue,2025-12-24
R0009203,O00168836,Quality Issue,2024-11-14
R0009204,O00168861,Quality Issue,2024-08-28
R0009205,O00168864,Quality Issue,2025-09-03
R0009206,O00168876,Damaged Item,2025-10-08
R0009207,O00168890,Damaged Item,2025-10-04
R0009208,O00168891,Late Delivery,2025-10-24
R0009209,O00168893,Wrong Item,2025-11-03
R0009210,O00168894,Changed Mind,2025-12-07
R0009211,O00168898,Wrong Item,2025-10-14
R0009212,O00168899,Late Delivery,2025-12-17
R0009213,O00168900,Damaged Item,2025-12-05
R0009214,O00168935,Late Delivery,2024-04-25
R0009215,O00168996,Wrong Item,2025-11-26
R0009216,O00169000,Size Issue,2025-12-31
R0009217,O00169016,Damaged Item,2023-08-18
R0009218,O00169022,Quality Issue,2024-08-20
R0009219,O00169023,Damaged Item,2024-11-10
R0009220,O00169026,Quality Issue,2025-04-17
R0009221,O00169039,Damaged Item,2025-10-15
R0009222,O00169047,Damaged Item,2025-05-15
R0009223,O00169049,Late Delivery,2025-07-06
R0009224,O00169050,Size Issue,2025-11-06
R0009225,O00169056,Size Issue,2026-01-25
R0009226,O00169070,Damaged Item,2025-08-26
R0009227,O00169088,Changed Mind,2024-09-05
R0009228,O00169130,Late Delivery,2026-01-04
R0009229,O00169140,Quality Issue,2025-08-27
R0009230,O00169163,Quality Issue,2024-11-09
R0009231,O00169170,Wrong Item,2025-09-14
R0009232,O00169171,Wrong Item,2025-09-19
R0009233,O00169196,Wrong Item,2025-09-22
R0009234,O00169223,Quality Issue,2025-12-22
R0009235,O00169225,Damaged Item,2026-01-04
R0009236,O00169238,Changed Mind,2025-12-11
R0009237,O00169247,Changed Mind,2024-10-09
R0009238,O00169255,Wrong Item,2024-10-16
R0009239,O00169270,Late Delivery,2025-06-15
R0009240,O00169294,Wrong Item,2023-06-21
R0009241,O00169300,Late Delivery,2025-02-18
R0009242,O00169301,Damaged Item,2025-07-03
R0009243,O00169302,Late Delivery,2025-11-01
R0009244,O00169309,Changed Mind,2024-07-23
R0009245,O00169315,Wrong Item,2025-09-28
R0009246,O00169321,Quality Issue,2025-11-03
R0009247,O00169331,Damaged Item,2025-10-16
R0009248,O00169338,Wrong Item,2024-06-08
R0009249,O00169363,Wrong Item,2025-08-13
R0009250,O00169366,Size Issue,2025-12-26
R0009251,O00169395,Damaged Item,2025-12-01
R0009252,O00169427,Damaged Item,2024-06-07
R0009253,O00169442,Quality Issue,2025-03-31
R0009254,O00169456,Size Issue,2025-07-27
R0009255,O00169467,Changed Mind,2025-11-05
R0009256,O00169469,Damaged Item,2025-12-30
R0009257,O00169475,Damaged Item,2025-07-22
R0009258,O00169482,Size Issue,2026-01-10
R0009259,O00169497,Damaged Item,2026-01-13
R0009260,O00169527,Quality Issue,2025-01-16
R0009261,O00169573,Quality Issue,2026-01-04
R0009262,O00169574,Wrong Item,2025-12-28
R0009263,O00169580,Late Delivery,2026-01-12
R0009264,O00169590,Wrong Item,2025-11-19
R0009265,O00169594,Size Issue,2025-12-03
R0009266,O00169602,Wrong Item,2025-10-24
R0009267,O00169649,Damaged Item,2024-08-02
R0009268,O00169653,Late Delivery,2025-06-04
R0009269,O00169758,Size Issue,2025-10-01
R0009270,O00169811,Late Delivery,2025-08-11
R0009271,O00169814,Wrong Item,2025-10-23
R0009272,O00169821,Late Delivery,2025-12-28
R0009273,O00169875,Damaged Item,2025-10-30
R0009274,O00169884,Wrong Item,2024-12-29
R0009275,O00169901,Size Issue,2025-11-09
R0009276,O00169903,Size Issue,2025-12-12
R0009277,O00169915,Changed Mind,2026-01-11
R0009278,O00169922,Size Issue,2025-05-28
R0009279,O00169930,Wrong Item,2024-02-18
R0009280,O00169939,Size Issue,2025-09-23
R0009281,O00169977,Late Delivery,2025-12-27
R0009282,O00169979,Late Delivery,2026-01-07
R0009283,O00169983,Late Delivery,2025-10-08
R0009284,O00169987,Wrong Item,2026-01-16
R0009285,O00170002,Changed Mind,2024-08-14
R0009286,O00170018,Quality Issue,2023-08-09
R0009287,O00170040,Wrong Item,2024-06-23
R0009288,O00170049,Wrong Item,2025-02-21
R0009289,O00170073,Damaged Item,2024-11-04
R0009290,O00170147,Late Delivery,2025-10-17
R0009291,O00170152,Wrong Item,2023-05-18
R0009292,O00170163,Late Delivery,2024-01-05
R0009293,O00170223,Late Delivery,2025-08-28
R0009294,O00170229,Changed Mind,2025-11-12
R0009295,O00170246,Wrong Item,2023-11-01
R0009296,O00170250,Quality Issue,2024-11-21
R0009297,O00170264,Damaged Item,2026-01-05
R0009298,O00170294,Damaged Item,2023-09-03
R0009299,O00170295,Damaged Item,2025-01-11
R0009300,O00170326,Late Delivery,2025-04-23
R0009301,O00170327,Size Issue,2025-06-30
R0009302,O00170328,Damaged Item,2025-09-05
R0009303,O00170335,Size Issue,2025-04-28
R0009304,O00170359,Wrong Item,2025-02-09
R0009305,O00170367,Changed Mind,2024-05-14
R0009306,O00170369,Late Delivery,2024-06-15
R0009307,O00170377,Wrong Item,2025-07-31
R0009308,O00170388,Changed Mind,2025-09-16
R0009309,O00170395,Changed Mind,2025-09-02
R0009310,O00170432,Wrong Item,2024-07-20
R0009311,O00170437,Wrong Item,2025-05-06
R0009312,O00170443,Changed Mind,2025-11-16
R0009313,O00170455,Size Issue,2026-01-13
R0009314,O00170472,Late Delivery,2025-11-19
R0009315,O00170516,Late Delivery,2025-12-24
R0009316,O00170519,Wrong Item,2026-01-10
R0009317,O00170530,Damaged Item,2023-11-11
R0009318,O00170534,Damaged Item,2024-06-12
R0009319,O00170576,Changed Mind,2025-10-29
R0009320,O00170579,Late Delivery,2024-08-30
R0009321,O00170613,Damaged Item,2025-08-18
R0009322,O00170618,Size Issue,2025-12-11
R0009323,O00170630,Quality Issue,2025-12-05
R0009324,O00170641,Size Issue,2025-04-02
R0009325,O00170646,Changed Mind,2025-10-21
R0009326,O00170655,Wrong Item,2026-01-26
R0009327,O00170660,Quality Issue,2024-05-30
R0009328,O00170662,Quality Issue,2025-06-06
R0009329,O00170705,Wrong Item,2025-03-25
R0009330,O00170754,Late Delivery,2024-11-28
R0009331,O00170847,Wrong Item,2025-07-06
R0009332,O00170859,Damaged Item,2025-12-25
R0009333,O00170883,Changed Mind,2025-12-04
R0009334,O00170894,Wrong Item,2025-10-15
R0009335,O00170903,Size Issue,2025-11-19
R0009336,O00170913,Damaged Item,2025-09-18
R0009337,O00170932,Changed Mind,2025-12-23
R0009338,O00170995,Wrong Item,2026-01-09
R0009339,O00170996,Late Delivery,2024-10-29
R0009340,O00171008,Late Delivery,2024-01-21
R0009341,O00171010,Size Issue,2024-03-09
R0009342,O00171056,Size Issue,2026-01-09
R0009343,O00171076,Changed Mind,2025-12-19
R0009344,O00171102,Late Delivery,2023-09-10
R0009345,O00171115,Wrong Item,2025-12-25
R0009346,O00171154,Changed Mind,2025-06-07
R0009347,O00171157,Damaged Item,2025-07-20
R0009348,O00171158,Changed Mind,2023-10-10
R0009349,O00171177,Damaged Item,2025-03-01
R0009350,O00171184,Damaged Item,2024-02-04
R0009351,O00171268,Changed Mind,2025-05-20
R0009352,O00171287,Quality Issue,2026-01-25
R0009353,O00171331,Damaged Item,2025-06-10
R0009354,O00171337,Damaged Item,2023-04-16
R0009355,O00171384,Damaged Item,2025-02-15
R0009356,O00171412,Late Delivery,2025-10-08
R0009357,O00171449,Late Delivery,2025-07-17
R0009358,O00171463,Late Delivery,2023-12-07
R0009359,O00171536,Wrong Item,2025-12-26
R0009360,O00171562,Damaged Item,2025-07-09
R0009361,O00171586,Changed Mind,2025-05-25
R0009362,O00171629,Damaged Item,2025-07-02
R0009363,O00171644,Late Delivery,2025-12-03
R0009364,O00171653,Changed Mind,2025-05-05
R0009365,O00171668,Changed Mind,2024-12-12
R0009366,O00171669,Damaged Item,2025-02-04
R0009367,O00171691,Quality Issue,2024-08-30
R0009368,O00171717,Quality Issue,2025-03-21
R0009369,O00171737,Size Issue,2025-11-06
R0009370,O00171750,Changed Mind,2025-04-10
R0009371,O00171761,Quality Issue,2025-10-19
R0009372,O00171769,Late Delivery,2025-12-08
R0009373,O00171771,Quality Issue,2025-12-28
R0009374,O00171781,Quality Issue,2025-06-03
R0009375,O00171803,Damaged Item,2025-10-23
R0009376,O00171888,Wrong Item,2025-10-21
R0009377,O00171892,Size Issue,2025-12-07
R0009378,O00171925,Quality Issue,2025-12-21
R0009379,O00171936,Late Delivery,2025-10-06
R0009380,O00171937,Size Issue,2025-10-16
R0009381,O00171950,Size Issue,2024-01-01
R0009382,O00171992,Quality Issue,2025-02-18
R0009383,O00171998,Damaged Item,2025-05-06
R0009384,O00172002,Size Issue,2025-10-02
R0009385,O00172005,Wrong Item,2025-12-04
R0009386,O00172009,Damaged Item,2025-09-03
R0009387,O00172095,Changed Mind,2025-10-22
R0009388,O00172123,Late Delivery,2024-09-18
R0009389,O00172157,Damaged Item,2025-05-10
R0009390,O00172166,Quality Issue,2025-12-29
R0009391,O00172192,Size Issue,2025-10-16
R0009392,O00172211,Wrong Item,2024-11-24
R0009393,O00172236,Changed Mind,2025-12-10
R0009394,O00172245,Wrong Item,2025-11-20
R0009395,O00172246,Size Issue,2026-01-01
R0009396,O00172258,Wrong Item,2025-12-12
R0009397,O00172267,Changed Mind,2025-12-03
R0009398,O00172283,Damaged Item,2024-06-09
R0009399,O00172289,Size Issue,2024-12-07
R0009400,O00172317,Quality Issue,2025-07-15
R0009401,O00172321,Damaged Item,2025-01-21
R0009402,O00172327,Quality Issue,2025-07-14
R0009403,O00172331,Late Delivery,2024-10-21
R0009404,O00172336,Changed Mind,2025-03-30
R0009405,O00172361,Changed Mind,2025-12-29
R0009406,O00172366,Late Delivery,2024-11-23
R0009407,O00172377,Size Issue,2024-08-24
R0009408,O00172398,Changed Mind,2025-07-16
R0009409,O00172443,Damaged Item,2024-11-12
R0009410,O00172450,Size Issue,2024-06-13
R0009411,O00172539,Late Delivery,2026-01-04
R0009412,O00172540,Size Issue,2026-01-17
R0009413,O00172571,Wrong Item,2025-04-28
R0009414,O00172579,Size Issue,2025-04-17
R0009415,O00172614,Quality Issue,2025-06-12
R0009416,O00172642,Changed Mind,2025-08-11
R0009417,O00172657,Wrong Item,2024-06-12
R0009418,O00172660,Size Issue,2025-01-25
R0009419,O00172685,Wrong Item,2025-11-14
R0009420,O00172777,Size Issue,2024-10-05
R0009421,O00172793,Quality Issue,2024-08-01
R0009422,O00172812,Late Delivery,2024-11-08
R0009423,O00172833,Quality Issue,2023-06-28
R0009424,O00172852,Changed Mind,2025-12-14
R0009425,O00172871,Size Issue,2025-11-28
R0009426,O00172875,Size Issue,2025-10-12
R0009427,O00172887,Damaged Item,2025-02-18
R0009428,O00172896,Wrong Item,2024-07-31
R0009429,O00172903,Quality Issue,2025-12-13
R0009430,O00172918,Size Issue,2026-01-03
R0009431,O00172956,Wrong Item,2025-10-04
R0009432,O00172958,Quality Issue,2025-11-08
R0009433,O00172976,Size Issue,2023-12-28
R0009434,O00172989,Damaged Item,2024-11-21
R0009435,O00173007,Damaged Item,2025-11-20
R0009436,O00173014,Size Issue,2026-01-07
R0009437,O00173025,Quality Issue,2025-12-29
R0009438,O00173035,Wrong Item,2024-10-03
R0009439,O00173073,Quality Issue,2023-12-02
R0009440,O00173081,Size Issue,2024-04-28
R0009441,O00173099,Size Issue,2025-06-13
R0009442,O00173118,Size Issue,2023-11-26
R0009443,O00173130,Late Delivery,2024-02-24
R0009444,O00173175,Damaged Item,2023-10-04
R0009445,O00173182,Changed Mind,2024-06-18
R0009446,O00173198,Quality Issue,2025-12-27
R0009447,O00173200,Wrong Item,2025-07-23
R0009448,O00173233,Size Issue,2025-09-18
R0009449,O00173248,Damaged Item,2024-06-19
R0009450,O00173272,Size Issue,2025-03-09
R0009451,O00173274,Late Delivery,2025-09-07
R0009452,O00173287,Quality Issue,2023-10-09
R0009453,O00173327,Quality Issue,2025-09-19
R0009454,O00173329,Changed Mind,2025-12-20
R0009455,O00173365,Late Delivery,2025-12-05
R0009456,O00173372,Wrong Item,2024-11-24
R0009457,O00173387,Wrong Item,2023-05-22
R0009458,O00173408,Late Delivery,2025-04-30
R0009459,O00173436,Damaged Item,2025-10-10
R0009460,O00173472,Quality Issue,2024-01-02
R0009461,O00173493,Late Delivery,2025-07-05
R0009462,O00173496,Quality Issue,2025-09-18
R0009463,O00173578,Wrong Item,2026-01-03
R0009464,O00173586,Wrong Item,2025-05-09
R0009465,O00173590,Size Issue,2026-01-03
R0009466,O00173610,Late Delivery,2024-10-05
R0009467,O00173666,Changed Mind,2024-11-25
R0009468,O00173667,Size Issue,2025-03-01
R0009469,O00173675,Quality Issue,2025-10-16
R0009470,O00173683,Damaged Item,2024-01-17
R0009471,O00173746,Quality Issue,2025-11-28
R0009472,O00173763,Quality Issue,2024-07-25
R0009473,O00173770,Size Issue,2025-12-12
R0009474,O00173772,Size Issue,2025-03-27
R0009475,O00173786,Quality Issue,2025-01-05
R0009476,O00173792,Size Issue,2024-07-28
R0009477,O00173802,Wrong Item,2023-07-09
R0009478,O00173807,Quality Issue,2024-01-06
R0009479,O00173838,Size Issue,2026-01-03
R0009480,O00173854,Quality Issue,2025-03-27
R0009481,O00173880,Quality Issue,2025-12-19
R0009482,O00173898,Quality Issue,2024-06-08
R0009483,O00173900,Changed Mind,2024-07-12
R0009484,O00173903,Late Delivery,2024-12-01
R0009485,O00173937,Wrong Item,2025-11-16
R0009486,O00173970,Wrong Item,2023-12-05
R0009487,O00173987,Changed Mind,2025-12-31
R0009488,O00174007,Damaged Item,2024-12-06
R0009489,O00174012,Changed Mind,2024-12-21
R0009490,O00174020,Wrong Item,2025-11-15
R0009491,O00174032,Quality Issue,2024-11-20
R0009492,O00174038,Damaged Item,2023-07-06
R0009493,O00174101,Size Issue,2024-11-25
R0009494,O00174245,Wrong Item,2025-04-13
R0009495,O00174249,Damaged Item,2024-12-12
R0009496,O00174256,Wrong Item,2025-01-20
R0009497,O00174281,Late Delivery,2025-06-16
R0009498,O00174301,Wrong Item,2025-04-28
R0009499,O00174326,Changed Mind,2024-10-22
R0009500,O00174350,Late Delivery,2025-11-22
R0009501,O00174355,Quality Issue,2025-05-25
R0009502,O00174364,Wrong Item,2025-10-27
R0009503,O00174383,Late Delivery,2025-05-23
R0009504,O00174387,Late Delivery,2025-12-03
R0009505,O00174413,Size Issue,2024-10-28
R0009506,O00174417,Size Issue,2025-02-14
R0009507,O00174445,Size Issue,2024-08-01
R0009508,O00174448,Quality Issue,2024-08-18
R0009509,O00174452,Size Issue,2024-11-23
R0009510,O00174460,Wrong Item,2025-05-18
R0009511,O00174472,Changed Mind,2024-02-04
R0009512,O00174480,Quality Issue,2024-10-17
R0009513,O00174550,Quality Issue,2023-03-23
R0009514,O00174575,Damaged Item,2025-08-06
R0009515,O00174590,Late Delivery,2024-11-08
R0009516,O00174606,Damaged Item,2025-03-29
R0009517,O00174621,Changed Mind,2025-07-24
R0009518,O00174622,Quality Issue,2025-07-30
R0009519,O00174624,Quality Issue,2025-10-11
R0009520,O00174659,Quality Issue,2025-11-03
R0009521,O00174666,Late Delivery,2026-01-20
R0009522,O00174671,Late Delivery,2023-08-01
R0009523,O00174687,Late Delivery,2025-02-10
R0009524,O00174692,Size Issue,2025-09-19
R0009525,O00174768,Damaged Item,2023-08-29
R0009526,O00174813,Quality Issue,2025-05-11
R0009527,O00174836,Damaged Item,2025-11-04
R0009528,O00174843,Changed Mind,2025-01-06
R0009529,O00174938,Late Delivery,2025-11-14
R0009530,O00174940,Damaged Item,2025-11-12
R0009531,O00174950,Damaged Item,2025-12-23
R0009532,O00174958,Changed Mind,2023-07-17
R0009533,O00174974,Quality Issue,2025-12-08
R0009534,O00174982,Quality Issue,2025-02-23
R0009535,O00174994,Quality Issue,2025-07-26
R0009536,O00174996,Late Delivery,2025-09-27
R0009537,O00175009,Changed Mind,2025-09-04
R0009538,O00175028,Late Delivery,2025-08-13
R0009539,O00175048,Late Delivery,2025-09-18
R0009540,O00175052,Damaged Item,2025-10-31
R0009541,O00175064,Late Delivery,2023-03-22
R0009542,O00175072,Late Delivery,2025-08-08
R0009543,O00175074,Size Issue,2025-10-20
R0009544,O00175141,Wrong Item,2025-08-21
R0009545,O00175155,Changed Mind,2025-11-26
R0009546,O00175159,Damaged Item,2024-11-17
R0009547,O00175181,Changed Mind,2025-06-17
R0009548,O00175192,Changed Mind,2024-09-04
R0009549,O00175206,Size Issue,2025-03-29
R0009550,O00175209,Quality Issue,2025-12-17
R0009551,O00175220,Late Delivery,2025-11-11
R0009552,O00175227,Quality Issue,2025-12-10
R0009553,O00175230,Changed Mind,2025-12-21
R0009554,O00175269,Size Issue,2024-10-30
R0009555,O00175331,Damaged Item,2025-11-13
R0009556,O00175352,Size Issue,2025-01-23
R0009557,O00175361,Damaged Item,2023-04-10
R0009558,O00175375,Wrong Item,2025-04-25
R0009559,O00175448,Changed Mind,2025-02-14
R0009560,O00175451,Late Delivery,2024-10-08
R0009561,O00175503,Damaged Item,2024-09-03
R0009562,O00175506,Changed Mind,2025-09-14
R0009563,O00175528,Size Issue,2024-12-10
R0009564,O00175557,Size Issue,2025-06-20
R0009565,O00175576,Late Delivery,2025-12-03
R0009566,O00175614,Damaged Item,2025-07-05
R0009567,O00175631,Quality Issue,2025-09-26
R0009568,O00175701,Quality Issue,2023-03-12
R0009569,O00175736,Wrong Item,2024-11-27
R0009570,O00175745,Damaged Item,2025-05-03
R0009571,O00175751,Size Issue,2026-01-04
R0009572,O00175760,Size Issue,2024-09-03
R0009573,O00175761,Damaged Item,2024-09-29
R0009574,O00175775,Quality Issue,2025-11-07
R0009575,O00175797,Damaged Item,2026-01-04
R0009576,O00175822,Damaged Item,2025-07-18
R0009577,O00175855,Quality Issue,2025-06-21
R0009578,O00175875,Damaged Item,2024-10-05
R0009579,O00175889,Damaged Item,2024-12-17
R0009580,O00175924,Wrong Item,2023-12-17
R0009581,O00175931,Quality Issue,2026-01-08
R0009582,O00175932,Changed Mind,2025-12-24
R0009583,O00175951,Size Issue,2023-11-18
R0009584,O00175957,Damaged Item,2023-04-13
R0009585,O00175987,Quality Issue,2026-01-18
R0009586,O00176031,Wrong Item,2025-11-09
R0009587,O00176060,Size Issue,2026-01-01
R0009588,O00176062,Quality Issue,2025-06-26
R0009589,O00176064,Size Issue,2025-08-08
R0009590,O00176073,Wrong Item,2025-11-16
R0009591,O00176081,Wrong Item,2024-10-30
R0009592,O00176083,Changed Mind,2025-01-29
R0009593,O00176089,Changed Mind,2025-08-30
R0009594,O00176131,Changed Mind,2025-12-23
R0009595,O00176141,Quality Issue,2024-07-12
R0009596,O00176152,Late Delivery,2025-02-20
R0009597,O00176161,Quality Issue,2025-07-01
R0009598,O00176227,Wrong Item,2025-07-24
R0009599,O00176255,Size Issue,2026-01-02
R0009600,O00176274,Damaged Item,2024-09-08
R0009601,O00176298,Damaged Item,2025-11-19
R0009602,O00176302,Wrong Item,2026-01-05
R0009603,O00176318,Wrong Item,2025-07-12
R0009604,O00176339,Wrong Item,2025-01-20
R0009605,O00176341,Damaged Item,2025-02-21
R0009606,O00176346,Changed Mind,2026-01-22
R0009607,O00176376,Size Issue,2023-02-24
R0009608,O00176382,Wrong Item,2024-01-16
R0009609,O00176403,Quality Issue,2023-11-26
R0009610,O00176412,Size Issue,2024-03-18
R0009611,O00176449,Changed Mind,2025-07-08
R0009612,O00176462,Late Delivery,2025-10-22
R0009613,O00176469,Late Delivery,2024-09-14
R0009614,O00176471,Damaged Item,2025-04-03
R0009615,O00176472,Changed Mind,2023-11-12
R0009616,O00176478,Wrong Item,2024-08-01
R0009617,O00176486,Changed Mind,2025-09-08
R0009618,O00176500,Damaged Item,2025-12-13
R0009619,O00176540,Wrong Item,2024-08-14
R0009620,O00176546,Wrong Item,2025-10-05
R0009621,O00176557,Changed Mind,2025-02-24
R0009622,O00176564,Size Issue,2023-12-25
R0009623,O00176605,Quality Issue,2025-08-05
R0009624,O00176619,Quality Issue,2025-12-20
R0009625,O00176628,Size Issue,2026-01-07
R0009626,O00176630,Late Delivery,2025-11-03
R0009627,O00176642,Wrong Item,2025-11-23
R0009628,O00176647,Size Issue,2023-06-23
R0009629,O00176672,Quality Issue,2026-01-19
R0009630,O00176687,Wrong Item,2025-11-06
R0009631,O00176702,Quality Issue,2024-07-26
R0009632,O00176755,Wrong Item,2025-08-02
R0009633,O00176759,Wrong Item,2025-06-14
R0009634,O00176773,Size Issue,2023-07-17
R0009635,O00176790,Quality Issue,2023-10-28
R0009636,O00176799,Late Delivery,2024-11-26
R0009637,O00176828,Changed Mind,2024-11-23
R0009638,O00176847,Wrong Item,2025-07-15
R0009639,O00176852,Quality Issue,2024-12-24
R0009640,O00176859,Damaged Item,2025-12-31
R0009641,O00176872,Changed Mind,2024-06-13
R0009642,O00176875,Wrong Item,2025-10-28
R0009643,O00176881,Damaged Item,2025-12-14
R0009644,O00176904,Changed Mind,2025-03-05
R0009645,O00176918,Changed Mind,2025-12-09
R0009646,O00176956,Damaged Item,2025-01-11
R0009647,O00176987,Late Delivery,2023-12-28
R0009648,O00177000,Wrong Item,2024-09-25
R0009649,O00177001,Changed Mind,2024-11-02
R0009650,O00177027,Quality Issue,2025-07-24
R0009651,O00177059,Damaged Item,2024-10-15
R0009652,O00177070,Damaged Item,2025-12-24
R0009653,O00177086,Size Issue,2025-11-20
R0009654,O00177090,Late Delivery,2024-04-07
R0009655,O00177097,Quality Issue,2025-02-20
R0009656,O00177098,Late Delivery,2025-06-16
R0009657,O00177119,Late Delivery,2025-12-29
R0009658,O00177166,Late Delivery,2025-10-22
R0009659,O00177177,Size Issue,2025-07-29
R0009660,O00177229,Damaged Item,2024-10-21
R0009661,O00177237,Quality Issue,2026-01-12
R0009662,O00177245,Changed Mind,2025-11-25
R0009663,O00177336,Late Delivery,2025-09-05
R0009664,O00177340,Size Issue,2025-09-28
R0009665,O00177350,Changed Mind,2025-12-10
R0009666,O00177361,Quality Issue,2025-03-05
R0009667,O00177371,Size Issue,2023-12-31
R0009668,O00177395,Quality Issue,2025-07-10
R0009669,O00177399,Wrong Item,2024-01-04
R0009670,O00177401,Late Delivery,2024-07-20
R0009671,O00177403,Changed Mind,2025-01-31
R0009672,O00177408,Changed Mind,2025-06-09
R0009673,O00177420,Wrong Item,2025-12-18
R0009674,O00177441,Changed Mind,2025-02-15
R0009675,O00177469,Changed Mind,2025-11-17
R0009676,O00177522,Quality Issue,2025-12-30
R0009677,O00177581,Damaged Item,2025-07-03
R0009678,O00177598,Late Delivery,2025-04-15
R0009679,O00177613,Changed Mind,2025-07-04
R0009680,O00177634,Quality Issue,2024-12-10
R0009681,O00177675,Late Delivery,2025-08-26
R0009682,O00177685,Damaged Item,2025-05-12
R0009683,O00177717,Wrong Item,2025-01-04
R0009684,O00177742,Quality Issue,2023-06-30
R0009685,O00177744,Quality Issue,2023-12-13
R0009686,O00177758,Quality Issue,2025-07-27
R0009687,O00177767,Wrong Item,2026-01-02
R0009688,O00177807,Wrong Item,2025-01-10
R0009689,O00177837,Changed Mind,2023-12-29
R0009690,O00177884,Wrong Item,2026-01-16
R0009691,O00177915,Quality Issue,2024-12-23
R0009692,O00177955,Wrong Item,2025-10-20
R0009693,O00177962,Quality Issue,2025-06-03
R0009694,O00177981,Changed Mind,2025-08-30
R0009695,O00177990,Wrong Item,2025-03-08
R0009696,O00177991,Wrong Item,2025-04-02
R0009697,O00178006,Late Delivery,2025-12-11
R0009698,O00178008,Quality Issue,2023-12-05
R0009699,O00178020,Quality Issue,2024-07-14
R0009700,O00178069,Quality Issue,2025-07-18
R0009701,O00178076,Late Delivery,2025-12-13
R0009702,O00178094,Quality Issue,2026-01-22
R0009703,O00178104,Size Issue,2024-08-05
R0009704,O00178115,Quality Issue,2025-11-27
R0009705,O00178131,Late Delivery,2025-07-05
R0009706,O00178132,Damaged Item,2025-09-22
R0009707,O00178142,Late Delivery,2025-10-08
R0009708,O00178146,Wrong Item,2024-05-06
R0009709,O00178175,Quality Issue,2025-12-12
R0009710,O00178197,Wrong Item,2024-06-23
R0009711,O00178202,Changed Mind,2024-01-10
R0009712,O00178211,Quality Issue,2025-08-02
R0009713,O00178217,Size Issue,2023-10-04
R0009714,O00178247,Damaged Item,2025-11-25
R0009715,O00178299,Quality Issue,2024-01-16
R0009716,O00178300,Damaged Item,2024-02-28
R0009717,O00178313,Wrong Item,2025-06-24
R0009718,O00178318,Late Delivery,2025-01-29
R0009719,O00178334,Wrong Item,2025-03-29
R0009720,O00178401,Damaged Item,2025-12-04
R0009721,O00178402,Quality Issue,2024-06-17
R0009722,O00178415,Damaged Item,2025-10-16
R0009723,O00178424,Quality Issue,2025-06-23
R0009724,O00178425,Late Delivery,2025-10-26
R0009725,O00178431,Wrong Item,2025-04-22
R0009726,O00178450,Size Issue,2025-06-24
R0009727,O00178464,Size Issue,2025-07-18
R0009728,O00178466,Wrong Item,2026-01-14
R0009729,O00178479,Quality Issue,2025-08-26
R0009730,O00178480,Size Issue,2025-12-22
R0009731,O00178500,Changed Mind,2025-08-05
R0009732,O00178515,Late Delivery,2026-01-05
R0009733,O00178545,Late Delivery,2024-06-18
R0009734,O00178553,Wrong Item,2025-06-05
R0009735,O00178573,Wrong Item,2024-10-10
R0009736,O00178587,Wrong Item,2024-12-28
R0009737,O00178600,Changed Mind,2024-01-15
R0009738,O00178618,Wrong Item,2024-12-06
R0009739,O00178625,Changed Mind,2025-02-25
R0009740,O00178638,Size Issue,2025-11-28
R0009741,O00178640,Wrong Item,2025-02-02
R0009742,O00178645,Size Issue,2024-03-08
R0009743,O00178649,Quality Issue,2024-12-19
R0009744,O00178655,Wrong Item,2025-09-19
R0009745,O00178679,Changed Mind,2023-07-29
R0009746,O00178726,Damaged Item,2025-11-24
R0009747,O00178727,Damaged Item,2025-11-10
R0009748,O00178738,Size Issue,2025-06-03
R0009749,O00178778,Changed Mind,2025-02-24
R0009750,O00178787,Quality Issue,2025-06-10
R0009751,O00178805,Quality Issue,2024-02-14
R0009752,O00178817,Changed Mind,2025-06-26
R0009753,O00178822,Size Issue,2025-07-03
R0009754,O00178826,Quality Issue,2025-11-06
R0009755,O00178827,Wrong Item,2024-07-03
R0009756,O00178842,Late Delivery,2025-11-29
R0009757,O00178862,Quality Issue,2025-05-02
R0009758,O00178876,Wrong Item,2023-07-01
R0009759,O00178884,Quality Issue,2024-02-12
R0009760,O00178923,Quality Issue,2026-01-28
R0009761,O00178955,Size Issue,2025-11-22
R0009762,O00178992,Quality Issue,2023-12-10
R0009763,O00179006,Size Issue,2025-01-13
R0009764,O00179038,Size Issue,2025-06-02
R0009765,O00179053,Quality Issue,2024-10-12
R0009766,O00179068,Size Issue,2025-05-31
R0009767,O00179085,Quality Issue,2025-07-09
R0009768,O00179101,Damaged Item,2024-12-16
R0009769,O00179105,Damaged Item,2025-01-10
R0009770,O00179112,Wrong Item,2025-09-20
R0009771,O00179115,Quality Issue,2025-11-30
R0009772,O00179122,Wrong Item,2023-07-13
R0009773,O00179150,Damaged Item,2024-10-13
R0009774,O00179169,Wrong Item,2025-06-11
R0009775,O00179170,Damaged Item,2025-06-28
R0009776,O00179177,Wrong Item,2025-10-16
R0009777,O00179183,Wrong Item,2025-03-07
R0009778,O00179217,Size Issue,2025-12-18
R0009779,O00179222,Wrong Item,2025-12-31
R0009780,O00179241,Wrong Item,2025-02-10
R0009781,O00179250,Size Issue,2024-03-24
R0009782,O00179256,Late Delivery,2023-10-05
R0009783,O00179263,Size Issue,2024-03-30
R0009784,O00179281,Wrong Item,2025-11-18
R0009785,O00179309,Size Issue,2026-01-07
R0009786,O00179339,Quality Issue,2025-01-23
R0009787,O00179345,Size Issue,2025-08-08
R0009788,O00179364,Damaged Item,2025-09-20
R0009789,O00179393,Wrong Item,2024-01-03
R0009790,O00179533,Size Issue,2024-05-27
R0009791,O00179568,Size Issue,2024-01-10
R0009792,O00179592,Late Delivery,2025-01-15
R0009793,O00179594,Changed Mind,2025-09-27
R0009794,O00179614,Quality Issue,2024-07-20
R0009795,O00179655,Size Issue,2025-06-17
R0009796,O00179696,Size Issue,2025-12-21
R0009797,O00179735,Quality Issue,2025-12-14
R0009798,O00179751,Changed Mind,2025-11-14
R0009799,O00179756,Wrong Item,2026-01-09
R0009800,O00179801,Changed Mind,2025-05-03
R0009801,O00179814,Wrong Item,2024-12-23
R0009802,O00179847,Wrong Item,2025-02-20
R0009803,O00179851,Wrong Item,2025-03-29
R0009804,O00179856,Size Issue,2025-05-06
R0009805,O00179906,Damaged Item,2025-10-12
R0009806,O00179965,Late Delivery,2025-07-19
R0009807,O00179973,Wrong Item,2024-01-20
R0009808,O00179999,Quality Issue,2025-11-17
R0009809,O00180003,Wrong Item,2025-05-28
R0009810,O00180008,Size Issue,2025-10-08
R0009811,O00180018,Damaged Item,2024-12-12
R0009812,O00180022,Size Issue,2025-06-03
R0009813,O00180027,Wrong Item,2025-11-14
R0009814,O00180041,Quality Issue,2025-02-17
R0009815,O00180064,Wrong Item,2025-06-19
R0009816,O00180082,Changed Mind,2025-07-20
R0009817,O00180115,Size Issue,2024-09-19
R0009818,O00180128,Changed Mind,2026-01-04
R0009819,O00180141,Changed Mind,2025-10-16
R0009820,O00180168,Changed Mind,2026-01-02
R0009821,O00180208,Quality Issue,2024-07-02
R0009822,O00180211,Damaged Item,2025-01-09
R0009823,O00180218,Size Issue,2024-11-25
R0009824,O00180251,Quality Issue,2024-01-25
R0009825,O00180259,Damaged Item,2025-03-17
R0009826,O00180270,Wrong Item,2026-01-05
R0009827,O00180276,Quality Issue,2023-12-07
R0009828,O00180294,Size Issue,2026-01-18
R0009829,O00180295,Quality Issue,2025-12-08
R0009830,O00180307,Size Issue,2025-12-19
R0009831,O00180338,Damaged Item,2025-12-27
R0009832,O00180343,Quality Issue,2024-10-19
R0009833,O00180347,Size Issue,2025-01-05
R0009834,O00180398,Size Issue,2025-06-24
R0009835,O00180419,Quality Issue,2025-12-07
R0009836,O00180420,Wrong Item,2025-12-22
R0009837,O00180427,Changed Mind,2024-09-27
R0009838,O00180460,Damaged Item,2025-12-14
R0009839,O00180465,Damaged Item,2025-10-06
R0009840,O00180470,Size Issue,2025-11-23
R0009841,O00180474,Wrong Item,2024-04-11
R0009842,O00180476,Late Delivery,2025-01-02
R0009843,O00180481,Size Issue,2025-03-20
R0009844,O00180513,Wrong Item,2025-01-03
R0009845,O00180530,Late Delivery,2023-03-02
R0009846,O00180533,Late Delivery,2025-07-14
R0009847,O00180535,Quality Issue,2025-09-30
R0009848,O00180569,Quality Issue,2025-12-24
R0009849,O00180602,Size Issue,2025-12-04
R0009850,O00180614,Quality Issue,2024-12-12
R0009851,O00180615,Wrong Item,2025-02-18
R0009852,O00180662,Changed Mind,2025-06-03
R0009853,O00180694,Size Issue,2024-12-27
R0009854,O00180697,Size Issue,2025-01-03
R0009855,O00180704,Size Issue,2025-12-12
R0009856,O00180713,Size Issue,2023-09-02
R0009857,O00180723,Wrong Item,2024-06-18
R0009858,O00180733,Size Issue,2025-12-16
R0009859,O00180737,Changed Mind,2025-12-17
R0009860,O00180782,Wrong Item,2025-07-18
R0009861,O00180790,Late Delivery,2025-11-17
R0009862,O00180809,Quality Issue,2025-04-14
R0009863,O00180839,Late Delivery,2025-10-13
R0009864,O00180869,Size Issue,2024-12-31
R0009865,O00180901,Changed Mind,2025-08-03
R0009866,O00180929,Quality Issue,2025-01-23
R0009867,O00180936,Late Delivery,2025-04-14
R0009868,O00180959,Late Delivery,2024-12-16
R0009869,O00180970,Size Issue,2025-12-01
R0009870,O00180976,Damaged Item,2025-08-16
R0009871,O00180980,Size Issue,2024-06-10
R0009872,O00181000,Size Issue,2026-01-02
R0009873,O00181019,Size Issue,2025-12-11
R0009874,O00181031,Wrong Item,2025-12-11
R0009875,O00181032,Wrong Item,2025-09-20
R0009876,O00181042,Wrong Item,2025-12-23
R0009877,O00181043,Damaged Item,2025-08-21
R0009878,O00181054,Changed Mind,2025-09-17
R0009879,O00181089,Wrong Item,2023-12-26
R0009880,O00181166,Wrong Item,2025-08-20
R0009881,O00181182,Late Delivery,2026-01-18
R0009882,O00181193,Damaged Item,2025-12-09
R0009883,O00181199,Damaged Item,2025-10-15
R0009884,O00181219,Damaged Item,2025-04-19
R0009885,O00181221,Size Issue,2025-05-01
R0009886,O00181235,Late Delivery,2024-04-12
R0009887,O00181256,Size Issue,2025-08-15
R0009888,O00181269,Late Delivery,2025-07-20
R0009889,O00181308,Quality Issue,2025-03-03
R0009890,O00181309,Size Issue,2025-04-08
R0009891,O00181326,Late Delivery,2025-11-18
R0009892,O00181332,Damaged Item,2023-11-06
R0009893,O00181338,Size Issue,2025-07-29
R0009894,O00181339,Damaged Item,2025-09-18
R0009895,O00181357,Size Issue,2025-10-09
R0009896,O00181365,Changed Mind,2024-02-13
R0009897,O00181387,Quality Issue,2025-11-13
R0009898,O00181424,Damaged Item,2025-10-04
R0009899,O00181437,Late Delivery,2025-07-19
R0009900,O00181442,Quality Issue,2025-08-06
R0009901,O00181458,Damaged Item,2025-06-15
R0009902,O00181496,Quality Issue,2025-07-15
R0009903,O00181546,Late Delivery,2025-12-13
R0009904,O00181548,Wrong Item,2024-12-18
R0009905,O00181571,Wrong Item,2025-12-07
R0009906,O00181573,Quality Issue,2026-01-16
R0009907,O00181580,Wrong Item,2024-11-03
R0009908,O00181618,Size Issue,2026-01-08
R0009909,O00181620,Quality Issue,2025-09-22
R0009910,O00181637,Wrong Item,2025-12-26
R0009911,O00181657,Changed Mind,2024-10-14
R0009912,O00181668,Size Issue,2025-12-26
R0009913,O00181697,Changed Mind,2025-01-03
R0009914,O00181704,Wrong Item,2025-07-25
R0009915,O00181708,Size Issue,2025-11-30
R0009916,O00181718,Quality Issue,2025-09-15
R0009917,O00181810,Late Delivery,2024-02-29
R0009918,O00181814,Quality Issue,2025-12-11
R0009919,O00181824,Size Issue,2024-07-30
R0009920,O00181872,Quality Issue,2024-10-01
R0009921,O00181876,Late Delivery,2025-10-19
R0009922,O00181908,Wrong Item,2025-09-09
R0009923,O00181920,Quality Issue,2025-12-29
R0009924,O00181922,Changed Mind,2023-11-13
R0009925,O00181923,Damaged Item,2024-07-11
R0009926,O00181937,Quality Issue,2024-10-05
R0009927,O00181939,Late Delivery,2024-12-18
R0009928,O00181950,Changed Mind,2025-06-02
R0009929,O00181957,Late Delivery,2025-06-09
R0009930,O00181992,Late Delivery,2025-11-11
R0009931,O00182004,Damaged Item,2025-12-11
R0009932,O00182006,Quality Issue,2025-09-25
R0009933,O00182022,Late Delivery,2025-01-10
R0009934,O00182057,Wrong Item,2025-12-02
R0009935,O00182058,Wrong Item,2024-12-08
R0009936,O00182116,Size Issue,2025-06-17
R0009937,O00182137,Damaged Item,2025-09-15
R0009938,O00182138,Size Issue,2025-09-24
R0009939,O00182167,Wrong Item,2024-12-23
R0009940,O00182168,Wrong Item,2025-01-23
R0009941,O00182175,Quality Issue,2025-03-27
R0009942,O00182190,Late Delivery,2025-08-23
R0009943,O00182211,Damaged Item,2025-11-04
R0009944,O00182245,Damaged Item,2025-12-06
R0009945,O00182262,Damaged Item,2023-12-26
R0009946,O00182284,Changed Mind,2023-12-01
R0009947,O00182313,Quality Issue,2026-01-10
R0009948,O00182328,Changed Mind,2024-10-17
R0009949,O00182329,Damaged Item,2025-03-18
R0009950,O00182344,Quality Issue,2025-07-24
R0009951,O00182424,Quality Issue,2024-04-03
R0009952,O00182459,Quality Issue,2025-01-13
R0009953,O00182461,Changed Mind,2025-11-03
R0009954,O00182475,Quality Issue,2025-06-17
R0009955,O00182505,Changed Mind,2026-01-28
R0009956,O00182515,Wrong Item,2025-11-23
R0009957,O00182530,Wrong Item,2025-06-26
R0009958,O00182547,Size Issue,2025-10-07
R0009959,O00182557,Quality Issue,2024-11-24
R0009960,O00182561,Wrong Item,2023-08-07
R0009961,O00182571,Quality Issue,2023-11-11
R0009962,O00182573,Size Issue,2023-12-31
R0009963,O00182586,Wrong Item,2025-05-18
R0009964,O00182610,Quality Issue,2025-05-07
R0009965,O00182620,Changed Mind,2025-12-15
R0009966,O00182628,Changed Mind,2023-11-18
R0009967,O00182641,Damaged Item,2025-11-06
R0009968,O00182653,Size Issue,2025-08-10
R0009969,O00182665,Changed Mind,2025-12-01
R0009970,O00182671,Damaged Item,2025-12-10
R0009971,O00182686,Size Issue,2024-07-05
R0009972,O00182692,Quality Issue,2023-07-25
R0009973,O00182698,Wrong Item,2025-08-04
R0009974,O00182711,Quality Issue,2026-01-14
R0009975,O00182713,Quality Issue,2024-10-31
R0009976,O00182748,Size Issue,2025-11-14
R0009977,O00182751,Late Delivery,2025-11-23
R0009978,O00182752,Wrong Item,2026-01-03
R0009979,O00182795,Damaged Item,2025-10-05
R0009980,O00182804,Late Delivery,2025-11-21
R0009981,O00182826,Changed Mind,2025-05-07
R0009982,O00182832,Late Delivery,2025-12-30
R0009983,O00182847,Quality Issue,2024-07-29
R0009984,O00182874,Damaged Item,2025-05-23
R0009985,O00182883,Late Delivery,2025-12-02
R0009986,O00182887,Wrong Item,2025-09-28
R0009987,O00182893,Size Issue,2025-01-29
R0009988,O00182894,Changed Mind,2025-01-13
R0009989,O00182902,Changed Mind,2025-12-29
R0009990,O00183075,Changed Mind,2025-06-23
R0009991,O00183079,Quality Issue,2025-07-31
R0009992,O00183080,Late Delivery,2025-08-07
R0009993,O00183086,Damaged Item,2025-11-15
R0009994,O00183113,Changed Mind,2024-12-04
R0009995,O00183124,Quality Issue,2025-12-07
R0009996,O00183178,Size Issue,2025-12-26
R0009997,O00183190,Quality Issue,2025-11-27
R0009998,O00183229,Damaged Item,2023-06-03
R0009999,O00183260,Size Issue,2025-10-13
R0010000,O00183279,Size Issue,2024-11-14
R0010001,O00183305,Size Issue,2025-05-21
R0010002,O00183324,Size Issue,2025-01-16
R0010003,O00183325,Damaged Item,2025-01-19
R0010004,O00183345,Late Delivery,2025-04-29
R0010005,O00183347,Changed Mind,2023-05-17
R0010006,O00183376,Changed Mind,2025-11-18
R0010007,O00183400,Changed Mind,2025-11-28
R0010008,O00183408,Changed Mind,2025-03-09
R0010009,O00183445,Damaged Item,2025-08-04
R0010010,O00183494,Quality Issue,2024-07-07
R0010011,O00183501,Wrong Item,2025-05-17
R0010012,O00183510,Damaged Item,2025-11-24
R0010013,O00183520,Late Delivery,2025-06-18
R0010014,O00183525,Quality Issue,2026-01-20
R0010015,O00183533,Changed Mind,2025-09-14
R0010016,O00183534,Wrong Item,2025-10-14
R0010017,O00183552,Quality Issue,2024-07-18
R0010018,O00183554,Changed Mind,2024-08-30
R0010019,O00183610,Changed Mind,2024-05-12
R0010020,O00183672,Damaged Item,2025-10-16
R0010021,O00183677,Size Issue,2025-08-13
R0010022,O00183703,Size Issue,2025-01-09
R0010023,O00183742,Size Issue,2025-09-23
R0010024,O00183751,Changed Mind,2025-06-04
R0010025,O00183773,Damaged Item,2025-06-05
R0010026,O00183787,Damaged Item,2025-12-15
R0010027,O00183795,Size Issue,2025-02-11
R0010028,O00183806,Quality Issue,2026-01-11
R0010029,O00183834,Wrong Item,2025-06-01
R0010030,O00183860,Quality Issue,2025-07-24
R0010031,O00183868,Quality Issue,2026-01-04
R0010032,O00183898,Wrong Item,2025-04-11
R0010033,O00183906,Damaged Item,2023-12-25
R0010034,O00183936,Size Issue,2025-10-24
R0010035,O00183962,Quality Issue,2025-09-15
R0010036,O00184014,Quality Issue,2024-06-12
R0010037,O00184019,Size Issue,2025-07-30
R0010038,O00184021,Wrong Item,2025-12-28
R0010039,O00184048,Damaged Item,2025-12-30
R0010040,O00184053,Changed Mind,2025-12-20
R0010041,O00184057,Size Issue,2025-12-12
R0010042,O00184060,Quality Issue,2025-10-14
R0010043,O00184114,Changed Mind,2025-06-23
R0010044,O00184148,Damaged Item,2025-04-02
R0010045,O00184155,Late Delivery,2025-12-21
R0010046,O00184191,Changed Mind,2026-01-02
R0010047,O00184227,Size Issue,2025-12-25
R0010048,O00184252,Quality Issue,2023-10-17
R0010049,O00184290,Damaged Item,2025-11-29
R0010050,O00184297,Quality Issue,2024-10-29
R0010051,O00184306,Size Issue,2023-06-10
R0010052,O00184309,Late Delivery,2025-11-10
R0010053,O00184326,Quality Issue,2025-11-09
R0010054,O00184338,Damaged Item,2025-05-30
R0010055,O00184347,Quality Issue,2025-03-29
R0010056,O00184364,Wrong Item,2025-12-02
R0010057,O00184384,Quality Issue,2025-09-04
R0010058,O00184387,Quality Issue,2025-10-28
R0010059,O00184400,Wrong Item,2025-07-21
R0010060,O00184418,Late Delivery,2025-01-10
R0010061,O00184428,Late Delivery,2025-11-01
R0010062,O00184432,Changed Mind,2025-12-11
R0010063,O00184434,Size Issue,2026-01-14
R0010064,O00184441,Damaged Item,2025-03-17
R0010065,O00184446,Size Issue,2024-04-19
R0010066,O00184463,Late Delivery,2025-08-13
R0010067,O00184470,Late Delivery,2025-09-22
R0010068,O00184519,Damaged Item,2025-10-08
R0010069,O00184524,Size Issue,2025-08-17
R0010070,O00184560,Size Issue,2024-10-14
R0010071,O00184565,Late Delivery,2026-01-17
R0010072,O00184597,Wrong Item,2023-09-14
R0010073,O00184600,Changed Mind,2024-01-20
R0010074,O00184615,Quality Issue,2024-09-21
R0010075,O00184624,Damaged Item,2025-04-24
R0010076,O00184641,Quality Issue,2025-12-30
R0010077,O00184655,Changed Mind,2026-01-06
R0010078,O00184687,Late Delivery,2025-05-14
R0010079,O00184698,Size Issue,2025-07-02
R0010080,O00184729,Wrong Item,2026-01-09
R0010081,O00184762,Wrong Item,2025-09-05
R0010082,O00184777,Size Issue,2024-12-31
R0010083,O00184806,Quality Issue,2025-03-26
R0010084,O00184822,Wrong Item,2025-04-29
R0010085,O00184865,Size Issue,2025-01-22
R0010086,O00184880,Quality Issue,2025-10-23
R0010087,O00184882,Wrong Item,2025-07-15
R0010088,O00184883,Quality Issue,2024-02-07
R0010089,O00184895,Damaged Item,2024-12-14
R0010090,O00184897,Changed Mind,2025-03-05
R0010091,O00184899,Late Delivery,2025-08-04
R0010092,O00184900,Quality Issue,2025-08-26
R0010093,O00184906,Size Issue,2024-09-19
R0010094,O00184907,Damaged Item,2023-09-13
R0010095,O00184913,Damaged Item,2025-11-24
R0010096,O00184933,Quality Issue,2024-02-20
R0010097,O00184939,Size Issue,2026-01-05
R0010098,O00184943,Quality Issue,2025-12-15
R0010099,O00184944,Size Issue,2026-01-09
R0010100,O00184956,Damaged Item,2023-09-23
R0010101,O00184974,Changed Mind,2024-12-19
R0010102,O00184990,Size Issue,2023-12-28
R0010103,O00185013,Late Delivery,2023-08-29
R0010104,O00185022,Damaged Item,2023-09-21
R0010105,O00185028,Damaged Item,2024-11-13
R0010106,O00185029,Late Delivery,2024-12-18
R0010107,O00185050,Damaged Item,2024-11-22
R0010108,O00185104,Changed Mind,2025-12-09
R0010109,O00185106,Changed Mind,2025-12-28
R0010110,O00185128,Wrong Item,2026-01-20
R0010111,O00185134,Damaged Item,2025-03-27
R0010112,O00185174,Wrong Item,2025-09-01
R0010113,O00185184,Damaged Item,2024-02-23
R0010114,O00185199,Size Issue,2023-10-28
R0010115,O00185215,Late Delivery,2025-10-08
R0010116,O00185268,Late Delivery,2025-08-18
R0010117,O00185271,Wrong Item,2023-10-20
R0010118,O00185273,Size Issue,2024-01-11
R0010119,O00185274,Damaged Item,2024-02-10
R0010120,O00185325,Quality Issue,2024-11-09
R0010121,O00185332,Damaged Item,2025-01-05
R0010122,O00185349,Size Issue,2025-01-02
R0010123,O00185378,Size Issue,2025-12-24
R0010124,O00185424,Quality Issue,2025-03-19
R0010125,O00185433,Quality Issue,2026-01-03
R0010126,O00185436,Quality Issue,2025-11-11
R0010127,O00185448,Wrong Item,2025-11-19
R0010128,O00185450,Late Delivery,2025-10-26
R0010129,O00185459,Size Issue,2025-12-16
R0010130,O00185467,Damaged Item,2024-05-10
R0010131,O00185479,Damaged Item,2025-12-24
R0010132,O00185504,Wrong Item,2023-08-29
R0010133,O00185540,Late Delivery,2024-02-26
R0010134,O00185599,Damaged Item,2025-01-05
R0010135,O00185608,Changed Mind,2025-07-28
R0010136,O00185619,Changed Mind,2024-11-25
R0010137,O00185633,Changed Mind,2024-04-28
R0010138,O00185642,Size Issue,2025-01-07
R0010139,O00185697,Changed Mind,2025-11-30
R0010140,O00185716,Late Delivery,2025-03-09
R0010141,O00185721,Late Delivery,2025-09-26
R0010142,O00185750,Late Delivery,2025-11-09
R0010143,O00185797,Quality Issue,2025-07-24
R0010144,O00185801,Damaged Item,2024-10-11
R0010145,O00185823,Quality Issue,2025-12-19
R0010146,O00185832,Size Issue,2023-09-26
R0010147,O00185857,Wrong Item,2024-07-03
R0010148,O00185900,Damaged Item,2025-04-30
R0010149,O00185924,Late Delivery,2024-12-15
R0010150,O00185926,Wrong Item,2025-01-14
R0010151,O00185994,Late Delivery,2025-02-27
R0010152,O00186005,Damaged Item,2025-10-05
R0010153,O00186016,Damaged Item,2024-09-13
R0010154,O00186032,Late Delivery,2024-01-12
R0010155,O00186042,Quality Issue,2023-10-04
R0010156,O00186071,Late Delivery,2024-09-03
R0010157,O00186075,Late Delivery,2026-01-11
R0010158,O00186080,Size Issue,2024-07-22
R0010159,O00186090,Size Issue,2025-07-24
R0010160,O00186104,Damaged Item,2025-12-05
R0010161,O00186119,Changed Mind,2025-12-04
R0010162,O00186125,Wrong Item,2024-10-11
R0010163,O00186128,Damaged Item,2023-08-09
R0010164,O00186147,Damaged Item,2025-02-14
R0010165,O00186155,Size Issue,2025-04-04
R0010166,O00186180,Wrong Item,2025-11-15
R0010167,O00186182,Quality Issue,2025-06-01
R0010168,O00186198,Late Delivery,2024-09-21
R0010169,O00186204,Damaged Item,2025-08-01
R0010170,O00186228,Late Delivery,2023-08-23
R0010171,O00186268,Changed Mind,2025-01-28
R0010172,O00186291,Quality Issue,2024-07-18
R0010173,O00186326,Size Issue,2026-01-25
R0010174,O00186387,Damaged Item,2024-06-21
R0010175,O00186417,Quality Issue,2025-12-09
R0010176,O00186440,Quality Issue,2024-12-22
R0010177,O00186446,Changed Mind,2025-07-14
R0010178,O00186460,Late Delivery,2025-02-09
R0010179,O00186470,Late Delivery,2024-08-04
R0010180,O00186500,Size Issue,2025-03-31
R0010181,O00186512,Quality Issue,2024-07-05
R0010182,O00186544,Wrong Item,2024-11-18
R0010183,O00186564,Quality Issue,2024-03-26
R0010184,O00186578,Changed Mind,2025-06-18
R0010185,O00186590,Quality Issue,2026-01-16
R0010186,O00186591,Late Delivery,2026-01-10
R0010187,O00186606,Wrong Item,2024-10-15
R0010188,O00186611,Damaged Item,2025-10-07
R0010189,O00186630,Size Issue,2026-01-10
R0010190,O00186640,Late Delivery,2024-11-02
R0010191,O00186648,Damaged Item,2023-12-11
R0010192,O00186653,Size Issue,2024-06-18
R0010193,O00186689,Late Delivery,2025-09-09
R0010194,O00186697,Quality Issue,2023-07-19
R0010195,O00186723,Late Delivery,2025-12-05
R0010196,O00186769,Wrong Item,2025-05-13
R0010197,O00186775,Changed Mind,2025-11-19
R0010198,O00186785,Changed Mind,2026-01-08
R0010199,O00186788,Quality Issue,2025-09-13
R0010200,O00186906,Late Delivery,2024-11-16
R0010201,O00186974,Damaged Item,2025-12-22
R0010202,O00186987,Late Delivery,2024-11-12
R0010203,O00186999,Quality Issue,2025-01-03
R0010204,O00187007,Size Issue,2025-10-26
R0010205,O00187017,Quality Issue,2025-09-28
R0010206,O00187020,Damaged Item,2024-12-25
R0010207,O00187028,Quality Issue,2025-02-18
R0010208,O00187043,Damaged Item,2025-11-21
R0010209,O00187054,Wrong Item,2024-11-29
R0010210,O00187060,Size Issue,2025-10-12
R0010211,O00187067,Damaged Item,2025-11-09
R0010212,O00187076,Damaged Item,2025-07-29
R0010213,O00187088,Quality Issue,2024-11-19
R0010214,O00187101,Late Delivery,2025-11-12
R0010215,O00187110,Quality Issue,2025-10-23
R0010216,O00187148,Damaged Item,2025-03-17
R0010217,O00187195,Changed Mind,2025-09-09
R0010218,O00187199,Wrong Item,2025-10-12
R0010219,O00187203,Wrong Item,2025-11-21
R0010220,O00187220,Late Delivery,2025-11-23
R0010221,O00187247,Quality Issue,2024-10-22
R0010222,O00187248,Changed Mind,2024-12-11
R0010223,O00187260,Late Delivery,2025-10-20
R0010224,O00187296,Changed Mind,2026-01-08
R0010225,O00187299,Damaged Item,2025-12-12
R0010226,O00187328,Damaged Item,2025-11-29
R0010227,O00187338,Size Issue,2024-05-26
R0010228,O00187361,Size Issue,2025-09-26
R0010229,O00187376,Quality Issue,2025-08-09
R0010230,O00187383,Damaged Item,2025-09-27
R0010231,O00187408,Size Issue,2025-11-27
R0010232,O00187434,Late Delivery,2025-10-07
R0010233,O00187442,Size Issue,2025-01-26
R0010234,O00187446,Damaged Item,2025-01-08
R0010235,O00187470,Changed Mind,2024-10-05
R0010236,O00187471,Changed Mind,2024-09-26
R0010237,O00187489,Quality Issue,2025-08-03
R0010238,O00187498,Damaged Item,2025-12-07
R0010239,O00187508,Wrong Item,2025-10-21
R0010240,O00187527,Late Delivery,2025-01-05
R0010241,O00187533,Damaged Item,2025-11-27
R0010242,O00187545,Changed Mind,2025-09-14
R0010243,O00187555,Quality Issue,2025-11-05
R0010244,O00187572,Quality Issue,2025-07-06
R0010245,O00187639,Late Delivery,2025-07-16
R0010246,O00187644,Quality Issue,2025-09-14
R0010247,O00187682,Wrong Item,2025-12-31
R0010248,O00187684,Late Delivery,2026-01-02
R0010249,O00187691,Quality Issue,2025-07-14
R0010250,O00187694,Size Issue,2024-12-25
R0010251,O00187718,Changed Mind,2025-08-15
R0010252,O00187721,Wrong Item,2025-06-19
R0010253,O00187753,Changed Mind,2025-11-10
R0010254,O00187823,Damaged Item,2025-11-07
R0010255,O00187861,Damaged Item,2025-04-05
R0010256,O00187926,Changed Mind,2026-01-13
R0010257,O00187928,Quality Issue,2025-07-18
R0010258,O00187929,Late Delivery,2025-09-08
R0010259,O00187952,Size Issue,2024-04-21
R0010260,O00187978,Changed Mind,2026-01-07
R0010261,O00187998,Wrong Item,2024-12-06
R0010262,O00188035,Size Issue,2026-01-04
R0010263,O00188038,Damaged Item,2025-09-17
R0010264,O00188079,Size Issue,2025-03-20
R0010265,O00188089,Changed Mind,2023-09-14
R0010266,O00188096,Changed Mind,2025-06-11
R0010267,O00188139,Changed Mind,2026-01-30
R0010268,O00188156,Damaged Item,2025-02-05
R0010269,O00188160,Late Delivery,2025-09-12
R0010270,O00188161,Damaged Item,2023-06-06
R0010271,O00188166,Size Issue,2024-10-08
R0010272,O00188190,Damaged Item,2025-10-24
R0010273,O00188198,Late Delivery,2026-01-22
R0010274,O00188208,Damaged Item,2025-10-08
R0010275,O00188212,Damaged Item,2024-01-24
R0010276,O00188221,Quality Issue,2024-10-12
R0010277,O00188226,Wrong Item,2025-08-17
R0010278,O00188265,Damaged Item,2025-08-29
R0010279,O00188286,Damaged Item,2025-06-21
R0010280,O00188294,Size Issue,2025-06-20
R0010281,O00188301,Changed Mind,2025-11-11
R0010282,O00188337,Quality Issue,2025-02-27
R0010283,O00188341,Quality Issue,2025-07-18
R0010284,O00188360,Changed Mind,2024-04-16
R0010285,O00188365,Changed Mind,2025-11-25
R0010286,O00188373,Quality Issue,2025-12-16
R0010287,O00188376,Wrong Item,2026-01-04
R0010288,O00188383,Changed Mind,2025-09-05
R0010289,O00188393,Late Delivery,2026-01-10
R0010290,O00188405,Late Delivery,2026-01-04
R0010291,O00188423,Quality Issue,2025-11-16
R0010292,O00188430,Changed Mind,2026-01-22
R0010293,O00188481,Size Issue,2025-12-11
R0010294,O00188482,Wrong Item,2025-12-06
R0010295,O00188489,Wrong Item,2024-05-26
R0010296,O00188514,Wrong Item,2025-10-21
R0010297,O00188526,Wrong Item,2025-12-07
R0010298,O00188533,Wrong Item,2026-01-06
R0010299,O00188552,Late Delivery,2025-11-15
R0010300,O00188568,Wrong Item,2025-08-07
R0010301,O00188587,Damaged Item,2025-12-03
R0010302,O00188604,Size Issue,2026-01-08
R0010303,O00188677,Late Delivery,2025-11-10
R0010304,O00188714,Damaged Item,2025-05-15
R0010305,O00188748,Wrong Item,2025-07-13
R0010306,O00188770,Damaged Item,2025-12-01
R0010307,O00188843,Quality Issue,2025-10-28
R0010308,O00188845,Size Issue,2025-10-27
R0010309,O00188870,Quality Issue,2025-12-22
R0010310,O00188874,Wrong Item,2025-05-17
R0010311,O00188877,Size Issue,2025-03-26
R0010312,O00188883,Wrong Item,2024-12-21
R0010313,O00188894,Size Issue,2026-01-12
R0010314,O00188915,Wrong Item,2025-05-12
R0010315,O00188942,Late Delivery,2023-12-28
R0010316,O00188982,Late Delivery,2025-12-30
R0010317,O00188986,Size Issue,2023-08-06
R0010318,O00188988,Size Issue,2024-12-17
R0010319,O00189009,Size Issue,2024-10-07
R0010320,O00189029,Damaged Item,2025-02-01
R0010321,O00189031,Late Delivery,2025-11-07
R0010322,O00189043,Changed Mind,2025-12-23
R0010323,O00189059,Late Delivery,2026-01-11
R0010324,O00189110,Damaged Item,2025-08-20
R0010325,O00189111,Damaged Item,2025-10-13
R0010326,O00189156,Damaged Item,2025-05-25
R0010327,O00189157,Wrong Item,2025-05-25
R0010328,O00189166,Damaged Item,2025-01-04
R0010329,O00189172,Quality Issue,2025-03-28
R0010330,O00189200,Late Delivery,2025-12-12
R0010331,O00189202,Changed Mind,2026-01-07
R0010332,O00189212,Changed Mind,2025-11-18
R0010333,O00189214,Quality Issue,2025-07-17
R0010334,O00189224,Damaged Item,2025-10-10
R0010335,O00189237,Damaged Item,2025-09-04
R0010336,O00189256,Quality Issue,2026-01-15
R0010337,O00189297,Damaged Item,2025-11-25
R0010338,O00189320,Quality Issue,2025-12-24
R0010339,O00189330,Quality Issue,2025-04-04
R0010340,O00189354,Changed Mind,2024-09-12
R0010341,O00189373,Wrong Item,2025-01-26
R0010342,O00189409,Late Delivery,2024-12-15
R0010343,O00189436,Damaged Item,2025-07-06
R0010344,O00189463,Late Delivery,2025-01-19
R0010345,O00189476,Quality Issue,2025-09-05
R0010346,O00189484,Late Delivery,2023-07-07
R0010347,O00189492,Damaged Item,2024-03-27
R0010348,O00189530,Size Issue,2024-12-09
R0010349,O00189539,Damaged Item,2024-03-08
R0010350,O00189580,Quality Issue,2025-01-13
R0010351,O00189582,Quality Issue,2025-07-01
R0010352,O00189599,Late Delivery,2024-12-19
R0010353,O00189602,Quality Issue,2026-01-05
R0010354,O00189612,Wrong Item,2024-11-20
R0010355,O00189616,Size Issue,2025-08-31
R0010356,O00189635,Quality Issue,2026-01-06
R0010357,O00189668,Size Issue,2025-12-12
R0010358,O00189678,Quality Issue,2023-09-12
R0010359,O00189690,Wrong Item,2025-02-25
R0010360,O00189721,Size Issue,2025-07-21
R0010361,O00189754,Quality Issue,2023-09-19
R0010362,O00189758,Size Issue,2023-12-12
R0010363,O00189760,Changed Mind,2024-06-15
R0010364,O00189761,Damaged Item,2024-11-21
R0010365,O00189802,Damaged Item,2026-01-03
R0010366,O00189818,Quality Issue,2023-12-05
R0010367,O00189841,Late Delivery,2024-12-05
R0010368,O00189859,Size Issue,2025-09-30
R0010369,O00189875,Damaged Item,2024-11-24
R0010370,O00189930,Changed Mind,2024-08-19
R0010371,O00189936,Changed Mind,2024-10-01
R0010372,O00189946,Wrong Item,2024-01-19
R0010373,O00189947,Damaged Item,2024-08-13
R0010374,O00189951,Changed Mind,2025-07-14
R0010375,O00189988,Damaged Item,2025-12-18
R0010376,O00189999,Late Delivery,2024-08-05
R0010377,O00190034,Quality Issue,2024-12-10
R0010378,O00190040,Late Delivery,2026-01-15
R0010379,O00190053,Size Issue,2025-10-22
R0010380,O00190055,Wrong Item,2024-09-27
R0010381,O00190072,Wrong Item,2025-12-09
R0010382,O00190138,Damaged Item,2025-06-29
R0010383,O00190146,Late Delivery,2026-01-03
R0010384,O00190157,Changed Mind,2025-08-27
R0010385,O00190168,Late Delivery,2025-08-31
R0010386,O00190191,Size Issue,2025-12-13
R0010387,O00190208,Size Issue,2025-01-05
R0010388,O00190211,Size Issue,2025-12-07
R0010389,O00190229,Damaged Item,2025-03-17
R0010390,O00190251,Wrong Item,2025-11-13
R0010391,O00190274,Quality Issue,2025-01-17
R0010392,O00190276,Late Delivery,2025-09-24
R0010393,O00190316,Wrong Item,2023-10-28
R0010394,O00190325,Late Delivery,2025-11-10
R0010395,O00190335,Damaged Item,2025-02-06
R0010396,O00190341,Late Delivery,2025-08-06
R0010397,O00190342,Quality Issue,2025-08-18
R0010398,O00190343,Late Delivery,2025-09-01
R0010399,O00190354,Late Delivery,2023-08-30
R0010400,O00190366,Damaged Item,2025-10-09
R0010401,O00190370,Size Issue,2024-12-15
R0010402,O00190372,Changed Mind,2025-09-25
R0010403,O00190394,Quality Issue,2024-11-26
R0010404,O00190441,Quality Issue,2024-05-02
R0010405,O00190442,Quality Issue,2024-08-31
R0010406,O00190491,Size Issue,2023-09-10
R0010407,O00190507,Quality Issue,2024-07-07
R0010408,O00190535,Wrong Item,2025-07-08
R0010409,O00190548,Wrong Item,2024-08-15
R0010410,O00190552,Damaged Item,2024-10-28
R0010411,O00190558,Late Delivery,2025-02-18
R0010412,O00190575,Changed Mind,2025-06-25
R0010413,O00190585,Changed Mind,2024-04-27
R0010414,O00190586,Damaged Item,2025-08-29
R0010415,O00190638,Wrong Item,2024-09-27
R0010416,O00190669,Changed Mind,2024-11-30
R0010417,O00190673,Damaged Item,2025-01-09
R0010418,O00190681,Wrong Item,2025-10-24
R0010419,O00190682,Damaged Item,2025-11-10
R0010420,O00190685,Damaged Item,2025-12-30
R0010421,O00190710,Changed Mind,2026-01-20
R0010422,O00190781,Wrong Item,2025-12-30
R0010423,O00190807,Damaged Item,2025-01-22
R0010424,O00190811,Damaged Item,2025-11-10
R0010425,O00190819,Wrong Item,2025-05-08
R0010426,O00190835,Late Delivery,2025-12-05
R0010427,O00190842,Wrong Item,2025-07-18
R0010428,O00190846,Changed Mind,2025-02-02
R0010429,O00190861,Changed Mind,2024-03-19
R0010430,O00190867,Wrong Item,2024-11-24
R0010431,O00190897,Size Issue,2025-09-08
R0010432,O00190911,Damaged Item,2025-12-27
R0010433,O00190917,Late Delivery,2026-01-14
R0010434,O00190925,Wrong Item,2025-12-21
R0010435,O00190937,Quality Issue,2025-12-22
R0010436,O00190959,Wrong Item,2023-06-21
R0010437,O00190961,Late Delivery,2024-02-14
R0010438,O00190997,Changed Mind,2025-12-15
R0010439,O00191071,Changed Mind,2024-11-28
R0010440,O00191095,Damaged Item,2025-07-18
R0010441,O00191102,Quality Issue,2025-06-29
R0010442,O00191124,Damaged Item,2025-11-17
R0010443,O00191194,Size Issue,2025-12-09
R0010444,O00191214,Late Delivery,2025-02-07
R0010445,O00191260,Size Issue,2023-09-10
R0010446,O00191284,Damaged Item,2025-09-30
R0010447,O00191285,Quality Issue,2025-12-30
R0010448,O00191349,Quality Issue,2025-10-12
R0010449,O00191415,Damaged Item,2026-01-09
R0010450,O00191425,Damaged Item,2025-10-23
R0010451,O00191427,Quality Issue,2025-12-12
R0010452,O00191461,Damaged Item,2026-01-08
R0010453,O00191476,Quality Issue,2024-07-21
R0010454,O00191492,Damaged Item,2025-11-30
R0010455,O00191502,Size Issue,2025-08-30
R0010456,O00191514,Late Delivery,2024-08-05
R0010457,O00191518,Damaged Item,2024-10-03
R0010458,O00191562,Quality Issue,2024-10-26
R0010459,O00191574,Size Issue,2025-09-22
R0010460,O00191613,Changed Mind,2025-01-21
R0010461,O00191621,Size Issue,2025-11-29
R0010462,O00191625,Quality Issue,2024-01-08
R0010463,O00191637,Wrong Item,2026-01-26
R0010464,O00191647,Damaged Item,2026-01-22
R0010465,O00191657,Size Issue,2025-12-22
R0010466,O00191690,Quality Issue,2026-01-13
R0010467,O00191702,Quality Issue,2024-12-23
R0010468,O00191724,Size Issue,2023-12-23
R0010469,O00191736,Damaged Item,2025-01-05
R0010470,O00191755,Wrong Item,2025-02-22
R0010471,O00191758,Damaged Item,2025-04-12
R0010472,O00191775,Late Delivery,2025-11-25
R0010473,O00191779,Changed Mind,2026-01-07
R0010474,O00191795,Changed Mind,2025-01-23
R0010475,O00191799,Wrong Item,2025-03-30
R0010476,O00191851,Size Issue,2025-07-11
R0010477,O00191889,Late Delivery,2023-11-30
R0010478,O00191928,Changed Mind,2025-12-04
R0010479,O00191938,Wrong Item,2025-04-30
R0010480,O00191946,Late Delivery,2025-12-16
R0010481,O00191957,Quality Issue,2025-01-04
R0010482,O00191999,Late Delivery,2026-01-20
R0010483,O00192001,Late Delivery,2025-07-14
R0010484,O00192006,Damaged Item,2024-06-28
R0010485,O00192010,Changed Mind,2025-01-13
R0010486,O00192055,Changed Mind,2025-11-04
R0010487,O00192067,Quality Issue,2025-12-12
R0010488,O00192091,Quality Issue,2025-10-27
R0010489,O00192101,Late Delivery,2025-09-27
R0010490,O00192107,Quality Issue,2025-12-22
R0010491,O00192108,Damaged Item,2026-01-08
R0010492,O00192111,Damaged Item,2025-11-29
R0010493,O00192114,Damaged Item,2023-09-28
R0010494,O00192129,Late Delivery,2025-01-18
R0010495,O00192136,Changed Mind,2025-12-22
R0010496,O00192154,Size Issue,2025-01-18
R0010497,O00192156,Wrong Item,2025-06-04
R0010498,O00192173,Quality Issue,2026-01-04
R0010499,O00192253,Quality Issue,2025-03-02
R0010500,O00192258,Changed Mind,2025-11-02
R0010501,O00192259,Size Issue,2025-12-28
R0010502,O00192263,Changed Mind,2023-04-24
R0010503,O00192292,Wrong Item,2024-10-06
R0010504,O00192302,Wrong Item,2025-01-30
R0010505,O00192373,Size Issue,2025-11-22
R0010506,O00192377,Late Delivery,2025-11-22
R0010507,O00192398,Quality Issue,2024-05-22
R0010508,O00192401,Quality Issue,2026-01-22
R0010509,O00192422,Wrong Item,2026-02-02
R0010510,O00192427,Late Delivery,2023-08-29
R0010511,O00192431,Quality Issue,2024-12-25
R0010512,O00192455,Quality Issue,2025-08-28
R0010513,O00192507,Damaged Item,2025-05-26
R0010514,O00192509,Quality Issue,2025-08-31
R0010515,O00192517,Changed Mind,2025-09-23
R0010516,O00192556,Wrong Item,2024-11-30
R0010517,O00192564,Wrong Item,2025-01-09
R0010518,O00192603,Late Delivery,2023-12-31
R0010519,O00192622,Size Issue,2025-11-22
R0010520,O00192659,Quality Issue,2024-09-28
R0010521,O00192706,Wrong Item,2026-01-03
R0010522,O00192717,Size Issue,2024-07-15
R0010523,O00192754,Late Delivery,2024-11-16
R0010524,O00192766,Late Delivery,2025-06-01
R0010525,O00192774,Late Delivery,2025-12-10
R0010526,O00192780,Damaged Item,2025-07-03
R0010527,O00192787,Wrong Item,2025-01-25
R0010528,O00192794,Size Issue,2025-07-30
R0010529,O00192797,Damaged Item,2025-12-01
R0010530,O00192816,Wrong Item,2025-01-17
R0010531,O00192850,Size Issue,2024-07-26
R0010532,O00192858,Quality Issue,2025-04-14
R0010533,O00192860,Damaged Item,2025-08-17
R0010534,O00192933,Wrong Item,2026-01-05
R0010535,O00192953,Quality Issue,2025-02-05
R0010536,O00192971,Damaged Item,2024-12-29
R0010537,O00192991,Quality Issue,2024-12-02
R0010538,O00192995,Size Issue,2025-11-18
R0010539,O00192999,Damaged Item,2025-08-07
R0010540,O00193053,Late Delivery,2024-03-08
R0010541,O00193066,Late Delivery,2025-08-20
R0010542,O00193070,Changed Mind,2024-08-23
R0010543,O00193074,Quality Issue,2024-09-27
R0010544,O00193075,Late Delivery,2024-11-11
R0010545,O00193134,Changed Mind,2024-01-24
R0010546,O00193140,Late Delivery,2025-08-23
R0010547,O00193146,Quality Issue,2025-12-20
R0010548,O00193163,Quality Issue,2025-05-28
R0010549,O00193164,Changed Mind,2025-09-30
R0010550,O00193190,Changed Mind,2025-08-23
R0010551,O00193215,Size Issue,2024-03-01
R0010552,O00193216,Late Delivery,2025-11-15
R0010553,O00193276,Quality Issue,2023-04-05
R0010554,O00193291,Quality Issue,2025-12-05
R0010555,O00193297,Damaged Item,2024-11-08
R0010556,O00193317,Damaged Item,2025-12-20
R0010557,O00193340,Late Delivery,2025-06-22
R0010558,O00193348,Changed Mind,2024-10-31
R0010559,O00193349,Size Issue,2024-11-16
R0010560,O00193367,Wrong Item,2024-02-10
R0010561,O00193370,Wrong Item,2025-11-03
R0010562,O00193403,Changed Mind,2025-11-14
R0010563,O00193418,Damaged Item,2025-07-21
R0010564,O00193419,Damaged Item,2025-12-08
R0010565,O00193424,Wrong Item,2025-02-25
R0010566,O00193442,Wrong Item,2025-06-04
R0010567,O00193443,Wrong Item,2025-07-05
R0010568,O00193457,Late Delivery,2025-06-07
R0010569,O00193471,Size Issue,2025-08-13
R0010570,O00193477,Changed Mind,2025-02-22
R0010571,O00193486,Size Issue,2025-04-21
R0010572,O00193508,Quality Issue,2025-09-29
R0010573,O00193510,Size Issue,2025-10-23
R0010574,O00193529,Wrong Item,2023-09-10
R0010575,O00193587,Quality Issue,2025-07-04
R0010576,O00193607,Changed Mind,2025-10-06
R0010577,O00193609,Damaged Item,2025-12-14
R0010578,O00193627,Quality Issue,2023-09-14
R0010579,O00193632,Quality Issue,2024-09-14
R0010580,O00193634,Late Delivery,2024-11-20
R0010581,O00193640,Damaged Item,2025-07-14
R0010582,O00193641,Changed Mind,2025-03-25
R0010583,O00193654,Changed Mind,2025-09-11
R0010584,O00193666,Size Issue,2025-09-28
R0010585,O00193672,Wrong Item,2024-07-01
R0010586,O00193674,Changed Mind,2025-06-13
R0010587,O00193695,Damaged Item,2024-11-12
R0010588,O00193703,Size Issue,2023-08-14
R0010589,O00193729,Quality Issue,2025-09-24
R0010590,O00193731,Late Delivery,2025-10-04
R0010591,O00193733,Quality Issue,2025-11-08
R0010592,O00193762,Damaged Item,2025-02-14
R0010593,O00193801,Quality Issue,2025-12-05
R0010594,O00193848,Late Delivery,2025-01-12
R0010595,O00193908,Wrong Item,2025-08-25
R0010596,O00193998,Size Issue,2025-11-24
R0010597,O00194058,Changed Mind,2026-01-16
R0010598,O00194066,Late Delivery,2025-12-01
R0010599,O00194067,Size Issue,2025-11-30
R0010600,O00194072,Damaged Item,2025-09-03
R0010601,O00194112,Changed Mind,2025-12-05
R0010602,O00194144,Changed Mind,2025-03-21
R0010603,O00194152,Wrong Item,2025-12-09
R0010604,O00194155,Late Delivery,2024-10-28
R0010605,O00194209,Wrong Item,2024-07-22
R0010606,O00194239,Late Delivery,2025-02-25
R0010607,O00194273,Changed Mind,2025-08-18
R0010608,O00194295,Size Issue,2024-08-10
R0010609,O00194356,Size Issue,2025-12-24
R0010610,O00194367,Quality Issue,2024-11-23
R0010611,O00194383,Damaged Item,2025-10-12
R0010612,O00194391,Changed Mind,2024-03-22
R0010613,O00194418,Late Delivery,2026-01-08
R0010614,O00194445,Damaged Item,2025-12-18
R0010615,O00194454,Changed Mind,2025-05-28
R0010616,O00194455,Quality Issue,2025-06-20
R0010617,O00194470,Quality Issue,2024-09-15
R0010618,O00194485,Quality Issue,2024-11-22
R0010619,O00194486,Damaged Item,2025-12-08
R0010620,O00194508,Damaged Item,2025-07-29
R0010621,O00194515,Damaged Item,2025-11-04
R0010622,O00194531,Changed Mind,2025-07-14
R0010623,O00194533,Late Delivery,2025-12-10
R0010624,O00194557,Quality Issue,2025-12-23
R0010625,O00194584,Late Delivery,2024-10-03
R0010626,O00194588,Damaged Item,2025-01-29
R0010627,O00194617,Late Delivery,2025-06-10
R0010628,O00194650,Quality Issue,2026-01-21
R0010629,O00194651,Quality Issue,2026-01-30
R0010630,O00194656,Size Issue,2023-08-15
R0010631,O00194670,Late Delivery,2025-06-17
R0010632,O00194690,Damaged Item,2024-09-28
R0010633,O00194724,Quality Issue,2023-12-28
R0010634,O00194738,Damaged Item,2025-10-27
R0010635,O00194739,Size Issue,2025-10-22
R0010636,O00194753,Changed Mind,2025-12-16
R0010637,O00194782,Quality Issue,2024-11-14
R0010638,O00194787,Quality Issue,2025-01-30
R0010639,O00194821,Late Delivery,2024-06-26
R0010640,O00194825,Damaged Item,2024-10-04
R0010641,O00194826,Changed Mind,2024-10-28
R0010642,O00194878,Size Issue,2026-01-26
R0010643,O00194905,Damaged Item,2026-01-05
R0010644,O00194920,Size Issue,2025-05-26
R0010645,O00194942,Size Issue,2025-02-18
R0010646,O00194954,Late Delivery,2024-11-17
R0010647,O00194962,Changed Mind,2025-11-30
R0010648,O00194978,Late Delivery,2024-10-08
R0010649,O00194996,Damaged Item,2024-12-13
R0010650,O00195004,Size Issue,2025-01-01
R0010651,O00195044,Size Issue,2024-02-24
R0010652,O00195081,Size Issue,2024-11-02
R0010653,O00195092,Quality Issue,2024-03-30
R0010654,O00195121,Damaged Item,2025-12-31
R0010655,O00195127,Size Issue,2025-08-24
R0010656,O00195130,Late Delivery,2025-12-10
R0010657,O00195152,Size Issue,2023-12-16
R0010658,O00195186,Late Delivery,2024-07-12
R0010659,O00195192,Late Delivery,2024-03-14
R0010660,O00195202,Damaged Item,2023-07-13
R0010661,O00195212,Quality Issue,2026-01-03
R0010662,O00195244,Wrong Item,2025-12-09
R0010663,O00195360,Size Issue,2025-09-30
R0010664,O00195420,Damaged Item,2025-09-04
R0010665,O00195440,Changed Mind,2025-10-01
R0010666,O00195482,Wrong Item,2024-12-06
R0010667,O00195494,Changed Mind,2025-12-23
R0010668,O00195505,Quality Issue,2025-12-20
R0010669,O00195513,Late Delivery,2024-12-26
R0010670,O00195515,Size Issue,2025-06-20
R0010671,O00195545,Quality Issue,2025-01-11
R0010672,O00195546,Damaged Item,2025-06-23
R0010673,O00195547,Damaged Item,2025-05-16
R0010674,O00195565,Size Issue,2025-08-05
R0010675,O00195579,Size Issue,2024-12-08
R0010676,O00195628,Quality Issue,2024-12-06
R0010677,O00195637,Damaged Item,2025-10-31
R0010678,O00195639,Changed Mind,2025-11-18
R0010679,O00195640,Quality Issue,2025-12-22
R0010680,O00195641,Size Issue,2025-12-02
R0010681,O00195679,Quality Issue,2025-11-20
R0010682,O00195705,Size Issue,2024-05-31
R0010683,O00195711,Wrong Item,2024-08-16
R0010684,O00195730,Size Issue,2025-11-23
R0010685,O00195739,Quality Issue,2024-01-14
R0010686,O00195750,Quality Issue,2025-05-11
R0010687,O00195774,Late Delivery,2025-12-17
R0010688,O00195778,Quality Issue,2025-01-16
R0010689,O00195782,Quality Issue,2024-04-28
R0010690,O00195786,Damaged Item,2025-08-07
R0010691,O00195790,Wrong Item,2024-05-06
R0010692,O00195846,Damaged Item,2025-11-04
R0010693,O00195857,Wrong Item,2025-10-01
R0010694,O00195859,Damaged Item,2025-11-08
R0010695,O00195888,Quality Issue,2024-10-06
R0010696,O00195937,Damaged Item,2025-12-18
R0010697,O00195939,Size Issue,2025-12-31
R0010698,O00195941,Late Delivery,2025-12-29
R0010699,O00195950,Changed Mind,2025-08-11
R0010700,O00195966,Late Delivery,2026-01-12
R0010701,O00195973,Changed Mind,2025-05-12
R0010702,O00195974,Changed Mind,2025-06-22
R0010703,O00195979,Size Issue,2025-05-28
R0010704,O00195997,Late Delivery,2026-01-19
R0010705,O00196043,Late Delivery,2025-08-27
R0010706,O00196044,Damaged Item,2024-06-02
R0010707,O00196057,Late Delivery,2025-12-25
R0010708,O00196083,Size Issue,2025-08-27
R0010709,O00196087,Quality Issue,2024-08-03
R0010710,O00196094,Changed Mind,2024-11-10
R0010711,O00196108,Wrong Item,2025-01-20
R0010712,O00196114,Size Issue,2023-06-22
R0010713,O00196118,Damaged Item,2024-11-10
R0010714,O00196127,Damaged Item,2025-06-06
R0010715,O00196160,Wrong Item,2025-10-08
R0010716,O00196167,Late Delivery,2025-11-06
R0010717,O00196184,Changed Mind,2026-01-24
R0010718,O00196198,Wrong Item,2024-02-20
R0010719,O00196256,Changed Mind,2025-10-31
R0010720,O00196259,Damaged Item,2024-08-05
R0010721,O00196273,Changed Mind,2025-08-27
R0010722,O00196277,Changed Mind,2025-11-24
R0010723,O00196295,Wrong Item,2025-08-03
R0010724,O00196300,Size Issue,2025-03-01
R0010725,O00196312,Size Issue,2025-03-27
R0010726,O00196315,Damaged Item,2025-09-25
R0010727,O00196328,Late Delivery,2024-11-04
R0010728,O00196382,Late Delivery,2024-09-04
R0010729,O00196407,Changed Mind,2026-01-30
R0010730,O00196415,Damaged Item,2025-12-24
R0010731,O00196433,Damaged Item,2025-12-30
R0010732,O00196434,Changed Mind,2026-01-02
R0010733,O00196440,Quality Issue,2023-11-27
R0010734,O00196452,Size Issue,2023-11-28
R0010735,O00196463,Size Issue,2025-08-14
R0010736,O00196492,Size Issue,2026-01-04
R0010737,O00196493,Damaged Item,2024-05-12
R0010738,O00196510,Size Issue,2024-12-04
R0010739,O00196516,Size Issue,2025-06-04
R0010740,O00196581,Late Delivery,2025-12-02
R0010741,O00196600,Size Issue,2025-07-25
R0010742,O00196616,Damaged Item,2025-09-10
R0010743,O00196648,Changed Mind,2025-10-02
R0010744,O00196665,Size Issue,2025-12-30
R0010745,O00196671,Late Delivery,2025-10-25
R0010746,O00196674,Size Issue,2025-07-22
R0010747,O00196713,Damaged Item,2025-12-25
R0010748,O00196773,Quality Issue,2025-08-21
R0010749,O00196798,Quality Issue,2025-12-15
R0010750,O00196819,Size Issue,2026-01-20
R0010751,O00196854,Changed Mind,2025-03-02
R0010752,O00196858,Quality Issue,2025-06-06
R0010753,O00196880,Late Delivery,2024-12-07
R0010754,O00196884,Size Issue,2024-09-20
R0010755,O00196903,Changed Mind,2025-09-29
R0010756,O00196907,Wrong Item,2025-11-17
R0010757,O00196919,Size Issue,2025-09-04
R0010758,O00196925,Late Delivery,2024-02-23
R0010759,O00196927,Wrong Item,2025-09-18
R0010760,O00196947,Quality Issue,2025-09-04
R0010761,O00196954,Damaged Item,2026-01-14
R0010762,O00196973,Damaged Item,2025-10-03
R0010763,O00196988,Wrong Item,2025-02-09
R0010764,O00197008,Size Issue,2023-12-04
R0010765,O00197019,Quality Issue,2025-04-14
R0010766,O00197020,Size Issue,2025-06-06
R0010767,O00197038,Late Delivery,2025-02-24
R0010768,O00197086,Wrong Item,2025-12-23
R0010769,O00197100,Wrong Item,2025-11-21
R0010770,O00197123,Size Issue,2024-01-04
R0010771,O00197130,Quality Issue,2025-12-23
R0010772,O00197135,Quality Issue,2025-07-06
R0010773,O00197148,Quality Issue,2025-10-05
R0010774,O00197198,Late Delivery,2025-05-22
R0010775,O00197212,Size Issue,2025-01-27
R0010776,O00197215,Damaged Item,2024-04-06
R0010777,O00197251,Damaged Item,2025-07-24
R0010778,O00197273,Quality Issue,2023-12-01
R0010779,O00197279,Damaged Item,2025-06-13
R0010780,O00197311,Changed Mind,2024-09-26
R0010781,O00197312,Late Delivery,2024-12-08
R0010782,O00197319,Changed Mind,2023-08-13
R0010783,O00197332,Late Delivery,2024-06-15
R0010784,O00197336,Wrong Item,2024-12-17
R0010785,O00197353,Damaged Item,2025-12-23
R0010786,O00197360,Quality Issue,2025-10-23
R0010787,O00197365,Quality Issue,2025-11-22
R0010788,O00197382,Late Delivery,2025-10-06
R0010789,O00197392,Late Delivery,2025-10-26
R0010790,O00197404,Late Delivery,2025-03-28
R0010791,O00197408,Damaged Item,2025-10-09
R0010792,O00197409,Wrong Item,2025-11-08
R0010793,O00197414,Damaged Item,2024-12-28
R0010794,O00197451,Size Issue,2025-11-25
R0010795,O00197475,Quality Issue,2025-10-19
R0010796,O00197488,Size Issue,2025-12-11
R0010797,O00197495,Late Delivery,2025-04-24
R0010798,O00197530,Quality Issue,2026-01-17
R0010799,O00197538,Size Issue,2025-11-29
R0010800,O00197582,Wrong Item,2024-11-30
R0010801,O00197591,Damaged Item,2023-05-29
R0010802,O00197596,Quality Issue,2025-01-27
R0010803,O00197606,Quality Issue,2025-06-23
R0010804,O00197623,Changed Mind,2025-04-30
R0010805,O00197658,Quality Issue,2025-02-22
R0010806,O00197681,Changed Mind,2025-05-11
R0010807,O00197711,Damaged Item,2025-03-17
R0010808,O00197718,Size Issue,2025-02-23
R0010809,O00197751,Size Issue,2023-11-15
R0010810,O00197753,Wrong Item,2023-12-08
R0010811,O00197759,Damaged Item,2024-05-10
R0010812,O00197770,Late Delivery,2023-11-16
R0010813,O00197772,Size Issue,2024-06-09
R0010814,O00197777,Late Delivery,2023-02-05
R0010815,O00197779,Damaged Item,2023-08-09
R0010816,O00197783,Late Delivery,2023-06-10
R0010817,O00197785,Size Issue,2024-02-27
R0010818,O00197805,Wrong Item,2025-08-30
R0010819,O00197829,Late Delivery,2024-03-03
R0010820,O00197850,Changed Mind,2024-01-31
R0010821,O00197860,Damaged Item,2023-05-17
R0010822,O00197905,Wrong Item,2025-01-02
R0010823,O00197906,Damaged Item,2025-02-17
R0010824,O00197910,Quality Issue,2025-12-02
R0010825,O00197913,Wrong Item,2024-03-28
R0010826,O00197918,Damaged Item,2024-11-02
R0010827,O00197925,Damaged Item,2025-06-24
R0010828,O00197938,Changed Mind,2025-11-05
R0010829,O00197975,Size Issue,2025-11-27
R0010830,O00197979,Late Delivery,2024-04-04
R0010831,O00198027,Changed Mind,2026-01-30
R0010832,O00198034,Quality Issue,2023-12-30
R0010833,O00198054,Changed Mind,2025-09-22
R0010834,O00198073,Damaged Item,2025-06-15
R0010835,O00198076,Quality Issue,2025-09-24
R0010836,O00198115,Changed Mind,2025-09-18
R0010837,O00198127,Wrong Item,2024-06-19
R0010838,O00198162,Late Delivery,2023-09-02
R0010839,O00198199,Size Issue,2023-03-25
R0010840,O00198227,Quality Issue,2025-09-24
R0010841,O00198287,Damaged Item,2025-07-08
R0010842,O00198310,Damaged Item,2024-02-05
R0010843,O00198371,Damaged Item,2025-09-25
R0010844,O00198379,Late Delivery,2025-12-31
R0010845,O00198390,Changed Mind,2025-09-24
R0010846,O00198395,Damaged Item,2024-09-14
R0010847,O00198408,Damaged Item,2025-04-07
R0010848,O00198423,Quality Issue,2024-04-09
R0010849,O00198437,Changed Mind,2025-10-29
R0010850,O00198448,Damaged Item,2025-12-25
R0010851,O00198478,Size Issue,2023-03-11
R0010852,O00198491,Changed Mind,2025-04-01
R0010853,O00198502,Wrong Item,2026-01-05
R0010854,O00198562,Wrong Item,2026-01-05
R0010855,O00198591,Late Delivery,2025-06-04
R0010856,O00198598,Wrong Item,2025-11-25
R0010857,O00198601,Size Issue,2026-01-06
R0010858,O00198604,Late Delivery,2024-06-08
R0010859,O00198615,Damaged Item,2025-03-29
R0010860,O00198626,Size Issue,2025-11-15
R0010861,O00198657,Wrong Item,2024-09-07
R0010862,O00198660,Late Delivery,2025-07-15
R0010863,O00198665,Late Delivery,2025-09-20
R0010864,O00198698,Damaged Item,2025-12-02
R0010865,O00198755,Changed Mind,2025-12-25
R0010866,O00198794,Changed Mind,2025-12-17
R0010867,O00198816,Damaged Item,2026-01-10
R0010868,O00198849,Wrong Item,2024-10-25
R0010869,O00198904,Late Delivery,2025-08-17
R0010870,O00198952,Wrong Item,2024-01-12
R0010871,O00198972,Late Delivery,2026-01-20
R0010872,O00198981,Late Delivery,2026-01-02
R0010873,O00199008,Changed Mind,2025-08-26
R0010874,O00199014,Late Delivery,2025-10-24
R0010875,O00199015,Wrong Item,2026-01-10
R0010876,O00199019,Late Delivery,2024-03-19
R0010877,O00199038,Damaged Item,2023-02-23
R0010878,O00199095,Quality Issue,2024-11-05
R0010879,O00199102,Changed Mind,2025-01-20
R0010880,O00199123,Size Issue,2023-12-11
R0010881,O00199131,Late Delivery,2024-10-21
R0010882,O00199134,Wrong Item,2025-12-07
R0010883,O00199155,Quality Issue,2024-11-12
R0010884,O00199250,Size Issue,2024-09-25
R0010885,O00199253,Wrong Item,2023-10-07
R0010886,O00199304,Size Issue,2023-05-02
R0010887,O00199316,Quality Issue,2025-06-20
R0010888,O00199318,Quality Issue,2023-09-29
R0010889,O00199331,Size Issue,2025-03-15
R0010890,O00199333,Changed Mind,2025-12-06
R0010891,O00199335,Late Delivery,2025-06-03
R0010892,O00199338,Quality Issue,2025-01-01
R0010893,O00199342,Quality Issue,2025-09-30
